dashboard_experience,power_bi_experience,confidence,sample,line,user_id,answer_correct,no_of_steps,question_id,timestamp,selected_values,filtered_values,triggered_action,multiplicity,x,y
0,-1,-1,False,1,a10653e4-ff8c-432c-b1d8-017e2efa276d,False,4,2,1656742361624,Year.Year<categorical>,nan,Root,48,24.475645,-27.125196
0,-1,-1,False,1,a10653e4-ff8c-432c-b1d8-017e2efa276d,False,4,2,1656742365724,"NewHiresByMonth(Full-Time/Part-Time).FPDesc<categorical>, Year.Year<categorical>",nan,New Hires by Month (Full-Time/Part-Time) (lineChart) - FPDesc: Part-Time selected,2,30.047596,-29.109009
0,-1,-1,False,1,a10653e4-ff8c-432c-b1d8-017e2efa276d,False,4,2,1656742376253,"NewHiresByMonth(Full-Time/Part-Time).FPDesc<categorical>, Year.Year<categorical>",nan,Year (slicer) - Year: 2014 selected,2,45.14486,-5.5935597
0,-1,-1,False,1,a10653e4-ff8c-432c-b1d8-017e2efa276d,False,4,2,1656742387395,"NewHiresByMonth(Full-Time/Part-Time).FPDesc<categorical>, Region.Region<categorical>, Year.Year<categorical>",NewHiresByRegion.Region<categorical>,Region (slicer) - Region: East selected,39,1.6742173,9.279895
1,1,3,False,2,e8c3d443-20e8-413a-af5c-6628f20c71d1,True,4,2,1656682648016,Year.Year<categorical>,nan,Root,48,24.475645,-27.125196
1,1,3,False,2,e8c3d443-20e8-413a-af5c-6628f20c71d1,True,4,2,1656682651463,Year.Year<categorical>,nan,Year (slicer) - Year: 2014 selected,13,41.008327,-10.893308
1,1,3,False,2,e8c3d443-20e8-413a-af5c-6628f20c71d1,True,4,2,1656682658039,"Region.Region<categorical>, Year.Year<categorical>",NewHiresByRegion.Region<categorical>,Region (slicer) - Region: East selected,56,5.963731,14.215696
1,1,3,False,2,e8c3d443-20e8-413a-af5c-6628f20c71d1,True,4,2,1656682671336,"NewHiresByMonth(Full-Time/Part-Time).FPDesc<categorical>, Region.Region<categorical>, Year.Year<categorical>",NewHiresByRegion.Region<categorical>,New Hires by Month (Full-Time/Part-Time) (lineChart) - FPDesc: Part-Time selected,39,1.6742173,9.279895
1,1,4,False,3,44df4643-eb24-42ae-a494-2104cfeb0539,False,3,2,1656742535573,Year.Year<categorical>,nan,Root,48,24.475645,-27.125196
1,1,4,False,3,44df4643-eb24-42ae-a494-2104cfeb0539,False,3,2,1656742538192,"Region.Region<categorical>, Year.Year<categorical>",nan,Region (slicer) - Region: East selected,13,30.733927,-22.926088
1,1,4,False,3,44df4643-eb24-42ae-a494-2104cfeb0539,False,3,2,1656742541892,"Region.Region<categorical>, Year.Year<categorical>",NewHiresByRegion.Region<categorical>,Year (slicer) - Year: 2014 selected,56,5.963731,14.215696
0,-1,-1,False,4,9bd07c5c-8dfe-44b0-8df2-5a5634547d76,False,3,2,1656742111978,Year.Year<categorical>,nan,Root,48,24.475645,-27.125196
0,-1,-1,False,4,9bd07c5c-8dfe-44b0-8df2-5a5634547d76,False,3,2,1656742125197,"Region.Region<categorical>, Year.Year<categorical>",NewHiresByRegion.Region<categorical>,Region (slicer) - Region: East selected,14,24.358013,-2.5413804
0,-1,-1,False,4,9bd07c5c-8dfe-44b0-8df2-5a5634547d76,False,3,2,1656742173374,"Region.Region<categorical>, Year.Year<categorical>",NewHiresByRegion.Region<categorical>,Year (slicer) - Year: 2014 selected,56,5.963731,14.215696
1,0,2,False,5,e2690841-7dea-4852-993e-c322d16165a4,True,29,2,1656496439817,Year.Year<categorical>,nan,Root,48,24.475645,-27.125196
1,0,2,False,5,e2690841-7dea-4852-993e-c322d16165a4,True,29,2,1656496445519,"Region.Region<categorical>, Year.Year<categorical>",NewHiresByRegion.Region<categorical>,Region (slicer) - Region: East selected,14,24.358013,-2.5413804
1,0,2,False,5,e2690841-7dea-4852-993e-c322d16165a4,True,29,2,1656496450137,"Region.Region<categorical>, Year.Year<categorical>",NewHiresByRegion.Region<categorical>,Year (slicer) - Year: 2014 selected,56,5.963731,14.215696
1,0,2,False,5,e2690841-7dea-4852-993e-c322d16165a4,True,29,2,1656496458401,"Region.Region<categorical>, Year.Year<categorical>",NewHiresByRegion.Region<categorical>,New Hires by Month (Full-Time/Part-Time) (lineChart) - deselected,56,5.963731,14.215696
1,0,2,False,5,e2690841-7dea-4852-993e-c322d16165a4,True,29,2,1656496459207,"NewHiresByMonth(Full-Time/Part-Time).FPDesc<categorical>, Region.Region<categorical>, Year.Year<categorical>",NewHiresByRegion.Region<categorical>,New Hires by Month (Full-Time/Part-Time) (lineChart) - FPDesc: Full-Time selected,17,16.006153,17.252863
1,0,2,False,5,e2690841-7dea-4852-993e-c322d16165a4,True,29,2,1656496462060,"Region.Region<categorical>, Year.Year<categorical>",NewHiresByRegion.Region<categorical>,New Hires by Month (Full-Time/Part-Time) (lineChart) - deselected,56,5.963731,14.215696
1,0,2,False,5,e2690841-7dea-4852-993e-c322d16165a4,True,29,2,1656496464121,"NewHiresByMonth(Full-Time/Part-Time).FPDesc<categorical>, Region.Region<categorical>, Year.Year<categorical>",NewHiresByRegion.Region<categorical>,New Hires by Month (Full-Time/Part-Time) (lineChart) - FPDesc: Full-Time selected,17,16.006153,17.252863
1,0,2,False,5,e2690841-7dea-4852-993e-c322d16165a4,True,29,2,1656496465391,"Region.Region<categorical>, Year.Year<categorical>",NewHiresByRegion.Region<categorical>,New Hires by Month (Full-Time/Part-Time) (lineChart) - deselected,56,5.963731,14.215696
1,0,2,False,5,e2690841-7dea-4852-993e-c322d16165a4,True,29,2,1656496466268,"NewHiresByMonth(Full-Time/Part-Time).FPDesc<categorical>, Region.Region<categorical>, Year.Year<categorical>",NewHiresByRegion.Region<categorical>,New Hires by Month (Full-Time/Part-Time) (lineChart) - FPDesc: Full-Time selected,17,16.006153,17.252863
1,0,2,False,5,e2690841-7dea-4852-993e-c322d16165a4,True,29,2,1656496497865,"NewHiresByMonth(Full-Time/Part-Time).FPDesc<categorical>, Region.Region<categorical>, Year.Year<categorical>",NewHiresByRegion.Region<categorical>,New Hires by Month (Full-Time/Part-Time) (lineChart) - FPDesc: Part-Time selected,39,1.6742173,9.279895
1,0,2,False,5,e2690841-7dea-4852-993e-c322d16165a4,True,29,2,1656496499274,"Region.Region<categorical>, Year.Year<categorical>",NewHiresByRegion.Region<categorical>,New Hires by Month (Full-Time/Part-Time) (lineChart) - deselected,56,5.963731,14.215696
1,0,2,False,5,e2690841-7dea-4852-993e-c322d16165a4,True,29,2,1656496501769,"NewHiresByMonth(Full-Time/Part-Time).FPDesc<categorical>, Region.Region<categorical>, Year.Year<categorical>",NewHiresByRegion.Region<categorical>,New Hires by Month (Full-Time/Part-Time) (lineChart) - FPDesc: Part-Time selected,39,1.6742173,9.279895
1,0,2,False,5,e2690841-7dea-4852-993e-c322d16165a4,True,29,2,1656496503030,"NewHiresByMonth(Full-Time/Part-Time).FPDesc<categorical>, Region.Region<categorical>, Year.Year<categorical>",NewHiresByRegion.Region<categorical>,New Hires by Month (Full-Time/Part-Time) (lineChart) - FPDesc: Full-Time selected,17,16.006153,17.252863
1,0,2,False,5,e2690841-7dea-4852-993e-c322d16165a4,True,29,2,1656496506455,"Region.Region<categorical>, Year.Year<categorical>",NewHiresByRegion.Region<categorical>,New Hires by Month (Full-Time/Part-Time) (lineChart) - deselected,56,5.963731,14.215696
1,0,2,False,5,e2690841-7dea-4852-993e-c322d16165a4,True,29,2,1656496510253,"NewHiresByMonth(Full-Time/Part-Time).FPDesc<categorical>, Region.Region<categorical>, Year.Year<categorical>",NewHiresByRegion.Region<categorical>,New Hires by Month (Full-Time/Part-Time) (lineChart) - FPDesc: Part-Time selected,39,1.6742173,9.279895
1,0,2,False,5,e2690841-7dea-4852-993e-c322d16165a4,True,29,2,1656496512120,"NewHiresByMonth(Full-Time/Part-Time).FPDesc<categorical>, Region.Region<categorical>, Year.Year<categorical>",NewHiresByRegion.Region<categorical>,New Hires by Month (Full-Time/Part-Time) (lineChart) - FPDesc: Full-Time selected,17,16.006153,17.252863
1,0,2,False,5,e2690841-7dea-4852-993e-c322d16165a4,True,29,2,1656496513735,"NewHiresByMonth(Full-Time/Part-Time).FPDesc<categorical>, Region.Region<categorical>, Year.Year<categorical>",NewHiresByRegion.Region<categorical>,New Hires by Month (Full-Time/Part-Time) (lineChart) - FPDesc: Part-Time selected,39,1.6742173,9.279895
1,0,2,False,5,e2690841-7dea-4852-993e-c322d16165a4,True,29,2,1656496515411,"NewHiresByMonth(Full-Time/Part-Time).FPDesc<categorical>, Region.Region<categorical>, Year.Year<categorical>",NewHiresByRegion.Region<categorical>,New Hires by Month (Full-Time/Part-Time) (lineChart) - FPDesc: Full-Time selected,17,16.006153,17.252863
1,0,2,False,5,e2690841-7dea-4852-993e-c322d16165a4,True,29,2,1656496519313,"Region.Region<categorical>, Year.Year<categorical>",NewHiresByRegion.Region<categorical>,New Hires by Month (Full-Time/Part-Time) (lineChart) - deselected,56,5.963731,14.215696
1,0,2,False,5,e2690841-7dea-4852-993e-c322d16165a4,True,29,2,1656496526385,"NewHiresByMonth(Full-Time/Part-Time).FPDesc<categorical>, Region.Region<categorical>, Year.Year<categorical>",NewHiresByRegion.Region<categorical>,New Hires by Month (Full-Time/Part-Time) (lineChart) - FPDesc: Part-Time selected,39,1.6742173,9.279895
1,0,2,False,5,e2690841-7dea-4852-993e-c322d16165a4,True,29,2,1656496528105,"NewHiresByMonth(Full-Time/Part-Time).FPDesc<categorical>, Region.Region<categorical>, Year.Year<categorical>",NewHiresByRegion.Region<categorical>,New Hires by Month (Full-Time/Part-Time) (lineChart) - FPDesc: Full-Time selected,17,16.006153,17.252863
1,0,2,False,5,e2690841-7dea-4852-993e-c322d16165a4,True,29,2,1656496536059,"NewHiresByMonth(Full-Time/Part-Time).FPDesc<categorical>, Region.Region<categorical>, Year.Year<categorical>",NewHiresByRegion.Region<categorical>,New Hires by Month (Full-Time/Part-Time) (lineChart) - FPDesc: Part-Time selected,39,1.6742173,9.279895
1,0,2,False,5,e2690841-7dea-4852-993e-c322d16165a4,True,29,2,1656496538231,"Region.Region<categorical>, Year.Year<categorical>",NewHiresByRegion.Region<categorical>,New Hires by Month (Full-Time/Part-Time) (lineChart) - deselected,56,5.963731,14.215696
1,0,2,False,5,e2690841-7dea-4852-993e-c322d16165a4,True,29,2,1656496539910,"NewHiresByMonth(Full-Time/Part-Time).FPDesc<categorical>, Region.Region<categorical>, Year.Year<categorical>",NewHiresByRegion.Region<categorical>,New Hires by Month (Full-Time/Part-Time) (lineChart) - FPDesc: Part-Time selected,39,1.6742173,9.279895
1,0,2,False,5,e2690841-7dea-4852-993e-c322d16165a4,True,29,2,1656496541314,"Region.Region<categorical>, Year.Year<categorical>",NewHiresByRegion.Region<categorical>,New Hires by Month (Full-Time/Part-Time) (lineChart) - deselected,56,5.963731,14.215696
1,0,2,False,5,e2690841-7dea-4852-993e-c322d16165a4,True,29,2,1656496545583,"NewHiresByMonth(Full-Time/Part-Time).FPDesc<categorical>, Region.Region<categorical>, Year.Year<categorical>",NewHiresByRegion.Region<categorical>,New Hires by Month (Full-Time/Part-Time) (lineChart) - FPDesc: Full-Time selected,17,16.006153,17.252863
1,0,2,False,5,e2690841-7dea-4852-993e-c322d16165a4,True,29,2,1656496547273,"NewHiresByMonth(Full-Time/Part-Time).FPDesc<categorical>, Region.Region<categorical>, Year.Year<categorical>",NewHiresByRegion.Region<categorical>,New Hires by Month (Full-Time/Part-Time) (lineChart) - FPDesc: Part-Time selected,39,1.6742173,9.279895
1,0,2,False,5,e2690841-7dea-4852-993e-c322d16165a4,True,29,2,1656496548694,"Region.Region<categorical>, Year.Year<categorical>",NewHiresByRegion.Region<categorical>,New Hires by Month (Full-Time/Part-Time) (lineChart) - deselected,56,5.963731,14.215696
1,0,2,False,5,e2690841-7dea-4852-993e-c322d16165a4,True,29,2,1656496550209,"NewHiresByMonth(Full-Time/Part-Time).FPDesc<categorical>, Region.Region<categorical>, Year.Year<categorical>",NewHiresByRegion.Region<categorical>,New Hires by Month (Full-Time/Part-Time) (lineChart) - FPDesc: Part-Time selected,39,1.6742173,9.279895
0,-1,-1,False,6,0c6a2d5a-587b-4daf-84d8-2866f240a7a7,False,5,2,1656742312533,Year.Year<categorical>,nan,Root,48,24.475645,-27.125196
0,-1,-1,False,6,0c6a2d5a-587b-4daf-84d8-2866f240a7a7,False,5,2,1656742330492,Year.Year<categorical>,nan,Year (slicer) - Year: 2014 selected,13,41.008327,-10.893308
0,-1,-1,False,6,0c6a2d5a-587b-4daf-84d8-2866f240a7a7,False,5,2,1656742331053,Year.Year<categorical>,nan,Year (slicer) - Year: 2013 selected,48,24.475645,-27.125196
0,-1,-1,False,6,0c6a2d5a-587b-4daf-84d8-2866f240a7a7,False,5,2,1656742331780,Year.Year<categorical>,nan,Year (slicer) - Year: 2014 selected,13,41.008327,-10.893308
0,-1,-1,False,6,0c6a2d5a-587b-4daf-84d8-2866f240a7a7,False,5,2,1656742357582,"Region.Region<categorical>, Year.Year<categorical>",nan,Region (slicer) - Region: East selected,3,36.18576,2.2050834
1,1,3,False,7,98eff29b-1cce-47e3-b04d-329cb24da1fe,True,6,2,1657783943374,Year.Year<categorical>,nan,Root,48,24.475645,-27.125196
1,1,3,False,7,98eff29b-1cce-47e3-b04d-329cb24da1fe,True,6,2,1657783948858,"Region.Region<categorical>, Year.Year<categorical>",nan,Region (slicer) - Region: East selected,13,30.733927,-22.926088
1,1,3,False,7,98eff29b-1cce-47e3-b04d-329cb24da1fe,True,6,2,1657783952895,"Region.Region<categorical>, Year.Year<categorical>",NewHiresByRegion.Region<categorical>,Year (slicer) - Year: 2014 selected,56,5.963731,14.215696
1,1,3,False,7,98eff29b-1cce-47e3-b04d-329cb24da1fe,True,6,2,1657783956429,"NewHiresByMonth(Full-Time/Part-Time).FPDesc<categorical>, Region.Region<categorical>, Year.Year<categorical>",NewHiresByRegion.Region<categorical>,New Hires by Month (Full-Time/Part-Time) (lineChart) - FPDesc: Part-Time selected,39,1.6742173,9.279895
1,1,3,False,7,98eff29b-1cce-47e3-b04d-329cb24da1fe,True,6,2,1657783963717,"Region.Region<categorical>, Year.Year<categorical>",NewHiresByRegion.Region<categorical>,New Hires by Month (Full-Time/Part-Time) (lineChart) - deselected,56,5.963731,14.215696
1,1,3,False,7,98eff29b-1cce-47e3-b04d-329cb24da1fe,True,6,2,1657783964436,"NewHiresByMonth(Full-Time/Part-Time).FPDesc<categorical>, Region.Region<categorical>, Year.Year<categorical>",NewHiresByRegion.Region<categorical>,New Hires by Month (Full-Time/Part-Time) (lineChart) - FPDesc: Part-Time selected,39,1.6742173,9.279895
1,0,3,False,8,64d49517-fd06-487e-9b98-e504d669fcfe,True,10,2,1657146371054,Year.Year<categorical>,nan,Root,48,24.475645,-27.125196
1,0,3,False,8,64d49517-fd06-487e-9b98-e504d669fcfe,True,10,2,1657146397959,Year.Year<categorical>,nan,Year (slicer) - Year: 2014 selected,13,41.008327,-10.893308
1,0,3,False,8,64d49517-fd06-487e-9b98-e504d669fcfe,True,10,2,1657146399898,"Region.Region<categorical>, Year.Year<categorical>",nan,Region (slicer) - Region: East selected,3,36.18576,2.2050834
1,0,3,False,8,64d49517-fd06-487e-9b98-e504d669fcfe,True,10,2,1657146433859,"NewHiresByMonth(Full-Time/Part-Time).FPDesc<categorical>, Region.Region<categorical>, Year.Year<categorical>",NewHiresByRegion.Region<categorical>,New Hires by Month (Full-Time/Part-Time) (lineChart) - FPDesc: Full-Time selected,17,16.006153,17.252863
1,0,3,False,8,64d49517-fd06-487e-9b98-e504d669fcfe,True,10,2,1657146442216,"NewHiresByMonth(Full-Time/Part-Time).FPDesc<categorical>, Region.Region<categorical>, Year.Year<categorical>",NewHiresByRegion.Region<categorical>,New Hires by Month (Full-Time/Part-Time) (lineChart) - FPDesc: Part-Time selected,39,1.6742173,9.279895
1,0,3,False,8,64d49517-fd06-487e-9b98-e504d669fcfe,True,10,2,1657146444234,"NewHiresByMonth(Full-Time/Part-Time).FPDesc<categorical>, Region.Region<categorical>, Year.Year<categorical>",NewHiresByRegion.Region<categorical>,New Hires by Month (Full-Time/Part-Time) (lineChart) - FPDesc: Full-Time selected,17,16.006153,17.252863
1,0,3,False,8,64d49517-fd06-487e-9b98-e504d669fcfe,True,10,2,1657146444894,"Region.Region<categorical>, Year.Year<categorical>",NewHiresByRegion.Region<categorical>,New Hires by Month (Full-Time/Part-Time) (lineChart) - deselected,56,5.963731,14.215696
1,0,3,False,8,64d49517-fd06-487e-9b98-e504d669fcfe,True,10,2,1657146445787,"NewHiresByMonth(Full-Time/Part-Time).FPDesc<categorical>, Region.Region<categorical>, Year.Year<categorical>",NewHiresByRegion.Region<categorical>,New Hires by Month (Full-Time/Part-Time) (lineChart) - FPDesc: Full-Time selected,17,16.006153,17.252863
1,0,3,False,8,64d49517-fd06-487e-9b98-e504d669fcfe,True,10,2,1657146446859,"Region.Region<categorical>, Year.Year<categorical>",NewHiresByRegion.Region<categorical>,New Hires by Month (Full-Time/Part-Time) (lineChart) - deselected,56,5.963731,14.215696
1,0,3,False,8,64d49517-fd06-487e-9b98-e504d669fcfe,True,10,2,1657146448600,"NewHiresByMonth(Full-Time/Part-Time).FPDesc<categorical>, Region.Region<categorical>, Year.Year<categorical>",NewHiresByRegion.Region<categorical>,New Hires by Month (Full-Time/Part-Time) (lineChart) - FPDesc: Part-Time selected,39,1.6742173,9.279895
1,1,4,False,9,c7311241-45af-4f18-9032-4241221f8a11,True,9,2,1656427080447,Year.Year<categorical>,nan,Root,48,24.475645,-27.125196
1,1,4,False,9,c7311241-45af-4f18-9032-4241221f8a11,True,9,2,1656427093214,Year.Year<categorical>,nan,Region (slicer) - deselected,48,24.475645,-27.125196
1,1,4,False,9,c7311241-45af-4f18-9032-4241221f8a11,True,9,2,1656427096034,"Region.Region<categorical>, Year.Year<categorical>",NewHiresByRegion.Region<categorical>,Region (slicer) - Region: East selected,14,24.358013,-2.5413804
1,1,4,False,9,c7311241-45af-4f18-9032-4241221f8a11,True,9,2,1656427101725,"Region.Region<categorical>, Year.Year<categorical>",NewHiresByRegion.Region<categorical>,Year (slicer) - Year: 2014 selected,56,5.963731,14.215696
1,1,4,False,9,c7311241-45af-4f18-9032-4241221f8a11,True,9,2,1656427133045,"NewHiresByMonth(Full-Time/Part-Time).FPDesc<categorical>, Region.Region<categorical>, Year.Year<categorical>",NewHiresByRegion.Region<categorical>,New Hires by Month (Full-Time/Part-Time) (lineChart) - FPDesc: Part-Time selected,39,1.6742173,9.279895
1,1,4,False,9,c7311241-45af-4f18-9032-4241221f8a11,True,9,2,1656427167650,"NewHiresByMonth(Full-Time/Part-Time).FPDesc<categorical>, Region.Region<categorical>, Year.Year<categorical>",NewHiresByRegion.Region<categorical>,New Hires by Month (Full-Time/Part-Time) (lineChart) - FPDesc: Full-Time selected,17,16.006153,17.252863
1,1,4,False,9,c7311241-45af-4f18-9032-4241221f8a11,True,9,2,1656427170094,"NewHiresByMonth(Full-Time/Part-Time).FPDesc<categorical>, Region.Region<categorical>, Year.Year<categorical>",NewHiresByRegion.Region<categorical>,New Hires by Month (Full-Time/Part-Time) (lineChart) - FPDesc: Part-Time selected,39,1.6742173,9.279895
1,1,4,False,9,c7311241-45af-4f18-9032-4241221f8a11,True,9,2,1656427216573,"NewHiresByMonth(Full-Time/Part-Time).FPDesc<categorical>, Region.Region<categorical>, Year.Year<categorical>",NewHiresByRegion.Region<categorical>,New Hires by Month (Full-Time/Part-Time) (lineChart) - FPDesc: Full-Time selected,17,16.006153,17.252863
1,1,4,False,9,c7311241-45af-4f18-9032-4241221f8a11,True,9,2,1656427218445,"NewHiresByMonth(Full-Time/Part-Time).FPDesc<categorical>, Region.Region<categorical>, Year.Year<categorical>",NewHiresByRegion.Region<categorical>,New Hires by Month (Full-Time/Part-Time) (lineChart) - FPDesc: Part-Time selected,39,1.6742173,9.279895
1,1,3,False,10,9c820154-95c6-4cc1-a024-afd5b5ddcb1c,True,7,2,1656683005502,Year.Year<categorical>,nan,Root,48,24.475645,-27.125196
1,1,3,False,10,9c820154-95c6-4cc1-a024-afd5b5ddcb1c,True,7,2,1656683008170,"Region.Region<categorical>, Year.Year<categorical>",nan,Region (slicer) - Region: East selected,13,30.733927,-22.926088
1,1,3,False,10,9c820154-95c6-4cc1-a024-afd5b5ddcb1c,True,7,2,1656683013811,Region.Region<categorical>,NewHiresByRegion.Region<categorical>,Year (slicer) - deselected,1,17.401487,-15.821622
1,1,3,False,10,9c820154-95c6-4cc1-a024-afd5b5ddcb1c,True,7,2,1656683014625,"Region.Region<categorical>, Year.Year<categorical>",NewHiresByRegion.Region<categorical>,Year (slicer) - Year: 2014 selected,56,5.963731,14.215696
1,1,3,False,10,9c820154-95c6-4cc1-a024-afd5b5ddcb1c,True,7,2,1656683017964,"NewHiresByMonth(Full-Time/Part-Time).FPDesc<categorical>, Region.Region<categorical>, Year.Year<categorical>",NewHiresByRegion.Region<categorical>,New Hires by Month (Full-Time/Part-Time) (lineChart) - FPDesc: Part-Time selected,39,1.6742173,9.279895
1,1,3,False,10,9c820154-95c6-4cc1-a024-afd5b5ddcb1c,True,7,2,1656683020876,"Region.Region<categorical>, Year.Year<categorical>",NewHiresByRegion.Region<categorical>,New Hires by Month (Full-Time/Part-Time) (lineChart) - deselected,56,5.963731,14.215696
1,1,3,False,10,9c820154-95c6-4cc1-a024-afd5b5ddcb1c,True,7,2,1656683022101,"NewHiresByMonth(Full-Time/Part-Time).FPDesc<categorical>, Region.Region<categorical>, Year.Year<categorical>",NewHiresByRegion.Region<categorical>,New Hires by Month (Full-Time/Part-Time) (lineChart) - FPDesc: Part-Time selected,39,1.6742173,9.279895
0,-1,-1,False,11,d3b00202-075e-4561-9355-45df133c1cd9,False,8,2,1656742391907,Year.Year<categorical>,nan,Root,48,24.475645,-27.125196
0,-1,-1,False,11,d3b00202-075e-4561-9355-45df133c1cd9,False,8,2,1656742396701,nan,nan,Year (slicer) - deselected,2,25.159264,-18.815397
0,-1,-1,False,11,d3b00202-075e-4561-9355-45df133c1cd9,False,8,2,1656742397046,Year.Year<categorical>,nan,Year (slicer) - Year: 2014 selected,13,41.008327,-10.893308
0,-1,-1,False,11,d3b00202-075e-4561-9355-45df133c1cd9,False,8,2,1656742407731,"Region.Region<categorical>, Year.Year<categorical>",NewHiresByRegion.Region<categorical>,Region (slicer) - Region: East selected,56,5.963731,14.215696
0,-1,-1,False,11,d3b00202-075e-4561-9355-45df133c1cd9,False,8,2,1656742429654,"NewHiresByMonth(Full-Time/Part-Time).Month<categorical>, NewHiresByMonth(Full-Time/Part-Time).FPDesc<categorical>, Region.Region<categorical>, Year.Year<categorical>",NewHiresByRegion.Region<categorical>,New Hires by Month (Full-Time/Part-Time) (lineChart) - Month: Sep. FPDesc: Part-Time selected,1,-9.527085,8.381253
0,-1,-1,False,11,d3b00202-075e-4561-9355-45df133c1cd9,False,8,2,1656742432226,"NewHiresByMonth(Full-Time/Part-Time).Month<categorical>, NewHiresByMonth(Full-Time/Part-Time).FPDesc<categorical>, Region.Region<categorical>, Year.Year<categorical>",NewHiresByRegion.Region<categorical>,New Hires by Month (Full-Time/Part-Time) (lineChart) - Month: Jan. FPDesc: Part-Time selected,1,2.375686,3.129167
0,-1,-1,False,11,d3b00202-075e-4561-9355-45df133c1cd9,False,8,2,1656742439856,"Region.Region<categorical>, Year.Year<categorical>",NewHiresByRegion.Region<categorical>,New Hires by Month (Full-Time/Part-Time) (lineChart) - deselected,56,5.963731,14.215696
0,-1,-1,False,11,d3b00202-075e-4561-9355-45df133c1cd9,False,8,2,1656742445887,"NewHiresByMonth(Full-Time/Part-Time).Month<categorical>, NewHiresByMonth(Full-Time/Part-Time).FPDesc<categorical>, Region.Region<categorical>, Year.Year<categorical>",NewHiresByRegion.Region<categorical>,New Hires by Month (Full-Time/Part-Time) (lineChart) - Month: Dec. FPDesc: Part-Time selected,5,-3.2323446,4.920907
0,-1,-1,False,12,37bca741-eec1-40eb-942f-33a5ff1c5319,False,2,2,1656742182186,Year.Year<categorical>,nan,Root,48,24.475645,-27.125196
0,-1,-1,False,12,37bca741-eec1-40eb-942f-33a5ff1c5319,False,2,2,1656742213140,Year.Year<categorical>,nan,Year (slicer) - Year: 2014 selected,13,41.008327,-10.893308
1,0,5,False,13,9d7c809e-c5c3-4dab-aad6-06ab83d0b681,True,4,2,1657570586149,Year.Year<categorical>,nan,Root,48,24.475645,-27.125196
1,0,5,False,13,9d7c809e-c5c3-4dab-aad6-06ab83d0b681,True,4,2,1657570588731,"Region.Region<categorical>, Year.Year<categorical>",NewHiresByRegion.Region<categorical>,Region (slicer) - Region: East selected,14,24.358013,-2.5413804
1,0,5,False,13,9d7c809e-c5c3-4dab-aad6-06ab83d0b681,True,4,2,1657570593664,"Region.Region<categorical>, Year.Year<categorical>",NewHiresByRegion.Region<categorical>,Year (slicer) - Year: 2014 selected,56,5.963731,14.215696
1,0,5,False,13,9d7c809e-c5c3-4dab-aad6-06ab83d0b681,True,4,2,1657570637180,"NewHiresAndNewHiresSamePeriodLastYear(SPLY).Month<categorical>, Region.Region<categorical>, Year.Year<categorical>",NewHiresByRegion.Region<categorical>,"New Hires and New Hires Same Period Last Year (SPLY) (clusteredColumnChart) - Month: Jan, Feb, Mar, Apr, May, Jun, Jul, Aug, Sep, Oct, Nov, Dec, Jan, Feb, Mar, Apr, May, Jun, Jul, Aug, Sep, Oct, Nov, Dec selected",1,26.442749,23.57475
1,1,3,False,14,00f7ffd3-5ed9-41ed-be64-568ef8ad1979,True,6,2,1656742566242,Year.Year<categorical>,nan,Root,48,24.475645,-27.125196
1,1,3,False,14,00f7ffd3-5ed9-41ed-be64-568ef8ad1979,True,6,2,1656742582128,"Region.Region<categorical>, Year.Year<categorical>",NewHiresByRegion.Region<categorical>,Region (slicer) - Region: East selected,14,24.358013,-2.5413804
1,1,3,False,14,00f7ffd3-5ed9-41ed-be64-568ef8ad1979,True,6,2,1656742584185,"Region.Region<categorical>, Year.Year<categorical>",NewHiresByRegion.Region<categorical>,Year (slicer) - Year: 2014 selected,56,5.963731,14.215696
1,1,3,False,14,00f7ffd3-5ed9-41ed-be64-568ef8ad1979,True,6,2,1656742589719,"NewHiresByMonth(Full-Time/Part-Time).FPDesc<categorical>, Region.Region<categorical>, Year.Year<categorical>",NewHiresByRegion.Region<categorical>,New Hires by Month (Full-Time/Part-Time) (lineChart) - FPDesc: Part-Time selected,39,1.6742173,9.279895
1,1,3,False,14,00f7ffd3-5ed9-41ed-be64-568ef8ad1979,True,6,2,1656742595135,"Region.Region<categorical>, Year.Year<categorical>",NewHiresByRegion.Region<categorical>,New Hires by Month (Full-Time/Part-Time) (lineChart) - deselected,56,5.963731,14.215696
1,1,3,False,14,00f7ffd3-5ed9-41ed-be64-568ef8ad1979,True,6,2,1656742597467,"NewHiresByMonth(Full-Time/Part-Time).FPDesc<categorical>, Region.Region<categorical>, Year.Year<categorical>",NewHiresByRegion.Region<categorical>,New Hires by Month (Full-Time/Part-Time) (lineChart) - FPDesc: Part-Time selected,39,1.6742173,9.279895
1,1,2,False,15,8b504c0b-db88-4ccb-b3bc-98b5de4e735c,True,4,2,1656682628446,Year.Year<categorical>,nan,Root,48,24.475645,-27.125196
1,1,2,False,15,8b504c0b-db88-4ccb-b3bc-98b5de4e735c,True,4,2,1656682631996,Year.Year<categorical>,nan,Year (slicer) - Year: 2014 selected,13,41.008327,-10.893308
1,1,2,False,15,8b504c0b-db88-4ccb-b3bc-98b5de4e735c,True,4,2,1656682633582,"NewHiresByMonth(Full-Time/Part-Time).FPDesc<categorical>, Year.Year<categorical>",nan,New Hires by Month (Full-Time/Part-Time) (lineChart) - FPDesc: Part-Time selected,2,45.14486,-5.5935597
1,1,2,False,15,8b504c0b-db88-4ccb-b3bc-98b5de4e735c,True,4,2,1656682638202,"NewHiresByMonth(Full-Time/Part-Time).FPDesc<categorical>, Region.Region<categorical>, Year.Year<categorical>",nan,Region (slicer) - Region: East selected,1,38.90605,-4.344822
1,1,4,False,16,1edfdae6-d0ff-40e3-87f6-346e93436094,True,8,2,1656682694235,Year.Year<categorical>,nan,Root,48,24.475645,-27.125196
1,1,4,False,16,1edfdae6-d0ff-40e3-87f6-346e93436094,True,8,2,1656682698725,"Region.Region<categorical>, Year.Year<categorical>",nan,Region (slicer) - Region: East selected,13,30.733927,-22.926088
1,1,4,False,16,1edfdae6-d0ff-40e3-87f6-346e93436094,True,8,2,1656682701363,"Region.Region<categorical>, Year.Year<categorical>",NewHiresByRegion.Region<categorical>,Year (slicer) - Year: 2014 selected,56,5.963731,14.215696
1,1,4,False,16,1edfdae6-d0ff-40e3-87f6-346e93436094,True,8,2,1656682717559,"NewHiresByRegion.Region<categorical>, Region.Region<categorical>, Year.Year<categorical>",NewHiresByRegion.Region<categorical>,"New Hires by Region (clusteredBarChart) - Region: East, East selected",4,13.497189,7.0044236
1,1,4,False,16,1edfdae6-d0ff-40e3-87f6-346e93436094,True,8,2,1656682727937,"NewHiresByRegion.Region<categorical>, Ethnicity.Ethnicity<categorical>, Region.Region<categorical>, Year.Year<categorical>",NewHiresByRegion.Region<categorical>,Ethnicity (slicer) - Ethnicity: Group A selected,1,21.28634,12.951734
1,1,4,False,16,1edfdae6-d0ff-40e3-87f6-346e93436094,True,8,2,1656682728980,"NewHiresByRegion.Region<categorical>, Region.Region<categorical>, Year.Year<categorical>",NewHiresByRegion.Region<categorical>,Ethnicity (slicer) - deselected,4,13.497189,7.0044236
1,1,4,False,16,1edfdae6-d0ff-40e3-87f6-346e93436094,True,8,2,1656682736042,"NewHiresByMonth(Full-Time/Part-Time).FPDesc<categorical>, Region.Region<categorical>, Year.Year<categorical>",NewHiresByRegion.Region<categorical>,New Hires by Month (Full-Time/Part-Time) (lineChart) - FPDesc: Part-Time selected,39,1.6742173,9.279895
1,1,4,False,16,1edfdae6-d0ff-40e3-87f6-346e93436094,True,8,2,1656682773928,"NewHiresByMonth(Full-Time/Part-Time).FPDesc<categorical>, Region.Region<categorical>, Year.Year<categorical>",NewHiresByRegion.Region<categorical>,New Hires by Month (Full-Time/Part-Time) (lineChart) - FPDesc: Part-Time selected,39,1.6742173,9.279895
1,0,4,False,17,842a466b-60c4-4153-a9b7-63ed026886f9,True,30,2,1657537695237,Year.Year<categorical>,nan,Root,48,24.475645,-27.125196
1,0,4,False,17,842a466b-60c4-4153-a9b7-63ed026886f9,True,30,2,1657537707136,"Region.Region<categorical>, Year.Year<categorical>",nan,Region (slicer) - Region: East selected,13,30.733927,-22.926088
1,0,4,False,17,842a466b-60c4-4153-a9b7-63ed026886f9,True,30,2,1657537713123,"Region.Region<categorical>, Year.Year<categorical>",NewHiresByRegion.Region<categorical>,Year (slicer) - Year: 2014 selected,56,5.963731,14.215696
1,0,4,False,17,842a466b-60c4-4153-a9b7-63ed026886f9,True,30,2,1657537735947,"NewHiresByMonth(Full-Time/Part-Time).Month<categorical>, NewHiresByMonth(Full-Time/Part-Time).FPDesc<categorical>, Region.Region<categorical>, Year.Year<categorical>",NewHiresByRegion.Region<categorical>,New Hires by Month (Full-Time/Part-Time) (lineChart) - Month: Dec. FPDesc: Part-Time selected,5,-3.2323446,4.920907
1,0,4,False,17,842a466b-60c4-4153-a9b7-63ed026886f9,True,30,2,1657537741947,"Region.Region<categorical>, Year.Year<categorical>",NewHiresByRegion.Region<categorical>,New Hires by Month (Full-Time/Part-Time) (lineChart) - deselected,56,5.963731,14.215696
1,0,4,False,17,842a466b-60c4-4153-a9b7-63ed026886f9,True,30,2,1657537743626,"NewHiresByMonth(Full-Time/Part-Time).Month<categorical>, NewHiresByMonth(Full-Time/Part-Time).FPDesc<categorical>, Region.Region<categorical>, Year.Year<categorical>",NewHiresByRegion.Region<categorical>,New Hires by Month (Full-Time/Part-Time) (lineChart) - Month: Dec. FPDesc: Part-Time selected,5,-3.2323446,4.920907
1,0,4,False,17,842a466b-60c4-4153-a9b7-63ed026886f9,True,30,2,1657537745843,"Region.Region<categorical>, Year.Year<categorical>",NewHiresByRegion.Region<categorical>,New Hires by Month (Full-Time/Part-Time) (lineChart) - deselected,56,5.963731,14.215696
1,0,4,False,17,842a466b-60c4-4153-a9b7-63ed026886f9,True,30,2,1657537747806,"NewHiresByMonth(Full-Time/Part-Time).Month<categorical>, NewHiresByMonth(Full-Time/Part-Time).FPDesc<categorical>, Region.Region<categorical>, Year.Year<categorical>",NewHiresByRegion.Region<categorical>,New Hires by Month (Full-Time/Part-Time) (lineChart) - Month: Dec. FPDesc: Full-Time selected,3,8.536949,1.3776582
1,0,4,False,17,842a466b-60c4-4153-a9b7-63ed026886f9,True,30,2,1657537754783,"Region.Region<categorical>, Year.Year<categorical>",NewHiresByRegion.Region<categorical>,New Hires by Month (Full-Time/Part-Time) (lineChart) - deselected,56,5.963731,14.215696
1,0,4,False,17,842a466b-60c4-4153-a9b7-63ed026886f9,True,30,2,1657537755321,"NewHiresByMonth(Full-Time/Part-Time).Month<categorical>, NewHiresByMonth(Full-Time/Part-Time).FPDesc<categorical>, Region.Region<categorical>, Year.Year<categorical>",NewHiresByRegion.Region<categorical>,New Hires by Month (Full-Time/Part-Time) (lineChart) - Month: Dec. FPDesc: Full-Time selected,3,8.536949,1.3776582
1,0,4,False,17,842a466b-60c4-4153-a9b7-63ed026886f9,True,30,2,1657537756730,"Region.Region<categorical>, Year.Year<categorical>",NewHiresByRegion.Region<categorical>,New Hires by Month (Full-Time/Part-Time) (lineChart) - deselected,56,5.963731,14.215696
1,0,4,False,17,842a466b-60c4-4153-a9b7-63ed026886f9,True,30,2,1657537764197,"NewHiresByMonth(Full-Time/Part-Time).Month<categorical>, NewHiresByMonth(Full-Time/Part-Time).FPDesc<categorical>, Region.Region<categorical>, Year.Year<categorical>",NewHiresByRegion.Region<categorical>,New Hires by Month (Full-Time/Part-Time) (lineChart) - Month: Dec. FPDesc: Full-Time selected,3,8.536949,1.3776582
1,0,4,False,17,842a466b-60c4-4153-a9b7-63ed026886f9,True,30,2,1657537777036,"NewHiresByMonth(Full-Time/Part-Time).Month<categorical>, NewHiresByMonth(Full-Time/Part-Time).FPDesc<categorical>, Region.Region<categorical>, Year.Year<categorical>",NewHiresByRegion.Region<categorical>,New Hires by Month (Full-Time/Part-Time) (lineChart) - Month: Dec. FPDesc: Part-Time selected,5,-3.2323446,4.920907
1,0,4,False,17,842a466b-60c4-4153-a9b7-63ed026886f9,True,30,2,1657537792047,"NewHiresByMonth(Full-Time/Part-Time).Month<categorical>, NewHiresByMonth(Full-Time/Part-Time).FPDesc<categorical>, Region.Region<categorical>, Year.Year<categorical>",NewHiresByRegion.Region<categorical>,"New Hires by Month (Full-Time/Part-Time) (lineChart) - Month: Jan, Feb, Mar, Apr, May, Jun, Jul, Aug, Sep, Oct, Nov. FPDesc: Part-Time, Part-Time, Part-Time, Part-Time, Part-Time, Part-Time, Part-Time, Part-Time, Part-Time, Part-Time, Part-Time selected",3,-51.407047,-8.571071
1,0,4,False,17,842a466b-60c4-4153-a9b7-63ed026886f9,True,30,2,1657537793968,"NewHiresByMonth(Full-Time/Part-Time).Month<categorical>, NewHiresByMonth(Full-Time/Part-Time).FPDesc<categorical>, Region.Region<categorical>, Year.Year<categorical>",NewHiresByRegion.Region<categorical>,"New Hires by Month (Full-Time/Part-Time) (lineChart) - Month: Jan, Feb, Mar, Apr, May, Jun, Jul, Aug, Sep, Oct, Nov, Dec. FPDesc: Part-Time, Part-Time, Part-Time, Part-Time, Part-Time, Part-Time, Part-Time, Part-Time, Part-Time, Part-Time, Part-Time, Part-Time selected",3,-45.520435,-5.99448
1,0,4,False,17,842a466b-60c4-4153-a9b7-63ed026886f9,True,30,2,1657537803598,"NewHiresByMonth(Full-Time/Part-Time).Month<categorical>, NewHiresByMonth(Full-Time/Part-Time).FPDesc<categorical>, Region.Region<categorical>, Year.Year<categorical>",NewHiresByRegion.Region<categorical>,"New Hires by Month (Full-Time/Part-Time) (lineChart) - Month: Jan, Feb, Mar, Apr, May, Jun, Jul, Aug, Sep, Oct, Nov. FPDesc: Part-Time, Part-Time, Part-Time, Part-Time, Part-Time, Part-Time, Part-Time, Part-Time, Part-Time, Part-Time, Part-Time selected",3,-51.407047,-8.571071
1,0,4,False,17,842a466b-60c4-4153-a9b7-63ed026886f9,True,30,2,1657537805076,"NewHiresByMonth(Full-Time/Part-Time).Month<categorical>, NewHiresByMonth(Full-Time/Part-Time).FPDesc<categorical>, Region.Region<categorical>, Year.Year<categorical>",NewHiresByRegion.Region<categorical>,"New Hires by Month (Full-Time/Part-Time) (lineChart) - Month: Jan, Feb, Mar, Apr, May, Jun, Jul, Aug, Sep, Oct, Nov, Dec. FPDesc: Part-Time, Part-Time, Part-Time, Part-Time, Part-Time, Part-Time, Part-Time, Part-Time, Part-Time, Part-Time, Part-Time, Part-Time selected",3,-45.520435,-5.99448
1,0,4,False,17,842a466b-60c4-4153-a9b7-63ed026886f9,True,30,2,1657537819992,"NewHiresByMonth(Full-Time/Part-Time).Month<categorical>, NewHiresByMonth(Full-Time/Part-Time).FPDesc<categorical>, Region.Region<categorical>, Year.Year<categorical>",NewHiresByRegion.Region<categorical>,New Hires by Month (Full-Time/Part-Time) (lineChart) - Month: Dec. FPDesc: Part-Time selected,5,-3.2323446,4.920907
1,0,4,False,17,842a466b-60c4-4153-a9b7-63ed026886f9,True,30,2,1657537823563,"NewHiresByMonth(Full-Time/Part-Time).Month<categorical>, NewHiresByMonth(Full-Time/Part-Time).FPDesc<categorical>, Region.Region<categorical>, Year.Year<categorical>",NewHiresByRegion.Region<categorical>,"New Hires by Month (Full-Time/Part-Time) (lineChart) - Month: Dec, Nov. FPDesc: Part-Time, Part-Time selected",1,-10.70837,-3.8435287
1,0,4,False,17,842a466b-60c4-4153-a9b7-63ed026886f9,True,30,2,1657537824848,"NewHiresByMonth(Full-Time/Part-Time).Month<categorical>, NewHiresByMonth(Full-Time/Part-Time).FPDesc<categorical>, Region.Region<categorical>, Year.Year<categorical>",NewHiresByRegion.Region<categorical>,"New Hires by Month (Full-Time/Part-Time) (lineChart) - Month: Dec, Nov, Sep. FPDesc: Part-Time, Part-Time, Part-Time selected",1,-15.777308,1.9496537
1,0,4,False,17,842a466b-60c4-4153-a9b7-63ed026886f9,True,30,2,1657537825816,"NewHiresByMonth(Full-Time/Part-Time).Month<categorical>, NewHiresByMonth(Full-Time/Part-Time).FPDesc<categorical>, Region.Region<categorical>, Year.Year<categorical>",NewHiresByRegion.Region<categorical>,"New Hires by Month (Full-Time/Part-Time) (lineChart) - Month: Dec, Nov, Sep, Aug. FPDesc: Part-Time, Part-Time, Part-Time, Part-Time selected",1,-22.597792,0.3522368
1,0,4,False,17,842a466b-60c4-4153-a9b7-63ed026886f9,True,30,2,1657537826963,"NewHiresByMonth(Full-Time/Part-Time).Month<categorical>, NewHiresByMonth(Full-Time/Part-Time).FPDesc<categorical>, Region.Region<categorical>, Year.Year<categorical>",NewHiresByRegion.Region<categorical>,"New Hires by Month (Full-Time/Part-Time) (lineChart) - Month: Dec, Nov, Sep, Aug, Jun. FPDesc: Part-Time, Part-Time, Part-Time, Part-Time, Part-Time selected",1,-34.859924,14.175379
1,0,4,False,17,842a466b-60c4-4153-a9b7-63ed026886f9,True,30,2,1657537827867,"NewHiresByMonth(Full-Time/Part-Time).Month<categorical>, NewHiresByMonth(Full-Time/Part-Time).FPDesc<categorical>, Region.Region<categorical>, Year.Year<categorical>",NewHiresByRegion.Region<categorical>,"New Hires by Month (Full-Time/Part-Time) (lineChart) - Month: Dec, Nov, Sep, Aug, Jun, May. FPDesc: Part-Time, Part-Time, Part-Time, Part-Time, Part-Time, Part-Time selected",1,-39.36313,9.928749
1,0,4,False,17,842a466b-60c4-4153-a9b7-63ed026886f9,True,30,2,1657537828893,"NewHiresByMonth(Full-Time/Part-Time).Month<categorical>, NewHiresByMonth(Full-Time/Part-Time).FPDesc<categorical>, Region.Region<categorical>, Year.Year<categorical>",NewHiresByRegion.Region<categorical>,"New Hires by Month (Full-Time/Part-Time) (lineChart) - Month: Dec, Nov, Sep, Aug, Jun, May, Apr. FPDesc: Part-Time, Part-Time, Part-Time, Part-Time, Part-Time, Part-Time, Part-Time selected",1,-45.58927,11.634325
1,0,4,False,17,842a466b-60c4-4153-a9b7-63ed026886f9,True,30,2,1657537829907,"NewHiresByMonth(Full-Time/Part-Time).Month<categorical>, NewHiresByMonth(Full-Time/Part-Time).FPDesc<categorical>, Region.Region<categorical>, Year.Year<categorical>",NewHiresByRegion.Region<categorical>,"New Hires by Month (Full-Time/Part-Time) (lineChart) - Month: Dec, Nov, Sep, Aug, Jun, May, Apr, Mar. FPDesc: Part-Time, Part-Time, Part-Time, Part-Time, Part-Time, Part-Time, Part-Time, Part-Time selected",1,-44.975624,4.9784927
1,0,4,False,17,842a466b-60c4-4153-a9b7-63ed026886f9,True,30,2,1657537830760,"NewHiresByMonth(Full-Time/Part-Time).Month<categorical>, NewHiresByMonth(Full-Time/Part-Time).FPDesc<categorical>, Region.Region<categorical>, Year.Year<categorical>",NewHiresByRegion.Region<categorical>,"New Hires by Month (Full-Time/Part-Time) (lineChart) - Month: Dec, Nov, Sep, Aug, Jun, May, Apr, Mar, Feb. FPDesc: Part-Time, Part-Time, Part-Time, Part-Time, Part-Time, Part-Time, Part-Time, Part-Time, Part-Time selected",1,-54.792866,-0.34474307
1,0,4,False,17,842a466b-60c4-4153-a9b7-63ed026886f9,True,30,2,1657537832065,"NewHiresByMonth(Full-Time/Part-Time).Month<categorical>, NewHiresByMonth(Full-Time/Part-Time).FPDesc<categorical>, Region.Region<categorical>, Year.Year<categorical>",NewHiresByRegion.Region<categorical>,"New Hires by Month (Full-Time/Part-Time) (lineChart) - Month: Dec, Nov, Sep, Aug, Jun, May, Apr, Mar, Feb, Jan. FPDesc: Part-Time, Part-Time, Part-Time, Part-Time, Part-Time, Part-Time, Part-Time, Part-Time, Part-Time, Part-Time selected",1,-51.8972,5.884062
1,0,4,False,17,842a466b-60c4-4153-a9b7-63ed026886f9,True,30,2,1657537836454,"NewHiresByMonth(Full-Time/Part-Time).Month<categorical>, NewHiresByMonth(Full-Time/Part-Time).FPDesc<categorical>, Region.Region<categorical>, Year.Year<categorical>",NewHiresByRegion.Region<categorical>,"New Hires by Month (Full-Time/Part-Time) (lineChart) - Month: Dec, Nov, Sep, Aug, Jun, May, Apr, Mar, Feb, Jan, Jul. FPDesc: Part-Time, Part-Time, Part-Time, Part-Time, Part-Time, Part-Time, Part-Time, Part-Time, Part-Time, Part-Time, Part-Time selected",1,-48.559784,-0.79394513
1,0,4,False,17,842a466b-60c4-4153-a9b7-63ed026886f9,True,30,2,1657537841305,"NewHiresByMonth(Full-Time/Part-Time).Month<categorical>, NewHiresByMonth(Full-Time/Part-Time).FPDesc<categorical>, Region.Region<categorical>, Year.Year<categorical>",NewHiresByRegion.Region<categorical>,"New Hires by Month (Full-Time/Part-Time) (lineChart) - Month: Jan, Feb, Mar, Apr, May, Jun, Jul, Aug, Sep, Oct, Nov. FPDesc: Part-Time, Part-Time, Part-Time, Part-Time, Part-Time, Part-Time, Part-Time, Part-Time, Part-Time, Part-Time, Part-Time selected",3,-51.407047,-8.571071
1,0,4,False,17,842a466b-60c4-4153-a9b7-63ed026886f9,True,30,2,1657537843390,"NewHiresByMonth(Full-Time/Part-Time).Month<categorical>, NewHiresByMonth(Full-Time/Part-Time).FPDesc<categorical>, Region.Region<categorical>, Year.Year<categorical>",NewHiresByRegion.Region<categorical>,"New Hires by Month (Full-Time/Part-Time) (lineChart) - Month: Jan, Feb, Mar, Apr, May, Jun, Jul, Aug, Sep, Oct, Nov, Dec. FPDesc: Part-Time, Part-Time, Part-Time, Part-Time, Part-Time, Part-Time, Part-Time, Part-Time, Part-Time, Part-Time, Part-Time, Part-Time selected",3,-45.520435,-5.99448
0,-1,-1,False,18,28a1672b-d149-4cef-aec9-cff195c392dd,True,11,2,1657540677913,Year.Year<categorical>,nan,Root,48,24.475645,-27.125196
0,-1,-1,False,18,28a1672b-d149-4cef-aec9-cff195c392dd,True,11,2,1657540692026,"Region.Region<categorical>, Year.Year<categorical>",NewHiresByRegion.Region<categorical>,Region (slicer) - Region: East selected,14,24.358013,-2.5413804
0,-1,-1,False,18,28a1672b-d149-4cef-aec9-cff195c392dd,True,11,2,1657540695230,"Region.Region<categorical>, Year.Year<categorical>",NewHiresByRegion.Region<categorical>,Year (slicer) - Year: 2014 selected,56,5.963731,14.215696
0,-1,-1,False,18,28a1672b-d149-4cef-aec9-cff195c392dd,True,11,2,1657540720822,"NewHiresByMonth(Full-Time/Part-Time).FPDesc<categorical>, Region.Region<categorical>, Year.Year<categorical>",NewHiresByRegion.Region<categorical>,New Hires by Month (Full-Time/Part-Time) (lineChart) - FPDesc: Part-Time selected,39,1.6742173,9.279895
0,-1,-1,False,18,28a1672b-d149-4cef-aec9-cff195c392dd,True,11,2,1657540729504,"NewHiresByMonth(Full-Time/Part-Time).Month<categorical>, NewHiresByMonth(Full-Time/Part-Time).FPDesc<categorical>, Region.Region<categorical>, Year.Year<categorical>",NewHiresByRegion.Region<categorical>,New Hires by Month (Full-Time/Part-Time) (lineChart) - Month: Jul. FPDesc: Full-Time selected,1,9.288824,25.767366
0,-1,-1,False,18,28a1672b-d149-4cef-aec9-cff195c392dd,True,11,2,1657540731530,"NewHiresByMonth(Full-Time/Part-Time).Month<categorical>, NewHiresByMonth(Full-Time/Part-Time).FPDesc<categorical>, Region.Region<categorical>, Year.Year<categorical>",NewHiresByRegion.Region<categorical>,New Hires by Month (Full-Time/Part-Time) (lineChart) - Month: Jun. FPDesc: Full-Time selected,2,9.891036,19.072847
0,-1,-1,False,18,28a1672b-d149-4cef-aec9-cff195c392dd,True,11,2,1657540732987,"Region.Region<categorical>, Year.Year<categorical>",NewHiresByRegion.Region<categorical>,New Hires by Month (Full-Time/Part-Time) (lineChart) - deselected,56,5.963731,14.215696
0,-1,-1,False,18,28a1672b-d149-4cef-aec9-cff195c392dd,True,11,2,1657540735990,"NewHiresByMonth(Full-Time/Part-Time).Month<categorical>, NewHiresByMonth(Full-Time/Part-Time).FPDesc<categorical>, Region.Region<categorical>, Year.Year<categorical>",NewHiresByRegion.Region<categorical>,New Hires by Month (Full-Time/Part-Time) (lineChart) - Month: Jun. FPDesc: Full-Time selected,2,9.891036,19.072847
0,-1,-1,False,18,28a1672b-d149-4cef-aec9-cff195c392dd,True,11,2,1657540738541,"NewHiresByMonth(Full-Time/Part-Time).Month<categorical>, NewHiresByMonth(Full-Time/Part-Time).FPDesc<categorical>, Region.Region<categorical>, Year.Year<categorical>",NewHiresByRegion.Region<categorical>,New Hires by Month (Full-Time/Part-Time) (lineChart) - Month: Jun. FPDesc: Part-Time selected,1,-1.5131145,-2.1419668
0,-1,-1,False,18,28a1672b-d149-4cef-aec9-cff195c392dd,True,11,2,1657540739767,"Region.Region<categorical>, Year.Year<categorical>",NewHiresByRegion.Region<categorical>,New Hires by Month (Full-Time/Part-Time) (lineChart) - deselected,56,5.963731,14.215696
0,-1,-1,False,18,28a1672b-d149-4cef-aec9-cff195c392dd,True,11,2,1657540744189,"NewHiresByMonth(Full-Time/Part-Time).FPDesc<categorical>, Region.Region<categorical>, Year.Year<categorical>",NewHiresByRegion.Region<categorical>,New Hires by Month (Full-Time/Part-Time) (lineChart) - FPDesc: Part-Time selected,39,1.6742173,9.279895
1,1,3,False,19,239bc4b6-2df5-4aff-ae7b-b92123c13b66,False,3,2,1656742401268,Year.Year<categorical>,nan,Root,48,24.475645,-27.125196
1,1,3,False,19,239bc4b6-2df5-4aff-ae7b-b92123c13b66,False,3,2,1656742405948,"Region.Region<categorical>, Year.Year<categorical>",nan,Region (slicer) - Region: East selected,13,30.733927,-22.926088
1,1,3,False,19,239bc4b6-2df5-4aff-ae7b-b92123c13b66,False,3,2,1656742409342,"Region.Region<categorical>, Year.Year<categorical>",NewHiresByRegion.Region<categorical>,Year (slicer) - Year: 2014 selected,56,5.963731,14.215696
1,1,4,False,20,4f9357bf-3b2e-4149-b186-176ed893b113,True,4,2,1656682881850,Year.Year<categorical>,nan,Root,48,24.475645,-27.125196
1,1,4,False,20,4f9357bf-3b2e-4149-b186-176ed893b113,True,4,2,1656682883382,"Region.Region<categorical>, Year.Year<categorical>",NewHiresByRegion.Region<categorical>,Region (slicer) - Region: East selected,14,24.358013,-2.5413804
1,1,4,False,20,4f9357bf-3b2e-4149-b186-176ed893b113,True,4,2,1656682887322,"NewHiresByMonth(Full-Time/Part-Time).FPDesc<categorical>, Region.Region<categorical>, Year.Year<categorical>",NewHiresByRegion.Region<categorical>,New Hires by Month (Full-Time/Part-Time) (lineChart) - FPDesc: Part-Time selected,5,34.175896,-33.9984
1,1,4,False,20,4f9357bf-3b2e-4149-b186-176ed893b113,True,4,2,1656682893403,"NewHiresByMonth(Full-Time/Part-Time).FPDesc<categorical>, Region.Region<categorical>, Year.Year<categorical>",NewHiresByRegion.Region<categorical>,Year (slicer) - Year: 2014 selected,39,1.6742173,9.279895
0,-1,-1,False,21,53ccd7c5-abcc-491d-a88e-7da21d5fe18f,True,3,2,1656742426952,Year.Year<categorical>,nan,Root,48,24.475645,-27.125196
0,-1,-1,False,21,53ccd7c5-abcc-491d-a88e-7da21d5fe18f,True,3,2,1656742429446,Year.Year<categorical>,nan,Year (slicer) - Year: 2014 selected,13,41.008327,-10.893308
0,-1,-1,False,21,53ccd7c5-abcc-491d-a88e-7da21d5fe18f,True,3,2,1656742433774,"Region.Region<categorical>, Year.Year<categorical>",NewHiresByRegion.Region<categorical>,Region (slicer) - Region: East selected,56,5.963731,14.215696
1,1,4,False,22,a82f1557-7a15-4ebd-8ac1-e16e97832ce8,True,11,2,1656672122132,Year.Year<categorical>,nan,Root,48,24.475645,-27.125196
1,1,4,False,22,a82f1557-7a15-4ebd-8ac1-e16e97832ce8,True,11,2,1656672134324,"Region.Region<categorical>, Year.Year<categorical>",nan,Region (slicer) - Region: East selected,13,30.733927,-22.926088
1,1,4,False,22,a82f1557-7a15-4ebd-8ac1-e16e97832ce8,True,11,2,1656672160754,"Region.Region<categorical>, Year.Year<categorical>",NewHiresByRegion.Region<categorical>,Year (slicer) - Year: 2014 selected,56,5.963731,14.215696
1,1,4,False,22,a82f1557-7a15-4ebd-8ac1-e16e97832ce8,True,11,2,1656672197572,"Ethnicity.Ethnicity<categorical>, Region.Region<categorical>, Year.Year<categorical>",NewHiresByRegion.Region<categorical>,Ethnicity (slicer) - Ethnicity: Group F selected,1,12.157431,12.723831
1,1,4,False,22,a82f1557-7a15-4ebd-8ac1-e16e97832ce8,True,11,2,1656672198426,"Region.Region<categorical>, Year.Year<categorical>",NewHiresByRegion.Region<categorical>,Ethnicity (slicer) - deselected,56,5.963731,14.215696
1,1,4,False,22,a82f1557-7a15-4ebd-8ac1-e16e97832ce8,True,11,2,1656672205983,"NewHiresByMonth(Full-Time/Part-Time).Month<categorical>, NewHiresByMonth(Full-Time/Part-Time).FPDesc<categorical>, Region.Region<categorical>, Year.Year<categorical>",NewHiresByRegion.Region<categorical>,"New Hires by Month (Full-Time/Part-Time) (lineChart) - Month: Jan, Feb, Jun, Sep, Oct, Nov. FPDesc: Part-Time, Part-Time, Part-Time, Part-Time, Part-Time, Part-Time selected",1,-22.532558,-8.632623
1,1,4,False,22,a82f1557-7a15-4ebd-8ac1-e16e97832ce8,True,11,2,1656672209448,"NewHiresByMonth(Full-Time/Part-Time).FPDesc<categorical>, Region.Region<categorical>, Year.Year<categorical>",NewHiresByRegion.Region<categorical>,New Hires by Month (Full-Time/Part-Time) (lineChart) - FPDesc: Full-Time selected,17,16.006153,17.252863
1,1,4,False,22,a82f1557-7a15-4ebd-8ac1-e16e97832ce8,True,11,2,1656672211064,"Region.Region<categorical>, Year.Year<categorical>",NewHiresByRegion.Region<categorical>,New Hires by Month (Full-Time/Part-Time) (lineChart) - deselected,56,5.963731,14.215696
1,1,4,False,22,a82f1557-7a15-4ebd-8ac1-e16e97832ce8,True,11,2,1656672213682,"NewHiresByMonth(Full-Time/Part-Time).FPDesc<categorical>, Region.Region<categorical>, Year.Year<categorical>",NewHiresByRegion.Region<categorical>,New Hires by Month (Full-Time/Part-Time) (lineChart) - FPDesc: Full-Time selected,17,16.006153,17.252863
1,1,4,False,22,a82f1557-7a15-4ebd-8ac1-e16e97832ce8,True,11,2,1656672214526,"Region.Region<categorical>, Year.Year<categorical>",NewHiresByRegion.Region<categorical>,New Hires by Month (Full-Time/Part-Time) (lineChart) - deselected,56,5.963731,14.215696
1,1,4,False,22,a82f1557-7a15-4ebd-8ac1-e16e97832ce8,True,11,2,1656672215437,"NewHiresByMonth(Full-Time/Part-Time).FPDesc<categorical>, Region.Region<categorical>, Year.Year<categorical>",NewHiresByRegion.Region<categorical>,New Hires by Month (Full-Time/Part-Time) (lineChart) - FPDesc: Part-Time selected,39,1.6742173,9.279895
0,-1,-1,False,23,bf5d3e35-7b0a-4654-b950-3ab81fcf5f3c,True,6,2,1656742275442,Year.Year<categorical>,nan,Root,48,24.475645,-27.125196
0,-1,-1,False,23,bf5d3e35-7b0a-4654-b950-3ab81fcf5f3c,True,6,2,1656742279200,"NewHiresByMonth(Full-Time/Part-Time).FPDesc<categorical>, Year.Year<categorical>",nan,New Hires by Month (Full-Time/Part-Time) (lineChart) - FPDesc: Part-Time selected,2,30.047596,-29.109009
0,-1,-1,False,23,bf5d3e35-7b0a-4654-b950-3ab81fcf5f3c,True,6,2,1656742283314,"NewHiresByMonth(Full-Time/Part-Time).FPDesc<categorical>, Region.Region<categorical>, Year.Year<categorical>",nan,Region (slicer) - Region: East selected,1,36.02004,-26.764244
0,-1,-1,False,23,bf5d3e35-7b0a-4654-b950-3ab81fcf5f3c,True,6,2,1656742285742,"NewHiresByMonth(Full-Time/Part-Time).FPDesc<categorical>, Region.Region<categorical>, Year.Year<categorical>",NewHiresByRegion.Region<categorical>,Year (slicer) - Year: 2014 selected,39,1.6742173,9.279895
0,-1,-1,False,23,bf5d3e35-7b0a-4654-b950-3ab81fcf5f3c,True,6,2,1656742288685,"Region.Region<categorical>, Year.Year<categorical>",NewHiresByRegion.Region<categorical>,New Hires by Month (Full-Time/Part-Time) (lineChart) - deselected,56,5.963731,14.215696
0,-1,-1,False,23,bf5d3e35-7b0a-4654-b950-3ab81fcf5f3c,True,6,2,1656742289939,"NewHiresByMonth(Full-Time/Part-Time).FPDesc<categorical>, Region.Region<categorical>, Year.Year<categorical>",NewHiresByRegion.Region<categorical>,New Hires by Month (Full-Time/Part-Time) (lineChart) - FPDesc: Part-Time selected,39,1.6742173,9.279895
0,-1,-1,False,24,63eac8a4-70b6-4ebb-b66a-6af30d4d8dbf,False,3,2,1656682715100,Year.Year<categorical>,nan,Root,48,24.475645,-27.125196
0,-1,-1,False,24,63eac8a4-70b6-4ebb-b66a-6af30d4d8dbf,False,3,2,1656682721691,Year.Year<categorical>,nan,Year (slicer) - Year: 2014 selected,13,41.008327,-10.893308
0,-1,-1,False,24,63eac8a4-70b6-4ebb-b66a-6af30d4d8dbf,False,3,2,1656682723284,"Region.Region<categorical>, Year.Year<categorical>",NewHiresByRegion.Region<categorical>,Region (slicer) - Region: East selected,56,5.963731,14.215696
0,-1,-1,False,25,120df892-aa13-463c-966f-0428fd670380,False,5,2,1656683509172,Year.Year<categorical>,nan,Root,48,24.475645,-27.125196
0,-1,-1,False,25,120df892-aa13-463c-966f-0428fd670380,False,5,2,1656683515534,"Region.Region<categorical>, Year.Year<categorical>",nan,Region (slicer) - Region: East selected,13,30.733927,-22.926088
0,-1,-1,False,25,120df892-aa13-463c-966f-0428fd670380,False,5,2,1656683517660,"Region.Region<categorical>, Year.Year<categorical>","NewHiresByMonth(Full-Time/Part-Time).Month<categorical>, NewHiresByMonth(Full-Time/Part-Time).FPDesc<categorical>, NewHiresByRegion.Region<categorical>",Year (slicer) - Year: 2015 selected,1,52.986572,8.602847
0,-1,-1,False,25,120df892-aa13-463c-966f-0428fd670380,False,5,2,1656683518240,"Region.Region<categorical>, Year.Year<categorical>","NewHiresByEthnicity.Ethnicity<categorical>, NewHiresByRegion.Region<categorical>",Year (slicer) - Year: 2014 selected,1,13.6069565,35.259056
0,-1,-1,False,25,120df892-aa13-463c-966f-0428fd670380,False,5,2,1656683521162,"NewHiresByMonth(Full-Time/Part-Time).FPDesc<categorical>, Region.Region<categorical>, Year.Year<categorical>",NewHiresByRegion.Region<categorical>,New Hires by Month (Full-Time/Part-Time) (lineChart) - FPDesc: Part-Time selected,39,1.6742173,9.279895
1,0,4,False,26,e36a2ec6-b3b9-46c3-942e-fef3b282b8f9,False,7,2,1657556464312,Year.Year<categorical>,nan,Root,48,24.475645,-27.125196
1,0,4,False,26,e36a2ec6-b3b9-46c3-942e-fef3b282b8f9,False,7,2,1657556478789,"Region.Region<categorical>, Year.Year<categorical>",nan,Region (slicer) - Region: East selected,13,30.733927,-22.926088
1,0,4,False,26,e36a2ec6-b3b9-46c3-942e-fef3b282b8f9,False,7,2,1657556493498,"NewHiresByMonth(Full-Time/Part-Time).FPDesc<categorical>, Region.Region<categorical>, Year.Year<categorical>",NewHiresByRegion.Region<categorical>,New Hires by Month (Full-Time/Part-Time) (lineChart) - FPDesc: Full-Time selected,2,24.534967,-11.936753
1,0,4,False,26,e36a2ec6-b3b9-46c3-942e-fef3b282b8f9,False,7,2,1657556502870,"NewHiresByMonth(Full-Time/Part-Time).FPDesc<categorical>, Region.Region<categorical>, Year.Year<categorical>",NewHiresByRegion.Region<categorical>,New Hires by Month (Full-Time/Part-Time) (lineChart) - FPDesc: Part-Time selected,5,34.175896,-33.9984
1,0,4,False,26,e36a2ec6-b3b9-46c3-942e-fef3b282b8f9,False,7,2,1657556552588,"NewHiresByMonth(Full-Time/Part-Time).FPDesc<categorical>, Region.Region<categorical>, Year.Year<categorical>",NewHiresByRegion.Region<categorical>,New Hires by Month (Full-Time/Part-Time) (lineChart) - FPDesc: Part-Time selected,5,34.175896,-33.9984
1,0,4,False,26,e36a2ec6-b3b9-46c3-942e-fef3b282b8f9,False,7,2,1657556562245,"NewHiresByMonth(Full-Time/Part-Time).FPDesc<categorical>, Region.Region<categorical>, Year.Year<categorical>",NewHiresByRegion.Region<categorical>,New Hires by Month (Full-Time/Part-Time) (lineChart) - FPDesc: Full-Time selected,2,24.534967,-11.936753
1,0,4,False,26,e36a2ec6-b3b9-46c3-942e-fef3b282b8f9,False,7,2,1657556568250,"NewHiresByMonth(Full-Time/Part-Time).FPDesc<categorical>, Region.Region<categorical>, Year.Year<categorical>",NewHiresByRegion.Region<categorical>,New Hires by Month (Full-Time/Part-Time) (lineChart) - FPDesc: Part-Time selected,5,34.175896,-33.9984
1,1,1,False,27,81b7fe0b-6892-4f51-8304-65931a1a1b68,False,3,2,1656683354578,Year.Year<categorical>,nan,Root,48,24.475645,-27.125196
1,1,1,False,27,81b7fe0b-6892-4f51-8304-65931a1a1b68,False,3,2,1656683360613,nan,nan,Year (slicer) - deselected,2,25.159264,-18.815397
1,1,1,False,27,81b7fe0b-6892-4f51-8304-65931a1a1b68,False,3,2,1656683365348,Region.Region<categorical>,nan,Region (slicer) - Region: East selected,1,20.269142,-20.838774
1,1,6,True,28,sample_solution,True,4,2,1658315642710,Year.Year<categorical>,nan,Root,48,24.475645,-27.125196
1,1,6,True,28,sample_solution,True,4,2,1658315651882,Year.Year<categorical>,nan,Year (slicer) - Year: 2014 selected,13,41.008327,-10.893308
1,1,6,True,28,sample_solution,True,4,2,1658315656256,"Region.Region<categorical>, Year.Year<categorical>",NewHiresByRegion.Region<categorical>,Region (slicer) - Region: East selected,56,5.963731,14.215696
1,1,6,True,28,sample_solution,True,4,2,1658315661574,"NewHiresByMonth(Full-Time/Part-Time).FPDesc<categorical>, Region.Region<categorical>, Year.Year<categorical>",NewHiresByRegion.Region<categorical>,New Hires by Month (Full-Time/Part-Time) (lineChart) - FPDesc: Part-Time selected,39,1.6742173,9.279895
1,1,3,False,29,71b77903-14c4-49b4-834c-9df6eeaba5fa,False,4,2,1656682785108,Year.Year<categorical>,nan,Root,48,24.475645,-27.125196
1,1,3,False,29,71b77903-14c4-49b4-834c-9df6eeaba5fa,False,4,2,1656682788277,"Region.Region<categorical>, Year.Year<categorical>",NewHiresByRegion.Region<categorical>,Region (slicer) - Region: East selected,14,24.358013,-2.5413804
1,1,3,False,29,71b77903-14c4-49b4-834c-9df6eeaba5fa,False,4,2,1656682791310,"Region.Region<categorical>, Year.Year<categorical>",NewHiresByRegion.Region<categorical>,Year (slicer) - Year: 2014 selected,56,5.963731,14.215696
1,1,3,False,29,71b77903-14c4-49b4-834c-9df6eeaba5fa,False,4,2,1656682826188,"NewHiresByMonth(Full-Time/Part-Time).Month<categorical>, NewHiresByMonth(Full-Time/Part-Time).FPDesc<categorical>, Region.Region<categorical>, Year.Year<categorical>",NewHiresByRegion.Region<categorical>,New Hires by Month (Full-Time/Part-Time) (lineChart) - Month: Nov. FPDesc: Part-Time selected,1,-8.026718,1.7689131
1,1,2,False,30,007edec7-1cfb-4004-8040-237c51a09307,False,3,2,1656682937420,Year.Year<categorical>,nan,Root,48,24.475645,-27.125196
1,1,2,False,30,007edec7-1cfb-4004-8040-237c51a09307,False,3,2,1656682957445,Year.Year<categorical>,nan,Year (slicer) - Year: 2014 selected,13,41.008327,-10.893308
1,1,2,False,30,007edec7-1cfb-4004-8040-237c51a09307,False,3,2,1656682992590,"NewHiresByMonth(Full-Time/Part-Time).Month<categorical>, NewHiresByMonth(Full-Time/Part-Time).FPDesc<categorical>, Year.Year<categorical>",nan,New Hires by Month (Full-Time/Part-Time) (lineChart) - Month: Sep. FPDesc: Full-Time selected,1,34.782444,-9.989009
0,-1,-1,False,31,fb5a86fd-5e96-4f9d-8baa-deb6c6591fc4,True,4,2,1657631483140,Year.Year<categorical>,nan,Root,48,24.475645,-27.125196
0,-1,-1,False,31,fb5a86fd-5e96-4f9d-8baa-deb6c6591fc4,True,4,2,1657631490652,"Region.Region<categorical>, Year.Year<categorical>",nan,Region (slicer) - Region: East selected,13,30.733927,-22.926088
0,-1,-1,False,31,fb5a86fd-5e96-4f9d-8baa-deb6c6591fc4,True,4,2,1657631493726,"Region.Region<categorical>, Year.Year<categorical>",NewHiresByRegion.Region<categorical>,Year (slicer) - Year: 2014 selected,56,5.963731,14.215696
0,-1,-1,False,31,fb5a86fd-5e96-4f9d-8baa-deb6c6591fc4,True,4,2,1657631509794,"NewHiresByMonth(Full-Time/Part-Time).FPDesc<categorical>, Region.Region<categorical>, Year.Year<categorical>",NewHiresByRegion.Region<categorical>,New Hires by Month (Full-Time/Part-Time) (lineChart) - FPDesc: Part-Time selected,39,1.6742173,9.279895
1,0,4,False,32,44536a09-3d11-4917-bba9-2c03aaa9c1e7,False,2,2,1656404946245,Year.Year<categorical>,nan,Root,48,24.475645,-27.125196
1,0,4,False,32,44536a09-3d11-4917-bba9-2c03aaa9c1e7,False,2,2,1656404961195,"Region.Region<categorical>, Year.Year<categorical>",NewHiresByRegion.Region<categorical>,Region (slicer) - Region: East selected,14,24.358013,-2.5413804
1,1,1,False,33,314bb603-8770-4261-9cab-c5e8f4e80bf9,False,3,2,1656682845060,Year.Year<categorical>,nan,Root,48,24.475645,-27.125196
1,1,1,False,33,314bb603-8770-4261-9cab-c5e8f4e80bf9,False,3,2,1656682851344,Year.Year<categorical>,nan,Year (slicer) - Year: 2014 selected,13,41.008327,-10.893308
1,1,1,False,33,314bb603-8770-4261-9cab-c5e8f4e80bf9,False,3,2,1656682857045,"Region.Region<categorical>, Year.Year<categorical>",nan,Region (slicer) - Region: East selected,3,36.18576,2.2050834
0,-1,-1,False,34,ddb4110f-1b3a-43a3-b17d-17eb10c55fca,True,7,2,1656961266979,Year.Year<categorical>,nan,Root,48,24.475645,-27.125196
0,-1,-1,False,34,ddb4110f-1b3a-43a3-b17d-17eb10c55fca,True,7,2,1656961270461,Year.Year<categorical>,nan,Year (slicer) - Year: 2014 selected,13,41.008327,-10.893308
0,-1,-1,False,34,ddb4110f-1b3a-43a3-b17d-17eb10c55fca,True,7,2,1656961279416,"Region.Region<categorical>, Year.Year<categorical>",NewHiresByRegion.Region<categorical>,Region (slicer) - Region: East selected,56,5.963731,14.215696
0,-1,-1,False,34,ddb4110f-1b3a-43a3-b17d-17eb10c55fca,True,7,2,1656961288871,"NewHiresByMonth(Full-Time/Part-Time).Month<categorical>, NewHiresByMonth(Full-Time/Part-Time).FPDesc<categorical>, Region.Region<categorical>, Year.Year<categorical>",NewHiresByRegion.Region<categorical>,New Hires by Month (Full-Time/Part-Time) (lineChart) - Month: Nov. FPDesc: Full-Time selected,1,14.461152,-0.2709815
0,-1,-1,False,34,ddb4110f-1b3a-43a3-b17d-17eb10c55fca,True,7,2,1656961293233,"Region.Region<categorical>, Year.Year<categorical>",NewHiresByRegion.Region<categorical>,New Hires by Month (Full-Time/Part-Time) (lineChart) - deselected,56,5.963731,14.215696
0,-1,-1,False,34,ddb4110f-1b3a-43a3-b17d-17eb10c55fca,True,7,2,1656961303117,"NewHiresByMonth(Full-Time/Part-Time).FPDesc<categorical>, Region.Region<categorical>, Year.Year<categorical>",NewHiresByRegion.Region<categorical>,New Hires by Month (Full-Time/Part-Time) (lineChart) - FPDesc: Part-Time selected,39,1.6742173,9.279895
0,-1,-1,False,34,ddb4110f-1b3a-43a3-b17d-17eb10c55fca,True,7,2,1656961331256,"NewHiresByMonth(Full-Time/Part-Time).FPDesc<categorical>, Region.Region<categorical>, Year.Year<categorical>",NewHiresByRegion.Region<categorical>,New Hires by Month (Full-Time/Part-Time) (lineChart) - FPDesc: Full-Time selected,17,16.006153,17.252863
0,-1,-1,False,35,4fffae6a-8a16-48e0-83d6-3d314c5b3659,True,5,2,1656743364267,Year.Year<categorical>,nan,Root,48,24.475645,-27.125196
0,-1,-1,False,35,4fffae6a-8a16-48e0-83d6-3d314c5b3659,True,5,2,1656743366073,"Region.Region<categorical>, Year.Year<categorical>",NewHiresByRegion.Region<categorical>,Region (slicer) - Region: East selected,14,24.358013,-2.5413804
0,-1,-1,False,35,4fffae6a-8a16-48e0-83d6-3d314c5b3659,True,5,2,1656743373275,"NewHiresByMonth(Full-Time/Part-Time).FPDesc<categorical>, Region.Region<categorical>, Year.Year<categorical>",NewHiresByRegion.Region<categorical>,New Hires by Month (Full-Time/Part-Time) (lineChart) - FPDesc: Part-Time selected,5,34.175896,-33.9984
0,-1,-1,False,35,4fffae6a-8a16-48e0-83d6-3d314c5b3659,True,5,2,1656743376065,"NewHiresByMonth(Full-Time/Part-Time).FPDesc<categorical>, Region.Region<categorical>, Year.Year<categorical>",NewHiresByRegion.Region<categorical>,Year (slicer) - Year: 2014 selected,39,1.6742173,9.279895
0,-1,-1,False,35,4fffae6a-8a16-48e0-83d6-3d314c5b3659,True,5,2,1656743386694,"Region.Region<categorical>, Year.Year<categorical>",NewHiresByRegion.Region<categorical>,New Hires by Month (Full-Time/Part-Time) (lineChart) - deselected,56,5.963731,14.215696
1,1,3,False,36,89c49235-6150-4812-a94f-bfcf3b15f0fc,True,3,2,1656683084204,Year.Year<categorical>,nan,Root,48,24.475645,-27.125196
1,1,3,False,36,89c49235-6150-4812-a94f-bfcf3b15f0fc,True,3,2,1656683116963,"Region.Region<categorical>, Year.Year<categorical>",NewHiresByRegion.Region<categorical>,Region (slicer) - Region: East selected,14,24.358013,-2.5413804
1,1,3,False,36,89c49235-6150-4812-a94f-bfcf3b15f0fc,True,3,2,1656683119915,"Region.Region<categorical>, Year.Year<categorical>",NewHiresByRegion.Region<categorical>,Year (slicer) - Year: 2014 selected,56,5.963731,14.215696
1,0,5,False,37,5af6bcd1-1629-40c6-a5e2-153f30cd9c33,False,5,2,1657184292389,Year.Year<categorical>,nan,Root,48,24.475645,-27.125196
1,0,5,False,37,5af6bcd1-1629-40c6-a5e2-153f30cd9c33,False,5,2,1657184297705,"NewHiresAndNewHiresSamePeriodLastYear(SPLY).Month<categorical>, Year.Year<categorical>",NewHiresByMonth(Full-Time/Part-Time).Month<categorical>,New Hires and New Hires Same Period Last Year (SPLY) (clusteredColumnChart) - Month: Nov selected,1,19.228079,-31.904598
1,0,5,False,37,5af6bcd1-1629-40c6-a5e2-153f30cd9c33,False,5,2,1657184298577,Year.Year<categorical>,nan,New Hires and New Hires Same Period Last Year (SPLY) (clusteredColumnChart) - deselected,48,24.475645,-27.125196
1,0,5,False,37,5af6bcd1-1629-40c6-a5e2-153f30cd9c33,False,5,2,1657184308872,"NewHiresByRegion.Region<categorical>, Year.Year<categorical>",nan,"New Hires by Region (clusteredBarChart) - Region: East, East selected",2,26.211977,-34.041176
1,0,5,False,37,5af6bcd1-1629-40c6-a5e2-153f30cd9c33,False,5,2,1657184320572,"NewHiresByRegion.Region<categorical>, Year.Year<categorical>",nan,Year (slicer) - Year: 2014 selected,6,42.63968,1.0076551
0,-1,-1,False,38,a06fdf9d-2bb9-4e9a-bf4a-7c5a148e1466,True,27,2,1655898488885,Year.Year<categorical>,nan,Root,48,24.475645,-27.125196
0,-1,-1,False,38,a06fdf9d-2bb9-4e9a-bf4a-7c5a148e1466,True,27,2,1655898605063,Year.Year<categorical>,NewHiresByRegion.Region<categorical>,Year (slicer) - Year: 2014 selected,3,7.625843,8.488069
0,-1,-1,False,38,a06fdf9d-2bb9-4e9a-bf4a-7c5a148e1466,True,27,2,1655898614060,"NewHiresByRegion.Region<categorical>, Year.Year<categorical>",NewHiresByRegion.Region<categorical>,"New Hires by Region (clusteredBarChart) - Region: East, East selected",1,19.287504,7.161634
0,-1,-1,False,38,a06fdf9d-2bb9-4e9a-bf4a-7c5a148e1466,True,27,2,1655898702211,"NewHiresByMonth(Full-Time/Part-Time).Month<categorical>, NewHiresByMonth(Full-Time/Part-Time).FPDesc<categorical>, Year.Year<categorical>",NewHiresByRegion.Region<categorical>,New Hires by Month (Full-Time/Part-Time) (lineChart) - Month: Mar. FPDesc: Full-Time selected,1,16.226383,23.927385
0,-1,-1,False,38,a06fdf9d-2bb9-4e9a-bf4a-7c5a148e1466,True,27,2,1655898706512,"NewHiresByMonth(Full-Time/Part-Time).Month<categorical>, NewHiresByMonth(Full-Time/Part-Time).FPDesc<categorical>, Year.Year<categorical>",NewHiresByRegion.Region<categorical>,New Hires by Month (Full-Time/Part-Time) (lineChart) - Month: Aug. FPDesc: Full-Time selected,2,3.5920765,22.569881
0,-1,-1,False,38,a06fdf9d-2bb9-4e9a-bf4a-7c5a148e1466,True,27,2,1655898709035,"NewHiresByMonth(Full-Time/Part-Time).Month<categorical>, NewHiresByMonth(Full-Time/Part-Time).FPDesc<categorical>, Year.Year<categorical>",NewHiresByRegion.Region<categorical>,"New Hires by Month (Full-Time/Part-Time) (lineChart) - Month: Aug, Jul. FPDesc: Full-Time, Full-Time selected",2,0.82653314,28.790165
0,-1,-1,False,38,a06fdf9d-2bb9-4e9a-bf4a-7c5a148e1466,True,27,2,1655898710752,"NewHiresByMonth(Full-Time/Part-Time).Month<categorical>, NewHiresByMonth(Full-Time/Part-Time).FPDesc<categorical>, Year.Year<categorical>",NewHiresByRegion.Region<categorical>,"New Hires by Month (Full-Time/Part-Time) (lineChart) - Month: Aug, Jul, Jun. FPDesc: Full-Time, Full-Time, Full-Time selected",1,5.975996,-7.3572288
0,-1,-1,False,38,a06fdf9d-2bb9-4e9a-bf4a-7c5a148e1466,True,27,2,1655898716304,"NewHiresByMonth(Full-Time/Part-Time).Month<categorical>, NewHiresByMonth(Full-Time/Part-Time).FPDesc<categorical>, Year.Year<categorical>",NewHiresByRegion.Region<categorical>,"New Hires by Month (Full-Time/Part-Time) (lineChart) - Month: Aug, Jul. FPDesc: Full-Time, Full-Time selected",2,0.82653314,28.790165
0,-1,-1,False,38,a06fdf9d-2bb9-4e9a-bf4a-7c5a148e1466,True,27,2,1655898718080,"NewHiresByMonth(Full-Time/Part-Time).Month<categorical>, NewHiresByMonth(Full-Time/Part-Time).FPDesc<categorical>, Year.Year<categorical>",NewHiresByRegion.Region<categorical>,New Hires by Month (Full-Time/Part-Time) (lineChart) - Month: Aug. FPDesc: Full-Time selected,2,3.5920765,22.569881
0,-1,-1,False,38,a06fdf9d-2bb9-4e9a-bf4a-7c5a148e1466,True,27,2,1655898719726,Year.Year<categorical>,NewHiresByRegion.Region<categorical>,New Hires by Month (Full-Time/Part-Time) (lineChart) - deselected,3,7.625843,8.488069
0,-1,-1,False,38,a06fdf9d-2bb9-4e9a-bf4a-7c5a148e1466,True,27,2,1655898722596,"NewHiresByMonth(Full-Time/Part-Time).Month<categorical>, NewHiresByMonth(Full-Time/Part-Time).FPDesc<categorical>, Year.Year<categorical>",NewHiresByRegion.Region<categorical>,New Hires by Month (Full-Time/Part-Time) (lineChart) - Month: Sep. FPDesc: Part-Time selected,1,-9.575912,14.889171
0,-1,-1,False,38,a06fdf9d-2bb9-4e9a-bf4a-7c5a148e1466,True,27,2,1655898725550,"NewHiresByMonth(Full-Time/Part-Time).Month<categorical>, NewHiresByMonth(Full-Time/Part-Time).FPDesc<categorical>, Year.Year<categorical>",NewHiresByRegion.Region<categorical>,"New Hires by Month (Full-Time/Part-Time) (lineChart) - Month: Sep, Oct. FPDesc: Part-Time, Part-Time selected",1,-15.663883,15.64178
0,-1,-1,False,38,a06fdf9d-2bb9-4e9a-bf4a-7c5a148e1466,True,27,2,1655898727518,"NewHiresByMonth(Full-Time/Part-Time).Month<categorical>, NewHiresByMonth(Full-Time/Part-Time).FPDesc<categorical>, Year.Year<categorical>",NewHiresByRegion.Region<categorical>,"New Hires by Month (Full-Time/Part-Time) (lineChart) - Month: Sep, Oct, Nov. FPDesc: Part-Time, Part-Time, Part-Time selected",1,-17.498096,9.930363
0,-1,-1,False,38,a06fdf9d-2bb9-4e9a-bf4a-7c5a148e1466,True,27,2,1655898729271,"NewHiresByMonth(Full-Time/Part-Time).Month<categorical>, NewHiresByMonth(Full-Time/Part-Time).FPDesc<categorical>, Year.Year<categorical>",NewHiresByRegion.Region<categorical>,"New Hires by Month (Full-Time/Part-Time) (lineChart) - Month: Sep, Oct, Nov, Dec. FPDesc: Part-Time, Part-Time, Part-Time, Part-Time selected",1,-22.625536,7.079261
0,-1,-1,False,38,a06fdf9d-2bb9-4e9a-bf4a-7c5a148e1466,True,27,2,1655898730885,Year.Year<categorical>,NewHiresByRegion.Region<categorical>,New Hires by Month (Full-Time/Part-Time) (lineChart) - deselected,3,7.625843,8.488069
0,-1,-1,False,38,a06fdf9d-2bb9-4e9a-bf4a-7c5a148e1466,True,27,2,1655898733599,"NewHiresByMonth(Full-Time/Part-Time).Month<categorical>, NewHiresByMonth(Full-Time/Part-Time).FPDesc<categorical>, Year.Year<categorical>",NewHiresByRegion.Region<categorical>,New Hires by Month (Full-Time/Part-Time) (lineChart) - Month: Jul. FPDesc: Part-Time selected,1,-5.1139846,20.105104
0,-1,-1,False,38,a06fdf9d-2bb9-4e9a-bf4a-7c5a148e1466,True,27,2,1655898735373,"NewHiresByMonth(Full-Time/Part-Time).Month<categorical>, NewHiresByMonth(Full-Time/Part-Time).FPDesc<categorical>, Year.Year<categorical>",NewHiresByRegion.Region<categorical>,"New Hires by Month (Full-Time/Part-Time) (lineChart) - Month: Jul, Aug. FPDesc: Part-Time, Part-Time selected",1,-7.2795696,26.258629
0,-1,-1,False,38,a06fdf9d-2bb9-4e9a-bf4a-7c5a148e1466,True,27,2,1655898737804,"NewHiresByMonth(Full-Time/Part-Time).Month<categorical>, NewHiresByMonth(Full-Time/Part-Time).FPDesc<categorical>, Year.Year<categorical>",NewHiresByRegion.Region<categorical>,"New Hires by Month (Full-Time/Part-Time) (lineChart) - Month: Jul, Aug, Sep. FPDesc: Part-Time, Part-Time, Part-Time selected",1,-13.424862,22.926174
0,-1,-1,False,38,a06fdf9d-2bb9-4e9a-bf4a-7c5a148e1466,True,27,2,1655898739985,"NewHiresByMonth(Full-Time/Part-Time).Month<categorical>, NewHiresByMonth(Full-Time/Part-Time).FPDesc<categorical>, Year.Year<categorical>",NewHiresByRegion.Region<categorical>,"New Hires by Month (Full-Time/Part-Time) (lineChart) - Month: Jul, Aug, Sep, Oct. FPDesc: Part-Time, Part-Time, Part-Time, Part-Time selected",1,-20.217932,22.211206
0,-1,-1,False,38,a06fdf9d-2bb9-4e9a-bf4a-7c5a148e1466,True,27,2,1655898742814,"NewHiresByMonth(Full-Time/Part-Time).Month<categorical>, NewHiresByMonth(Full-Time/Part-Time).FPDesc<categorical>, Year.Year<categorical>",NewHiresByRegion.Region<categorical>,"New Hires by Month (Full-Time/Part-Time) (lineChart) - Month: Jul, Aug, Sep, Oct, Nov. FPDesc: Part-Time, Part-Time, Part-Time, Part-Time, Part-Time selected",1,-23.895193,16.64575
0,-1,-1,False,38,a06fdf9d-2bb9-4e9a-bf4a-7c5a148e1466,True,27,2,1655898744683,"NewHiresByMonth(Full-Time/Part-Time).Month<categorical>, NewHiresByMonth(Full-Time/Part-Time).FPDesc<categorical>, Year.Year<categorical>",NewHiresByRegion.Region<categorical>,"New Hires by Month (Full-Time/Part-Time) (lineChart) - Month: Jul, Aug, Sep, Oct, Nov, Dec. FPDesc: Part-Time, Part-Time, Part-Time, Part-Time, Part-Time, Part-Time selected",1,-27.630947,11.582028
0,-1,-1,False,38,a06fdf9d-2bb9-4e9a-bf4a-7c5a148e1466,True,27,2,1655898748320,"NewHiresByMonth(Full-Time/Part-Time).Month<categorical>, NewHiresByMonth(Full-Time/Part-Time).FPDesc<categorical>, Year.Year<categorical>",NewHiresByRegion.Region<categorical>,"New Hires by Month (Full-Time/Part-Time) (lineChart) - Month: Jul, Aug, Sep, Oct, Nov, Dec, Jun. FPDesc: Part-Time, Part-Time, Part-Time, Part-Time, Part-Time, Part-Time, Part-Time selected",1,-30.832508,6.010979
0,-1,-1,False,38,a06fdf9d-2bb9-4e9a-bf4a-7c5a148e1466,True,27,2,1655898751676,"NewHiresByMonth(Full-Time/Part-Time).Month<categorical>, NewHiresByMonth(Full-Time/Part-Time).FPDesc<categorical>, Year.Year<categorical>",NewHiresByRegion.Region<categorical>,"New Hires by Month (Full-Time/Part-Time) (lineChart) - Month: Jul, Aug, Sep, Oct, Nov, Dec, Jun, May. FPDesc: Part-Time, Part-Time, Part-Time, Part-Time, Part-Time, Part-Time, Part-Time, Part-Time selected",1,-32.354683,-0.8420858
0,-1,-1,False,38,a06fdf9d-2bb9-4e9a-bf4a-7c5a148e1466,True,27,2,1655898754789,"NewHiresByMonth(Full-Time/Part-Time).Month<categorical>, NewHiresByMonth(Full-Time/Part-Time).FPDesc<categorical>, Year.Year<categorical>",NewHiresByRegion.Region<categorical>,"New Hires by Month (Full-Time/Part-Time) (lineChart) - Month: Jul, Aug, Sep, Oct, Nov, Dec, Jun, May, Apr. FPDesc: Part-Time, Part-Time, Part-Time, Part-Time, Part-Time, Part-Time, Part-Time, Part-Time, Part-Time selected",1,-37.295063,3.3418493
0,-1,-1,False,38,a06fdf9d-2bb9-4e9a-bf4a-7c5a148e1466,True,27,2,1655898757160,"NewHiresByMonth(Full-Time/Part-Time).Month<categorical>, NewHiresByMonth(Full-Time/Part-Time).FPDesc<categorical>, Year.Year<categorical>",NewHiresByRegion.Region<categorical>,"New Hires by Month (Full-Time/Part-Time) (lineChart) - Month: Jul, Aug, Sep, Oct, Nov, Dec, Jun, May, Apr, Mar. FPDesc: Part-Time, Part-Time, Part-Time, Part-Time, Part-Time, Part-Time, Part-Time, Part-Time, Part-Time, Part-Time selected",1,-40.959896,-1.3176644
0,-1,-1,False,38,a06fdf9d-2bb9-4e9a-bf4a-7c5a148e1466,True,27,2,1655898760970,"NewHiresByMonth(Full-Time/Part-Time).Month<categorical>, NewHiresByMonth(Full-Time/Part-Time).FPDesc<categorical>, Year.Year<categorical>",NewHiresByRegion.Region<categorical>,"New Hires by Month (Full-Time/Part-Time) (lineChart) - Month: Jul, Aug, Sep, Oct, Nov, Dec, Jun, May, Apr, Mar, Feb. FPDesc: Part-Time, Part-Time, Part-Time, Part-Time, Part-Time, Part-Time, Part-Time, Part-Time, Part-Time, Part-Time, Part-Time selected",1,-37.614685,-6.8924217
0,-1,-1,False,38,a06fdf9d-2bb9-4e9a-bf4a-7c5a148e1466,True,27,2,1655898764470,"NewHiresByMonth(Full-Time/Part-Time).Month<categorical>, NewHiresByMonth(Full-Time/Part-Time).FPDesc<categorical>, Year.Year<categorical>",NewHiresByRegion.Region<categorical>,"New Hires by Month (Full-Time/Part-Time) (lineChart) - Month: Jul, Aug, Sep, Oct, Nov, Dec, Jun, May, Apr, Mar, Feb, Jan. FPDesc: Part-Time, Part-Time, Part-Time, Part-Time, Part-Time, Part-Time, Part-Time, Part-Time, Part-Time, Part-Time, Part-Time, Part-Time selected",1,-42.85318,-11.7391815
0,-1,-1,False,39,1dcda1ff-f6c5-4596-8bef-b51d33ef5897,True,3,2,1656743213242,Year.Year<categorical>,nan,Root,48,24.475645,-27.125196
0,-1,-1,False,39,1dcda1ff-f6c5-4596-8bef-b51d33ef5897,True,3,2,1656743219679,"Region.Region<categorical>, Year.Year<categorical>",NewHiresByRegion.Region<categorical>,Region (slicer) - Region: East selected,14,24.358013,-2.5413804
0,-1,-1,False,39,1dcda1ff-f6c5-4596-8bef-b51d33ef5897,True,3,2,1656743222298,"Region.Region<categorical>, Year.Year<categorical>",NewHiresByRegion.Region<categorical>,Year (slicer) - Year: 2014 selected,56,5.963731,14.215696
1,1,3,False,40,74b4f60e-9d5d-4edd-80eb-19dc522ed8c6,False,10,2,1656682824111,Year.Year<categorical>,nan,Root,48,24.475645,-27.125196
1,1,3,False,40,74b4f60e-9d5d-4edd-80eb-19dc522ed8c6,False,10,2,1656682828598,"NewHiresByRegion.Region<categorical>, Year.Year<categorical>",nan,New Hires by Region (clusteredBarChart) - Region: East selected,2,26.211977,-34.041176
1,1,3,False,40,74b4f60e-9d5d-4edd-80eb-19dc522ed8c6,False,10,2,1656682832509,"NewHiresByRegion.Region<categorical>, Year.Year<categorical>",nan,Year (slicer) - Year: 2014 selected,6,42.63968,1.0076551
1,1,3,False,40,74b4f60e-9d5d-4edd-80eb-19dc522ed8c6,False,10,2,1656682858602,"NewHiresByRegion.Region<categorical>, Region.Region<categorical>, Year.Year<categorical>",nan,Region (slicer) - Region: East selected,1,33.1116,-3.6535327
1,1,3,False,40,74b4f60e-9d5d-4edd-80eb-19dc522ed8c6,False,10,2,1656682885280,"NewHiresByRegion.Region<categorical>, Year.Year<categorical>",nan,Region (slicer) - deselected,6,42.63968,1.0076551
1,1,3,False,40,74b4f60e-9d5d-4edd-80eb-19dc522ed8c6,False,10,2,1656682933805,"NewHiresByRegion.Region<categorical>, Year.Year<categorical>",nan,New Hires by Region (clusteredBarChart) - Region: East selected,6,42.63968,1.0076551
1,1,3,False,40,74b4f60e-9d5d-4edd-80eb-19dc522ed8c6,False,10,2,1656682946615,"NewHiresByRegion.Region<categorical>, Region.Region<categorical>, Year.Year<categorical>",NewHiresByRegion.Region<categorical>,Region (slicer) - Region: East selected,4,13.497189,7.0044236
1,1,3,False,40,74b4f60e-9d5d-4edd-80eb-19dc522ed8c6,False,10,2,1656682948654,"NewHiresByRegion.Region<categorical>, Year.Year<categorical>",nan,Region (slicer) - deselected,6,42.63968,1.0076551
1,1,3,False,40,74b4f60e-9d5d-4edd-80eb-19dc522ed8c6,False,10,2,1656682963408,"NewHiresByRegion.Region<categorical>, Region.Region<categorical>, Year.Year<categorical>",NewHiresByRegion.Region<categorical>,Region (slicer) - Region: East selected,4,13.497189,7.0044236
1,1,3,False,40,74b4f60e-9d5d-4edd-80eb-19dc522ed8c6,False,10,2,1656682969790,"NewHiresByRegion.Region<categorical>, Year.Year<categorical>",nan,Region (slicer) - deselected,6,42.63968,1.0076551
1,1,1,False,41,3c7a12c1-2d1a-43ed-83ba-8ef61a08c27e,True,3,2,1656682715585,Year.Year<categorical>,nan,Root,48,24.475645,-27.125196
1,1,1,False,41,3c7a12c1-2d1a-43ed-83ba-8ef61a08c27e,True,3,2,1656682722912,"Region.Region<categorical>, Year.Year<categorical>",NewHiresByRegion.Region<categorical>,Region (slicer) - Region: East selected,14,24.358013,-2.5413804
1,1,1,False,41,3c7a12c1-2d1a-43ed-83ba-8ef61a08c27e,True,3,2,1656682725122,"Region.Region<categorical>, Year.Year<categorical>",NewHiresByRegion.Region<categorical>,Year (slicer) - Year: 2014 selected,56,5.963731,14.215696
0,-1,-1,False,42,dd18aec8-aab9-4a18-981f-1c7f8735ec05,True,5,2,1656742349303,Year.Year<categorical>,nan,Root,48,24.475645,-27.125196
0,-1,-1,False,42,dd18aec8-aab9-4a18-981f-1c7f8735ec05,True,5,2,1656742353512,"Region.Region<categorical>, Year.Year<categorical>",NewHiresByRegion.Region<categorical>,Region (slicer) - Region: East selected,14,24.358013,-2.5413804
0,-1,-1,False,42,dd18aec8-aab9-4a18-981f-1c7f8735ec05,True,5,2,1656742356634,"Region.Region<categorical>, Year.Year<categorical>",NewHiresByRegion.Region<categorical>,Year (slicer) - Year: 2014 selected,56,5.963731,14.215696
0,-1,-1,False,42,dd18aec8-aab9-4a18-981f-1c7f8735ec05,True,5,2,1656742457366,"Region.Region<categorical>, Year.Year<categorical>",NewHiresByRegion.Region<categorical>,New Hires by Month (Full-Time/Part-Time) (lineChart) - deselected,56,5.963731,14.215696
0,-1,-1,False,42,dd18aec8-aab9-4a18-981f-1c7f8735ec05,True,5,2,1656742458346,"NewHiresByMonth(Full-Time/Part-Time).FPDesc<categorical>, Region.Region<categorical>, Year.Year<categorical>",NewHiresByRegion.Region<categorical>,New Hires by Month (Full-Time/Part-Time) (lineChart) - FPDesc: Part-Time selected,39,1.6742173,9.279895
1,1,1,False,43,8cdf2e81-4444-4bd2-95d2-8caa25df06c7,True,6,2,1656742464417,Year.Year<categorical>,nan,Root,48,24.475645,-27.125196
1,1,1,False,43,8cdf2e81-4444-4bd2-95d2-8caa25df06c7,True,6,2,1656742467959,"Region.Region<categorical>, Year.Year<categorical>",nan,Region (slicer) - Region: East selected,13,30.733927,-22.926088
1,1,1,False,43,8cdf2e81-4444-4bd2-95d2-8caa25df06c7,True,6,2,1656742472353,"Region.Region<categorical>, Year.Year<categorical>",NewHiresByRegion.Region<categorical>,Year (slicer) - Year: 2014 selected,56,5.963731,14.215696
1,1,1,False,43,8cdf2e81-4444-4bd2-95d2-8caa25df06c7,True,6,2,1656742485045,"NewHiresByMonth(Full-Time/Part-Time).FPDesc<categorical>, Region.Region<categorical>, Year.Year<categorical>",NewHiresByRegion.Region<categorical>,New Hires by Month (Full-Time/Part-Time) (lineChart) - FPDesc: Part-Time selected,39,1.6742173,9.279895
1,1,1,False,43,8cdf2e81-4444-4bd2-95d2-8caa25df06c7,True,6,2,1656742492296,"NewHiresByMonth(Full-Time/Part-Time).FPDesc<categorical>, Region.Region<categorical>, Year.Year<categorical>",NewHiresByRegion.Region<categorical>,New Hires by Month (Full-Time/Part-Time) (lineChart) - FPDesc: Full-Time selected,17,16.006153,17.252863
1,1,1,False,43,8cdf2e81-4444-4bd2-95d2-8caa25df06c7,True,6,2,1656742493694,"NewHiresByMonth(Full-Time/Part-Time).FPDesc<categorical>, Region.Region<categorical>, Year.Year<categorical>",NewHiresByRegion.Region<categorical>,New Hires by Month (Full-Time/Part-Time) (lineChart) - FPDesc: Part-Time selected,39,1.6742173,9.279895
1,1,1,False,44,6ad1586e-122c-4d7d-9c0d-0d1d80da2de0,True,5,2,1656682953802,Year.Year<categorical>,nan,Root,48,24.475645,-27.125196
1,1,1,False,44,6ad1586e-122c-4d7d-9c0d-0d1d80da2de0,True,5,2,1656682959261,"Region.Region<categorical>, Year.Year<categorical>",nan,Region (slicer) - Region: East selected,13,30.733927,-22.926088
1,1,1,False,44,6ad1586e-122c-4d7d-9c0d-0d1d80da2de0,True,5,2,1656682961949,"Region.Region<categorical>, Year.Year<categorical>",NewHiresByRegion.Region<categorical>,Year (slicer) - Year: 2014 selected,56,5.963731,14.215696
1,1,1,False,44,6ad1586e-122c-4d7d-9c0d-0d1d80da2de0,True,5,2,1656682970793,"NewHiresByMonth(Full-Time/Part-Time).Month<categorical>, NewHiresByMonth(Full-Time/Part-Time).FPDesc<categorical>, Region.Region<categorical>, Year.Year<categorical>",NewHiresByRegion.Region<categorical>,New Hires by Month (Full-Time/Part-Time) (lineChart) - Month: Mar. FPDesc: Part-Time selected,1,-3.5661407,11.138771
1,1,1,False,44,6ad1586e-122c-4d7d-9c0d-0d1d80da2de0,True,5,2,1656682977611,"NewHiresByMonth(Full-Time/Part-Time).FPDesc<categorical>, Region.Region<categorical>, Year.Year<categorical>",NewHiresByRegion.Region<categorical>,New Hires by Month (Full-Time/Part-Time) (lineChart) - FPDesc: Part-Time selected,39,1.6742173,9.279895
1,1,4,False,45,5eb918fd-fea1-415a-9914-7792766f5756,False,4,2,1656682677148,Year.Year<categorical>,nan,Root,48,24.475645,-27.125196
1,1,4,False,45,5eb918fd-fea1-415a-9914-7792766f5756,False,4,2,1656682678844,"Region.Region<categorical>, Year.Year<categorical>",nan,Region (slicer) - Region: East selected,13,30.733927,-22.926088
1,1,4,False,45,5eb918fd-fea1-415a-9914-7792766f5756,False,4,2,1656682681272,"Region.Region<categorical>, Year.Year<categorical>",NewHiresByRegion.Region<categorical>,Year (slicer) - Year: 2014 selected,56,5.963731,14.215696
1,1,4,False,45,5eb918fd-fea1-415a-9914-7792766f5756,False,4,2,1656682686364,"NewHiresByMonth(Full-Time/Part-Time).Month<categorical>, NewHiresByMonth(Full-Time/Part-Time).FPDesc<categorical>, Region.Region<categorical>, Year.Year<categorical>",NewHiresByRegion.Region<categorical>,New Hires by Month (Full-Time/Part-Time) (lineChart) - Month: Jul. FPDesc: Part-Time selected,1,-0.3019228,16.209873
