dashboard_experience,line,user_id,answer_correct,no_of_steps,running_time,question_id,timestamp,selected_values,filtered_values,triggered_action,multiplicity,x,y
0,1,a10653e4-ff8c-432c-b1d8-017e2efa276d,False,6,598.657,4,1656742664980,Year.Year<categorical>,nan,Root,48,-16.179678,-16.314384
0,1,a10653e4-ff8c-432c-b1d8-017e2efa276d,False,6,598.657,4,1656743223848,Year.Year<categorical>,nan,Year (slicer) - Year: 2014 selected,19,-24.92408,-12.551545
0,1,a10653e4-ff8c-432c-b1d8-017e2efa276d,False,6,598.657,4,1656743235049,Year.Year<categorical>,nan,Year (slicer) - Year: 2012 selected,27,-29.372149,-14.658142
0,1,a10653e4-ff8c-432c-b1d8-017e2efa276d,False,6,598.657,4,1656743238278,Year.Year<categorical>,nan,Year (slicer) - Year: 2014 selected,19,-24.922798,-12.552305
0,1,a10653e4-ff8c-432c-b1d8-017e2efa276d,False,6,598.657,4,1656743240947,Year.Year<categorical>,nan,Year (slicer) - Year: 2012 selected,27,-29.37216,-14.65816
0,1,a10653e4-ff8c-432c-b1d8-017e2efa276d,False,6,598.657,4,1656743246271,Year.Year<categorical>,nan,Year (slicer) - Year: 2014 selected,19,-24.921556,-12.553083
1,2,e8c3d443-20e8-413a-af5c-6628f20c71d1,True,8,102.564,4,1656682697460,Year.Year<categorical>,nan,Root,48,-16.179678,-16.314384
1,2,e8c3d443-20e8-413a-af5c-6628f20c71d1,True,8,102.564,4,1656682723121,"Region.Region<categorical>, Year.Year<categorical>",NewHiresByRegion.Region<categorical>,Region (slicer) - Region: Northwest selected,24,17.667532,4.386849
1,2,e8c3d443-20e8-413a-af5c-6628f20c71d1,True,8,102.564,4,1656682730159,"Region.Region<categorical>, Year.Year<categorical>",NewHiresByRegion.Region<categorical>,Year (slicer) - Year: 2012 selected,59,7.971607,-1.780702
1,2,e8c3d443-20e8-413a-af5c-6628f20c71d1,True,8,102.564,4,1656682735150,"Region.Region<categorical>, Year.Year<categorical>",NewHiresByRegion.Region<categorical>,Year (slicer) - Year: 2014 selected,59,6.030477,11.540354
1,2,e8c3d443-20e8-413a-af5c-6628f20c71d1,True,8,102.564,4,1656682739893,"Region.Region<categorical>, Year.Year<categorical>",NewHiresByRegion.Region<categorical>,Year (slicer) - Year: 2012 selected,59,8.44052,-1.7468731
1,2,e8c3d443-20e8-413a-af5c-6628f20c71d1,True,8,102.564,4,1656682753497,"Region.Region<categorical>, Year.Year<categorical>",NewHiresByRegion.Region<categorical>,Year (slicer) - Year: 2014 selected,59,6.268694,11.813669
1,2,e8c3d443-20e8-413a-af5c-6628f20c71d1,True,8,102.564,4,1656682760060,"Region.Region<categorical>, Year.Year<categorical>",NewHiresByRegion.Region<categorical>,Year (slicer) - Year: 2012 selected,59,8.445213,-1.7453437
1,2,e8c3d443-20e8-413a-af5c-6628f20c71d1,True,8,102.564,4,1656682774051,"Region.Region<categorical>, Year.Year<categorical>",NewHiresByRegion.Region<categorical>,Year (slicer) - Year: 2014 selected,59,6.0534835,11.606297
1,3,44df4643-eb24-42ae-a494-2104cfeb0539,True,5,80.272,4,1656742415623,Year.Year<categorical>,nan,Root,48,-16.179678,-16.314384
1,3,44df4643-eb24-42ae-a494-2104cfeb0539,True,5,80.272,4,1656742430756,Year.Year<categorical>,nan,Year (slicer) - Year: 2014 selected,19,-24.924706,-12.550532
1,3,44df4643-eb24-42ae-a494-2104cfeb0539,True,5,80.272,4,1656742434783,Year.Year<categorical>,nan,Year (slicer) - Year: 2012 selected,27,-29.372335,-14.658313
1,3,44df4643-eb24-42ae-a494-2104cfeb0539,True,5,80.272,4,1656742438542,"Region.Region<categorical>, Year.Year<categorical>",nan,Region (slicer) - Region: Northwest selected,5,-30.685688,-14.6187525
1,3,44df4643-eb24-42ae-a494-2104cfeb0539,True,5,80.272,4,1656742473706,"Region.Region<categorical>, Year.Year<categorical>",NewHiresByRegion.Region<categorical>,Year (slicer) - Year: 2014 selected,59,6.2765326,11.804982
0,4,9bd07c5c-8dfe-44b0-8df2-5a5634547d76,True,6,65.369,4,1656742361462,Year.Year<categorical>,nan,Root,48,-16.179678,-16.314384
0,4,9bd07c5c-8dfe-44b0-8df2-5a5634547d76,True,6,65.369,4,1656742369011,Year.Year<categorical>,nan,Year (slicer) - Year: 2012 selected,27,-29.361223,-14.649275
0,4,9bd07c5c-8dfe-44b0-8df2-5a5634547d76,True,6,65.369,4,1656742372045,"Region.Region<categorical>, Year.Year<categorical>",NewHiresByRegion.Region<categorical>,Region (slicer) - Region: Northwest selected,59,7.51011,-1.4721799
0,4,9bd07c5c-8dfe-44b0-8df2-5a5634547d76,True,6,65.369,4,1656742396986,"Region.Region<categorical>, Year.Year<categorical>",NewHiresByRegion.Region<categorical>,Year (slicer) - Year: 2014 selected,59,6.10488,11.647363
0,4,9bd07c5c-8dfe-44b0-8df2-5a5634547d76,True,6,65.369,4,1656742407264,"Region.Region<categorical>, Year.Year<categorical>",NewHiresByRegion.Region<categorical>,Year (slicer) - Year: 2012 selected,59,7.5954113,-1.571538
0,4,9bd07c5c-8dfe-44b0-8df2-5a5634547d76,True,6,65.369,4,1656742415518,"Region.Region<categorical>, Year.Year<categorical>",NewHiresByRegion.Region<categorical>,Year (slicer) - Year: 2014 selected,59,5.990513,11.100113
1,5,e2690841-7dea-4852-993e-c322d16165a4,True,6,116.718,4,1656496752635,Year.Year<categorical>,nan,Root,48,-16.179678,-16.314384
1,5,e2690841-7dea-4852-993e-c322d16165a4,True,6,116.718,4,1656496758103,"Region.Region<categorical>, Year.Year<categorical>",NewHiresByRegion.Region<categorical>,Region (slicer) - Region: Northwest selected,24,17.6675,4.386854
1,5,e2690841-7dea-4852-993e-c322d16165a4,True,6,116.718,4,1656496778757,"Region.Region<categorical>, Year.Year<categorical>",NewHiresByRegion.Region<categorical>,Year (slicer) - Year: 2012 selected,59,7.469634,-1.4073894
1,5,e2690841-7dea-4852-993e-c322d16165a4,True,6,116.718,4,1656496806237,"Region.Region<categorical>, Year.Year<categorical>",NewHiresByRegion.Region<categorical>,Year (slicer) - Year: 2014 selected,59,5.9905133,11.100114
1,5,e2690841-7dea-4852-993e-c322d16165a4,True,6,116.718,4,1656496811293,"Region.Region<categorical>, Year.Year<categorical>",NewHiresByRegion.Region<categorical>,Year (slicer) - Year: 2012 selected,59,8.037793,-1.10314
1,5,e2690841-7dea-4852-993e-c322d16165a4,True,6,116.718,4,1656496826728,"Region.Region<categorical>, Year.Year<categorical>",NewHiresByRegion.Region<categorical>,Year (slicer) - Year: 2014 selected,59,6.0042386,11.058512
0,6,0c6a2d5a-587b-4daf-84d8-2866f240a7a7,True,9,54.366,4,1656742513885,Year.Year<categorical>,nan,Root,48,-16.179678,-16.314384
0,6,0c6a2d5a-587b-4daf-84d8-2866f240a7a7,True,9,54.366,4,1656742518161,"Region.Region<categorical>, Year.Year<categorical>",NewHiresByRegion.Region<categorical>,Region (slicer) - Region: Northwest selected,24,17.662855,4.387291
0,6,0c6a2d5a-587b-4daf-84d8-2866f240a7a7,True,9,54.366,4,1656742521510,"Region.Region<categorical>, Year.Year<categorical>",NewHiresByRegion.Region<categorical>,Year (slicer) - Year: 2012 selected,59,8.820269,-1.4140936
0,6,0c6a2d5a-587b-4daf-84d8-2866f240a7a7,True,9,54.366,4,1656742533264,"Region.Region<categorical>, Year.Year<categorical>",NewHiresByRegion.Region<categorical>,Year (slicer) - Year: 2013 selected,24,17.61369,4.3959956
0,6,0c6a2d5a-587b-4daf-84d8-2866f240a7a7,True,9,54.366,4,1656742539511,"Region.Region<categorical>, Year.Year<categorical>",NewHiresByRegion.Region<categorical>,Year (slicer) - Year: 2012 selected,59,7.9169526,-0.41804552
0,6,0c6a2d5a-587b-4daf-84d8-2866f240a7a7,True,9,54.366,4,1656742545139,"Region.Region<categorical>, Year.Year<categorical>",NewHiresByRegion.Region<categorical>,Year (slicer) - Year: 2013 selected,24,17.667532,4.386849
0,6,0c6a2d5a-587b-4daf-84d8-2866f240a7a7,True,9,54.366,4,1656742546291,"Region.Region<categorical>, Year.Year<categorical>",NewHiresByRegion.Region<categorical>,Year (slicer) - Year: 2014 selected,59,7.203245,11.735708
0,6,0c6a2d5a-587b-4daf-84d8-2866f240a7a7,True,9,54.366,4,1656742553013,"Region.Region<categorical>, Year.Year<categorical>",NewHiresByRegion.Region<categorical>,Year (slicer) - Year: 2012 selected,59,7.417887,-1.0823582
0,6,0c6a2d5a-587b-4daf-84d8-2866f240a7a7,True,9,54.366,4,1656742556692,"Region.Region<categorical>, Year.Year<categorical>",NewHiresByRegion.Region<categorical>,Year (slicer) - Year: 2014 selected,59,5.9777703,11.157945
1,7,98eff29b-1cce-47e3-b04d-329cb24da1fe,True,6,56.557,4,1657783748219,Year.Year<categorical>,nan,Root,48,-16.179678,-16.314384
1,7,98eff29b-1cce-47e3-b04d-329cb24da1fe,True,6,56.557,4,1657783753849,"Region.Region<categorical>, Year.Year<categorical>",nan,Region (slicer) - Region: Northwest selected,6,-13.823622,-15.409522
1,7,98eff29b-1cce-47e3-b04d-329cb24da1fe,True,6,56.557,4,1657783762233,"Region.Region<categorical>, Year.Year<categorical>",NewHiresByRegion.Region<categorical>,Year (slicer) - Year: 2012 selected,59,7.4183187,-1.0802801
1,7,98eff29b-1cce-47e3-b04d-329cb24da1fe,True,6,56.557,4,1657783773937,"Region.Region<categorical>, Year.Year<categorical>",NewHiresByRegion.Region<categorical>,Year (slicer) - Year: 2014 selected,59,5.9788914,11.157714
1,7,98eff29b-1cce-47e3-b04d-329cb24da1fe,True,6,56.557,4,1657783783249,"Region.Region<categorical>, Year.Year<categorical>",NewHiresByRegion.Region<categorical>,Year (slicer) - Year: 2012 selected,59,8.244769,-1.3802891
1,7,98eff29b-1cce-47e3-b04d-329cb24da1fe,True,6,56.557,4,1657783788594,"Region.Region<categorical>, Year.Year<categorical>",NewHiresByRegion.Region<categorical>,Year (slicer) - Year: 2014 selected,59,6.433804,11.922699
1,8,64d49517-fd06-487e-9b98-e504d669fcfe,True,12,226.665,4,1657146597261,Year.Year<categorical>,nan,Root,48,-16.179678,-16.314384
1,8,64d49517-fd06-487e-9b98-e504d669fcfe,True,12,226.665,4,1657146627426,Year.Year<categorical>,nan,Year (slicer) - Year: 2012 selected,27,-29.399065,-14.660848
1,8,64d49517-fd06-487e-9b98-e504d669fcfe,True,12,226.665,4,1657146638575,Year.Year<categorical>,nan,Year (slicer) - Year: 2014 selected,19,-24.922857,-12.551675
1,8,64d49517-fd06-487e-9b98-e504d669fcfe,True,12,226.665,4,1657146639383,Year.Year<categorical>,nan,Year (slicer) - Year: 2012 selected,27,-29.37213,-14.6584215
1,8,64d49517-fd06-487e-9b98-e504d669fcfe,True,12,226.665,4,1657146640271,Year.Year<categorical>,nan,Year (slicer) - Year: 2014 selected,19,-24.921429,-12.547872
1,8,64d49517-fd06-487e-9b98-e504d669fcfe,True,12,226.665,4,1657146643125,Year.Year<categorical>,nan,Year (slicer) - Year: 2012 selected,27,-29.372232,-14.657893
1,8,64d49517-fd06-487e-9b98-e504d669fcfe,True,12,226.665,4,1657146650009,"Region.Region<categorical>, Year.Year<categorical>",nan,Region (slicer) - Region: Northwest selected,5,-30.684,-14.617805
1,8,64d49517-fd06-487e-9b98-e504d669fcfe,True,12,226.665,4,1657146671638,"NewHiresByEthnicity.Ethnicity<categorical>, Region.Region<categorical>, Year.Year<categorical>",NewHiresByRegion.Region<categorical>,New Hires by Ethnicity (clusteredBarChart) - Ethnicity: Group A selected,2,8.23745,-3.6047773
1,8,64d49517-fd06-487e-9b98-e504d669fcfe,True,12,226.665,4,1657146734994,"NewHiresByEthnicity.Ethnicity<categorical>, Year.Year<categorical>",NewHiresByRegion.Region<categorical>,Region (slicer) - deselected,1,8.237809,-3.645025
1,8,64d49517-fd06-487e-9b98-e504d669fcfe,True,12,226.665,4,1657146736044,"NewHiresByEthnicity.Ethnicity<categorical>, Region.Region<categorical>, Year.Year<categorical>",NewHiresByRegion.Region<categorical>,Region (slicer) - Region: Northwest selected,2,8.229683,-3.6047606
1,8,64d49517-fd06-487e-9b98-e504d669fcfe,True,12,226.665,4,1657146768749,"Region.Region<categorical>, Year.Year<categorical>",NewHiresByRegion.Region<categorical>,New Hires by Ethnicity (clusteredBarChart) - deselected,59,7.973513,-1.780783
1,8,64d49517-fd06-487e-9b98-e504d669fcfe,True,12,226.665,4,1657146795872,"Region.Region<categorical>, Year.Year<categorical>",NewHiresByRegion.Region<categorical>,Year (slicer) - Year: 2014 selected,59,6.6815352,11.950265
1,9,c7311241-45af-4f18-9032-4241221f8a11,True,9,127.037,4,1656427407333,Year.Year<categorical>,nan,Root,48,-16.179678,-16.314384
1,9,c7311241-45af-4f18-9032-4241221f8a11,True,9,127.037,4,1656427416170,"Region.Region<categorical>, Year.Year<categorical>",NewHiresByRegion.Region<categorical>,Region (slicer) - Region: Northwest selected,24,17.667501,4.386867
1,9,c7311241-45af-4f18-9032-4241221f8a11,True,9,127.037,4,1656427442068,"Region.Region<categorical>, Year.Year<categorical>",NewHiresByRegion.Region<categorical>,Year (slicer) - Year: 2012 selected,59,7.971599,-1.7807002
1,9,c7311241-45af-4f18-9032-4241221f8a11,True,9,127.037,4,1656427442109,Region.Region<categorical>,NewHiresByRegion.Region<categorical>,Year (slicer) - deselected,12,14.470499,4.8973765
1,9,c7311241-45af-4f18-9032-4241221f8a11,True,9,127.037,4,1656427459392,"Region.Region<categorical>, Year.Year<categorical>",NewHiresByRegion.Region<categorical>,Year (slicer) - Year: 2014 selected,59,6.6954994,11.950913
1,9,c7311241-45af-4f18-9032-4241221f8a11,True,9,127.037,4,1656427463661,"Region.Region<categorical>, Year.Year<categorical>",NewHiresByRegion.Region<categorical>,Year (slicer) - Year: 2012 selected,59,8.440638,-1.7468362
1,9,c7311241-45af-4f18-9032-4241221f8a11,True,9,127.037,4,1656427480665,"Region.Region<categorical>, Year.Year<categorical>",NewHiresByRegion.Region<categorical>,Year (slicer) - Year: 2014 selected,59,6.8526444,11.954782
1,9,c7311241-45af-4f18-9032-4241221f8a11,True,9,127.037,4,1656427516478,"Region.Region<categorical>, Year.Year<categorical>",NewHiresByRegion.Region<categorical>,Year (slicer) - Year: 2012 selected,59,7.973397,-1.7807771
1,9,c7311241-45af-4f18-9032-4241221f8a11,True,9,127.037,4,1656427522715,"Region.Region<categorical>, Year.Year<categorical>",NewHiresByRegion.Region<categorical>,Year (slicer) - Year: 2014 selected,59,6.4343433,11.925293
1,10,9c820154-95c6-4cc1-a024-afd5b5ddcb1c,True,12,127.76,4,1656683147343,Year.Year<categorical>,nan,Root,48,-16.179678,-16.314384
1,10,9c820154-95c6-4cc1-a024-afd5b5ddcb1c,True,12,127.76,4,1656683166493,"Region.Region<categorical>, Year.Year<categorical>",NewHiresByRegion.Region<categorical>,Region (slicer) - Region: Northwest selected,24,17.667505,4.3868656
1,10,9c820154-95c6-4cc1-a024-afd5b5ddcb1c,True,12,127.76,4,1656683189059,"Region.Region<categorical>, Year.Year<categorical>",NewHiresByRegion.Region<categorical>,Year (slicer) - Year: 2012 selected,59,7.827148,-1.7331845
1,10,9c820154-95c6-4cc1-a024-afd5b5ddcb1c,True,12,127.76,4,1656683190116,"Region.Region<categorical>, Year.Year<categorical>",NewHiresByRegion.Region<categorical>,Year (slicer) - Year: 2013 selected,24,17.667505,4.3868656
1,10,9c820154-95c6-4cc1-a024-afd5b5ddcb1c,True,12,127.76,4,1656683191432,"Region.Region<categorical>, Year.Year<categorical>",NewHiresByRegion.Region<categorical>,Year (slicer) - Year: 2012 selected,59,8.528769,-1.7102424
1,10,9c820154-95c6-4cc1-a024-afd5b5ddcb1c,True,12,127.76,4,1656683199096,"Region.Region<categorical>, Year.Year<categorical>",NewHiresByRegion.Region<categorical>,Year (slicer) - Year: 2013 selected,24,17.667505,4.386866
1,10,9c820154-95c6-4cc1-a024-afd5b5ddcb1c,True,12,127.76,4,1656683200338,"Region.Region<categorical>, Year.Year<categorical>",NewHiresByRegion.Region<categorical>,Year (slicer) - Year: 2012 selected,59,8.528767,-1.7102431
1,10,9c820154-95c6-4cc1-a024-afd5b5ddcb1c,True,12,127.76,4,1656683203569,"Region.Region<categorical>, Year.Year<categorical>",NewHiresByRegion.Region<categorical>,Year (slicer) - Year: 2014 selected,59,6.423501,11.910685
1,10,9c820154-95c6-4cc1-a024-afd5b5ddcb1c,True,12,127.76,4,1656683213904,"Region.Region<categorical>, Year.Year<categorical>",NewHiresByRegion.Region<categorical>,Year (slicer) - Year: 2012 selected,59,7.507609,-1.4710953
1,10,9c820154-95c6-4cc1-a024-afd5b5ddcb1c,True,12,127.76,4,1656683217958,"Region.Region<categorical>, Year.Year<categorical>",NewHiresByRegion.Region<categorical>,Year (slicer) - Year: 2014 selected,59,6.030477,11.540354
1,10,9c820154-95c6-4cc1-a024-afd5b5ddcb1c,True,12,127.76,4,1656683229290,"Region.Region<categorical>, Year.Year<categorical>",NewHiresByRegion.Region<categorical>,Year (slicer) - Year: 2012 selected,59,7.4377155,-0.9406328
1,10,9c820154-95c6-4cc1-a024-afd5b5ddcb1c,True,12,127.76,4,1656683234235,"Region.Region<categorical>, Year.Year<categorical>",NewHiresByRegion.Region<categorical>,Year (slicer) - Year: 2014 selected,59,7.000087,11.868901
0,11,d3b00202-075e-4561-9355-45df133c1cd9,True,6,73.65,4,1656742590152,Year.Year<categorical>,nan,Root,48,-16.179678,-16.314384
0,11,d3b00202-075e-4561-9355-45df133c1cd9,True,6,73.65,4,1656742603890,"Region.Region<categorical>, Year.Year<categorical>",NewHiresByRegion.Region<categorical>,Region (slicer) - Region: Northwest selected,24,17.667501,4.386845
0,11,d3b00202-075e-4561-9355-45df133c1cd9,True,6,73.65,4,1656742618274,Region.Region<categorical>,NewHiresByRegion.Region<categorical>,Year (slicer) - deselected,12,14.471056,4.897878
0,11,d3b00202-075e-4561-9355-45df133c1cd9,True,6,73.65,4,1656742618933,"Region.Region<categorical>, Year.Year<categorical>",NewHiresByRegion.Region<categorical>,Year (slicer) - Year: 2012 selected,59,8.036733,-1.1406033
0,11,d3b00202-075e-4561-9355-45df133c1cd9,True,6,73.65,4,1656742634800,Region.Region<categorical>,NewHiresByRegion.Region<categorical>,Year (slicer) - deselected,12,14.4699135,4.896917
0,11,d3b00202-075e-4561-9355-45df133c1cd9,True,6,73.65,4,1656742635460,"Region.Region<categorical>, Year.Year<categorical>",NewHiresByRegion.Region<categorical>,Year (slicer) - Year: 2014 selected,59,6.5617933,11.28299
0,12,37bca741-eec1-40eb-942f-33a5ff1c5319,True,6,62.163,4,1656742312682,Year.Year<categorical>,nan,Root,48,-16.179678,-16.314384
0,12,37bca741-eec1-40eb-942f-33a5ff1c5319,True,6,62.163,4,1656742321857,"Region.Region<categorical>, Year.Year<categorical>",NewHiresByRegion.Region<categorical>,Region (slicer) - Region: Northwest selected,24,17.613722,4.3960047
0,12,37bca741-eec1-40eb-942f-33a5ff1c5319,True,6,62.163,4,1656742332855,"Region.Region<categorical>, Year.Year<categorical>",NewHiresByRegion.Region<categorical>,Year (slicer) - Year: 2012 selected,59,7.7378125,-0.51136714
0,12,37bca741-eec1-40eb-942f-33a5ff1c5319,True,6,62.163,4,1656742337681,"Region.Region<categorical>, Year.Year<categorical>",NewHiresByRegion.Region<categorical>,Year (slicer) - Year: 2014 selected,59,7.429859,11.208536
0,12,37bca741-eec1-40eb-942f-33a5ff1c5319,True,6,62.163,4,1656742347964,"Region.Region<categorical>, Year.Year<categorical>",NewHiresByRegion.Region<categorical>,Year (slicer) - Year: 2012 selected,59,7.9100423,-0.41879833
0,12,37bca741-eec1-40eb-942f-33a5ff1c5319,True,6,62.163,4,1656742355074,"Region.Region<categorical>, Year.Year<categorical>",NewHiresByRegion.Region<categorical>,Year (slicer) - Year: 2014 selected,59,7.429859,11.208536
1,13,9d7c809e-c5c3-4dab-aad6-06ab83d0b681,True,12,147.017,4,1657570361273,Year.Year<categorical>,nan,Root,48,-16.179678,-16.314384
1,13,9d7c809e-c5c3-4dab-aad6-06ab83d0b681,True,12,147.017,4,1657570369279,"Region.Region<categorical>, Year.Year<categorical>",NewHiresByRegion.Region<categorical>,Region (slicer) - Region: Northwest selected,24,17.609528,4.3964424
1,13,9d7c809e-c5c3-4dab-aad6-06ab83d0b681,True,12,147.017,4,1657570375714,"Region.Region<categorical>, Year.Year<categorical>",NewHiresByRegion.Region<categorical>,"Year (slicer) - Year: 2013, 2012 selected",1,10.792376,-0.3495502
1,13,9d7c809e-c5c3-4dab-aad6-06ab83d0b681,True,12,147.017,4,1657570376678,"Region.Region<categorical>, Year.Year<categorical>",NewHiresByRegion.Region<categorical>,Year (slicer) - Year: 2012 selected,59,7.6848726,-0.5754025
1,13,9d7c809e-c5c3-4dab-aad6-06ab83d0b681,True,12,147.017,4,1657570377546,"Region.Region<categorical>, Year.Year<categorical>",NewHiresByRegion.Region<categorical>,"Year (slicer) - Year: 2012, 2014 selected",5,8.254454,5.1553726
1,13,9d7c809e-c5c3-4dab-aad6-06ab83d0b681,True,12,147.017,4,1657570423272,Region.Region<categorical>,NewHiresByRegion.Region<categorical>,Year (slicer) - deselected,12,14.469177,4.8963056
1,13,9d7c809e-c5c3-4dab-aad6-06ab83d0b681,True,12,147.017,4,1657570438493,"Region.Region<categorical>, Year.Year<categorical>",NewHiresByRegion.Region<categorical>,Year (slicer) - Year: 2012 selected,59,8.884708,-0.9619956
1,13,9d7c809e-c5c3-4dab-aad6-06ab83d0b681,True,12,147.017,4,1657570446247,"Region.Region<categorical>, Year.Year<categorical>",NewHiresByRegion.Region<categorical>,Year (slicer) - Year: 2014 selected,59,6.7576947,10.533115
1,13,9d7c809e-c5c3-4dab-aad6-06ab83d0b681,True,12,147.017,4,1657570447234,"Region.Region<categorical>, Year.Year<categorical>",NewHiresByRegion.Region<categorical>,Year (slicer) - Year: 2012 selected,59,8.684951,-0.55722666
1,13,9d7c809e-c5c3-4dab-aad6-06ab83d0b681,True,12,147.017,4,1657570452565,"Region.Region<categorical>, Year.Year<categorical>",NewHiresByRegion.Region<categorical>,Year (slicer) - Year: 2014 selected,59,6.304981,10.688224
1,13,9d7c809e-c5c3-4dab-aad6-06ab83d0b681,True,12,147.017,4,1657570462124,"Region.Region<categorical>, Year.Year<categorical>",NewHiresByRegion.Region<categorical>,Year (slicer) - Year: 2012 selected,59,8.288669,-1.0130157
1,13,9d7c809e-c5c3-4dab-aad6-06ab83d0b681,True,12,147.017,4,1657570486265,"Region.Region<categorical>, Year.Year<categorical>",NewHiresByRegion.Region<categorical>,Year (slicer) - Year: 2014 selected,59,7.430881,11.085686
1,14,00f7ffd3-5ed9-41ed-be64-568ef8ad1979,True,4,73.642,4,1656742329286,Year.Year<categorical>,nan,Root,48,-16.179678,-16.314384
1,14,00f7ffd3-5ed9-41ed-be64-568ef8ad1979,True,4,73.642,4,1656742346698,"Region.Region<categorical>, Year.Year<categorical>",NewHiresByRegion.Region<categorical>,Region (slicer) - Region: Northwest selected,24,17.609531,4.3964505
1,14,00f7ffd3-5ed9-41ed-be64-568ef8ad1979,True,4,73.642,4,1656742350068,"Region.Region<categorical>, Year.Year<categorical>",NewHiresByRegion.Region<categorical>,Year (slicer) - Year: 2012 selected,59,8.6835985,-0.5555777
1,14,00f7ffd3-5ed9-41ed-be64-568ef8ad1979,True,4,73.642,4,1656742379574,"Region.Region<categorical>, Year.Year<categorical>",NewHiresByRegion.Region<categorical>,Year (slicer) - Year: 2014 selected,59,6.758819,10.533166
1,15,8b504c0b-db88-4ccb-b3bc-98b5de4e735c,True,11,96.712,4,1656682729048,Year.Year<categorical>,nan,Root,48,-16.179678,-16.314384
1,15,8b504c0b-db88-4ccb-b3bc-98b5de4e735c,True,11,96.712,4,1656682744183,Year.Year<categorical>,nan,Year (slicer) - Year: 2012 selected,27,-29.361313,-14.649622
1,15,8b504c0b-db88-4ccb-b3bc-98b5de4e735c,True,11,96.712,4,1656682745199,Year.Year<categorical>,nan,Year (slicer) - Year: 2014 selected,19,-24.92287,-12.551419
1,15,8b504c0b-db88-4ccb-b3bc-98b5de4e735c,True,11,96.712,4,1656682746961,Year.Year<categorical>,nan,"Year (slicer) - Year: 2014, 2012 selected",4,-26.667404,-13.158475
1,15,8b504c0b-db88-4ccb-b3bc-98b5de4e735c,True,11,96.712,4,1656682778053,"Region.Region<categorical>, Year.Year<categorical>",NewHiresByRegion.Region<categorical>,Region (slicer) - Region: Northwest selected,5,8.25275,5.1557493
1,15,8b504c0b-db88-4ccb-b3bc-98b5de4e735c,True,11,96.712,4,1656682782392,Region.Region<categorical>,NewHiresByRegion.Region<categorical>,Year (slicer) - deselected,12,14.469364,4.8974175
1,15,8b504c0b-db88-4ccb-b3bc-98b5de4e735c,True,11,96.712,4,1656682787394,"Region.Region<categorical>, Year.Year<categorical>",NewHiresByRegion.Region<categorical>,Year (slicer) - Year: 2014 selected,59,7.431245,11.08794
1,15,8b504c0b-db88-4ccb-b3bc-98b5de4e735c,True,11,96.712,4,1656682808530,Region.Region<categorical>,NewHiresByRegion.Region<categorical>,Year (slicer) - deselected,12,14.470016,4.8966713
1,15,8b504c0b-db88-4ccb-b3bc-98b5de4e735c,True,11,96.712,4,1656682809346,"Region.Region<categorical>, Year.Year<categorical>",NewHiresByRegion.Region<categorical>,Year (slicer) - Year: 2012 selected,59,8.618838,-0.49714735
1,15,8b504c0b-db88-4ccb-b3bc-98b5de4e735c,True,11,96.712,4,1656682815642,Region.Region<categorical>,NewHiresByRegion.Region<categorical>,Year (slicer) - deselected,12,14.469162,4.896934
1,15,8b504c0b-db88-4ccb-b3bc-98b5de4e735c,True,11,96.712,4,1656682815706,"Region.Region<categorical>, Year.Year<categorical>",NewHiresByRegion.Region<categorical>,Year (slicer) - Year: 2014 selected,59,6.985026,10.597332
1,16,1edfdae6-d0ff-40e3-87f6-346e93436094,False,10,58.284,4,1656682784222,Year.Year<categorical>,nan,Root,48,-16.179678,-16.314384
1,16,1edfdae6-d0ff-40e3-87f6-346e93436094,False,10,58.284,4,1656682788631,"Region.Region<categorical>, Year.Year<categorical>",nan,Region (slicer) - Region: Northwest selected,6,-13.820931,-15.409442
1,16,1edfdae6-d0ff-40e3-87f6-346e93436094,False,10,58.284,4,1656682792848,"Region.Region<categorical>, Year.Year<categorical>",NewHiresByRegion.Region<categorical>,Year (slicer) - Year: 2012 selected,59,8.167481,-0.34749267
1,16,1edfdae6-d0ff-40e3-87f6-346e93436094,False,10,58.284,4,1656682793766,"Region.Region<categorical>, Year.Year<categorical>",NewHiresByRegion.Region<categorical>,Year (slicer) - Year: 2014 selected,59,7.428503,11.079509
1,16,1edfdae6-d0ff-40e3-87f6-346e93436094,False,10,58.284,4,1656682796211,"Region.Region<categorical>, Year.Year<categorical>",NewHiresByRegion.Region<categorical>,"Year (slicer) - Year: 2014, 2012 selected",5,8.253319,5.1550336
1,16,1edfdae6-d0ff-40e3-87f6-346e93436094,False,10,58.284,4,1656682813644,Region.Region<categorical>,NewHiresByRegion.Region<categorical>,Year (slicer) - deselected,12,14.4704275,4.8975387
1,16,1edfdae6-d0ff-40e3-87f6-346e93436094,False,10,58.284,4,1656682817287,"Region.Region<categorical>, Year.Year<categorical>",NewHiresByRegion.Region<categorical>,Year (slicer) - Year: 2012 selected,59,8.80206,-0.7463923
1,16,1edfdae6-d0ff-40e3-87f6-346e93436094,False,10,58.284,4,1656682823392,"Region.Region<categorical>, Year.Year<categorical>",NewHiresByRegion.Region<categorical>,Year (slicer) - Year: 2014 selected,59,7.2006106,10.718525
1,16,1edfdae6-d0ff-40e3-87f6-346e93436094,False,10,58.284,4,1656682825323,"Region.Region<categorical>, Year.Year<categorical>",NewHiresByRegion.Region<categorical>,Year (slicer) - Year: 2012 selected,59,8.882401,-0.95998144
1,16,1edfdae6-d0ff-40e3-87f6-346e93436094,False,10,58.284,4,1656682831006,"NewHiresAndNewHiresSamePeriodLastYear(SPLY).Month<categorical>, Region.Region<categorical>, Year.Year<categorical>","NewHiresByMonth(Full-Time/Part-Time).Month<categorical>, NewHiresByRegion.Region<categorical>",New Hires and New Hires Same Period Last Year (SPLY) (clusteredColumnChart) - Month: Nov selected,6,-5.3160243,9.536259
1,17,842a466b-60c4-4153-a9b7-63ed026886f9,True,29,145.196,4,1657537861615,Year.Year<categorical>,nan,Root,48,-16.179678,-16.314384
1,17,842a466b-60c4-4153-a9b7-63ed026886f9,True,29,145.196,4,1657537874114,"Region.Region<categorical>, Year.Year<categorical>",NewHiresByRegion.Region<categorical>,Region (slicer) - Region: Northwest selected,24,17.609379,4.3964243
1,17,842a466b-60c4-4153-a9b7-63ed026886f9,True,29,145.196,4,1657537884289,"Region.Region<categorical>, Year.Year<categorical>",NewHiresByRegion.Region<categorical>,Year (slicer) - Year: 2012 selected,59,8.886866,-1.1006957
1,17,842a466b-60c4-4153-a9b7-63ed026886f9,True,29,145.196,4,1657537914583,"Region.Region<categorical>, Year.Year<categorical>",NewHiresByRegion.Region<categorical>,New Hires and New Hires Same Period Last Year (SPLY) (clusteredColumnChart) - deselected,59,8.817462,-0.77792454
1,17,842a466b-60c4-4153-a9b7-63ed026886f9,True,29,145.196,4,1657537914727,"NewHiresAndNewHiresSamePeriodLastYear(SPLY).Month<categorical>, Region.Region<categorical>, Year.Year<categorical>","NewHiresByMonth(Full-Time/Part-Time).Month<categorical>, NewHiresByRegion.Region<categorical>","New Hires and New Hires Same Period Last Year (SPLY) (clusteredColumnChart) - Month: Dec, Dec selected",1,-5.3118486,9.554434
1,17,842a466b-60c4-4153-a9b7-63ed026886f9,True,29,145.196,4,1657537935791,"NewHiresAndNewHiresSamePeriodLastYear(SPLY).Month<categorical>, Region.Region<categorical>, Year.Year<categorical>","NewHiresByMonth(Full-Time/Part-Time).Month<categorical>, NewHiresByRegion.Region<categorical>",New Hires and New Hires Same Period Last Year (SPLY) (clusteredColumnChart) - Month: Nov selected,6,-5.316041,9.536383
1,17,842a466b-60c4-4153-a9b7-63ed026886f9,True,29,145.196,4,1657537938656,"Region.Region<categorical>, Year.Year<categorical>",NewHiresByRegion.Region<categorical>,New Hires and New Hires Same Period Last Year (SPLY) (clusteredColumnChart) - deselected,59,8.176592,-0.34803423
1,17,842a466b-60c4-4153-a9b7-63ed026886f9,True,29,145.196,4,1657537940726,"NewHiresAndNewHiresSamePeriodLastYear(SPLY).Month<categorical>, Region.Region<categorical>, Year.Year<categorical>","NewHiresByMonth(Full-Time/Part-Time).Month<categorical>, NewHiresByRegion.Region<categorical>",New Hires and New Hires Same Period Last Year (SPLY) (clusteredColumnChart) - Month: Oct selected,2,-5.239575,9.632292
1,17,842a466b-60c4-4153-a9b7-63ed026886f9,True,29,145.196,4,1657537945008,"Region.Region<categorical>, Year.Year<categorical>",NewHiresByRegion.Region<categorical>,New Hires and New Hires Same Period Last Year (SPLY) (clusteredColumnChart) - deselected,59,8.618836,-0.49714747
1,17,842a466b-60c4-4153-a9b7-63ed026886f9,True,29,145.196,4,1657537948494,"NewHiresAndNewHiresSamePeriodLastYear(SPLY).Month<categorical>, Region.Region<categorical>, Year.Year<categorical>","NewHiresByMonth(Full-Time/Part-Time).Month<categorical>, NewHiresByRegion.Region<categorical>",New Hires and New Hires Same Period Last Year (SPLY) (clusteredColumnChart) - Month: Nov selected,6,-5.3160243,9.536259
1,17,842a466b-60c4-4153-a9b7-63ed026886f9,True,29,145.196,4,1657537955782,"NewHiresAndNewHiresSamePeriodLastYear(SPLY).Month<categorical>, Region.Region<categorical>, Year.Year<categorical>","NewHiresByMonth(Full-Time/Part-Time).Month<categorical>, NewHiresByRegion.Region<categorical>",Year (slicer) - Year: 2014 selected,2,-5.1948314,9.719684
1,17,842a466b-60c4-4153-a9b7-63ed026886f9,True,29,145.196,4,1657537958357,"Region.Region<categorical>, Year.Year<categorical>",NewHiresByRegion.Region<categorical>,New Hires and New Hires Same Period Last Year (SPLY) (clusteredColumnChart) - deselected,59,6.2919226,10.6925335
1,17,842a466b-60c4-4153-a9b7-63ed026886f9,True,29,145.196,4,1657537960659,"NewHiresAndNewHiresSamePeriodLastYear(SPLY).Month<categorical>, Region.Region<categorical>, Year.Year<categorical>","NewHiresByMonth(Full-Time/Part-Time).Month<categorical>, NewHiresByRegion.Region<categorical>",New Hires and New Hires Same Period Last Year (SPLY) (clusteredColumnChart) - Month: Jul selected,6,-4.9997807,10.017893
1,17,842a466b-60c4-4153-a9b7-63ed026886f9,True,29,145.196,4,1657537962077,"Region.Region<categorical>, Year.Year<categorical>",NewHiresByRegion.Region<categorical>,New Hires and New Hires Same Period Last Year (SPLY) (clusteredColumnChart) - deselected,59,7.149836,10.675823
1,17,842a466b-60c4-4153-a9b7-63ed026886f9,True,29,145.196,4,1657537963098,"NewHiresAndNewHiresSamePeriodLastYear(SPLY).Month<categorical>, Region.Region<categorical>, Year.Year<categorical>","NewHiresByMonth(Full-Time/Part-Time).Month<categorical>, NewHiresByRegion.Region<categorical>",New Hires and New Hires Same Period Last Year (SPLY) (clusteredColumnChart) - Month: Oct selected,2,-5.069064,9.891843
1,17,842a466b-60c4-4153-a9b7-63ed026886f9,True,29,145.196,4,1657537965853,"NewHiresAndNewHiresSamePeriodLastYear(SPLY).Month<categorical>, Region.Region<categorical>, Year.Year<categorical>","NewHiresByMonth(Full-Time/Part-Time).Month<categorical>, NewHiresByRegion.Region<categorical>",Year (slicer) - Year: 2012 selected,2,-5.23952,9.63226
1,17,842a466b-60c4-4153-a9b7-63ed026886f9,True,29,145.196,4,1657537967757,"NewHiresAndNewHiresSamePeriodLastYear(SPLY).Month<categorical>, Region.Region<categorical>, Year.Year<categorical>","NewHiresByMonth(Full-Time/Part-Time).Month<categorical>, NewHiresByRegion.Region<categorical>","Year (slicer) - Year: 2012, 2014 selected",1,-5.1435814,9.760399
1,17,842a466b-60c4-4153-a9b7-63ed026886f9,True,29,145.196,4,1657537971703,"Region.Region<categorical>, Year.Year<categorical>",NewHiresByRegion.Region<categorical>,New Hires and New Hires Same Period Last Year (SPLY) (clusteredColumnChart) - deselected,5,8.253606,5.1554394
1,17,842a466b-60c4-4153-a9b7-63ed026886f9,True,29,145.196,4,1657537975823,Region.Region<categorical>,NewHiresByRegion.Region<categorical>,Year (slicer) - deselected,12,14.469175,4.897138
1,17,842a466b-60c4-4153-a9b7-63ed026886f9,True,29,145.196,4,1657537977798,"Region.Region<categorical>, Year.Year<categorical>",NewHiresByRegion.Region<categorical>,Year (slicer) - Year: 2014 selected,59,7.2006106,10.718525
1,17,842a466b-60c4-4153-a9b7-63ed026886f9,True,29,145.196,4,1657537985472,"NewHiresAndNewHiresSamePeriodLastYear(SPLY).Month<categorical>, Region.Region<categorical>, Year.Year<categorical>","NewHiresByMonth(Full-Time/Part-Time).Month<categorical>, NewHiresByRegion.Region<categorical>",New Hires and New Hires Same Period Last Year (SPLY) (clusteredColumnChart) - Month: Jul selected,6,-4.9997807,10.017893
1,17,842a466b-60c4-4153-a9b7-63ed026886f9,True,29,145.196,4,1657537986656,"Region.Region<categorical>, Year.Year<categorical>",NewHiresByRegion.Region<categorical>,New Hires and New Hires Same Period Last Year (SPLY) (clusteredColumnChart) - deselected,59,6.509114,10.587541
1,17,842a466b-60c4-4153-a9b7-63ed026886f9,True,29,145.196,4,1657537987464,"NewHiresAndNewHiresSamePeriodLastYear(SPLY).Month<categorical>, Region.Region<categorical>, Year.Year<categorical>","NewHiresByMonth(Full-Time/Part-Time).Month<categorical>, NewHiresByRegion.Region<categorical>",New Hires and New Hires Same Period Last Year (SPLY) (clusteredColumnChart) - Month: Aug selected,1,-5.0218034,9.991442
1,17,842a466b-60c4-4153-a9b7-63ed026886f9,True,29,145.196,4,1657537988507,"Region.Region<categorical>, Year.Year<categorical>",NewHiresByRegion.Region<categorical>,New Hires and New Hires Same Period Last Year (SPLY) (clusteredColumnChart) - deselected,59,6.292057,10.692417
1,17,842a466b-60c4-4153-a9b7-63ed026886f9,True,29,145.196,4,1657537990060,"NewHiresAndNewHiresSamePeriodLastYear(SPLY).Month<categorical>, Region.Region<categorical>, Year.Year<categorical>","NewHiresByMonth(Full-Time/Part-Time).Month<categorical>, NewHiresByRegion.Region<categorical>","New Hires and New Hires Same Period Last Year (SPLY) (clusteredColumnChart) - Month: Oct, Oct selected",2,-5.069168,9.892373
1,17,842a466b-60c4-4153-a9b7-63ed026886f9,True,29,145.196,4,1657537991085,"Region.Region<categorical>, Year.Year<categorical>",NewHiresByRegion.Region<categorical>,New Hires and New Hires Same Period Last Year (SPLY) (clusteredColumnChart) - deselected,59,6.7463727,10.532844
1,17,842a466b-60c4-4153-a9b7-63ed026886f9,True,29,145.196,4,1657537993018,"NewHiresAndNewHiresSamePeriodLastYear(SPLY).Month<categorical>, Region.Region<categorical>, Year.Year<categorical>","NewHiresByMonth(Full-Time/Part-Time).Month<categorical>, NewHiresByRegion.Region<categorical>",New Hires and New Hires Same Period Last Year (SPLY) (clusteredColumnChart) - Month: Jun selected,1,-5.0218034,9.991442
1,17,842a466b-60c4-4153-a9b7-63ed026886f9,True,29,145.196,4,1657537995129,"Region.Region<categorical>, Year.Year<categorical>",NewHiresByRegion.Region<categorical>,New Hires and New Hires Same Period Last Year (SPLY) (clusteredColumnChart) - deselected,59,6.292329,10.692202
1,17,842a466b-60c4-4153-a9b7-63ed026886f9,True,29,145.196,4,1657537996060,"NewHiresAndNewHiresSamePeriodLastYear(SPLY).Month<categorical>, Region.Region<categorical>, Year.Year<categorical>","NewHiresByMonth(Full-Time/Part-Time).Month<categorical>, NewHiresByRegion.Region<categorical>",New Hires and New Hires Same Period Last Year (SPLY) (clusteredColumnChart) - Month: Jul selected,6,-4.9996915,10.018278
0,18,28a1672b-d149-4cef-aec9-cff195c392dd,False,6,62.305,4,1657540777460,Year.Year<categorical>,nan,Root,48,-16.179678,-16.314384
0,18,28a1672b-d149-4cef-aec9-cff195c392dd,False,6,62.305,4,1657540797635,Year.Year<categorical>,nan,Year (slicer) - Year: 2012 selected,27,-29.361265,-14.64929
0,18,28a1672b-d149-4cef-aec9-cff195c392dd,False,6,62.305,4,1657540804016,"Region.Region<categorical>, Year.Year<categorical>",nan,Region (slicer) - Region: Northwest selected,5,-30.687511,-14.620169
0,18,28a1672b-d149-4cef-aec9-cff195c392dd,False,6,62.305,4,1657540816748,"NewHiresByMonth(Full-Time/Part-Time).Month<categorical>, NewHiresByMonth(Full-Time/Part-Time).FPDesc<categorical>, Region.Region<categorical>, Year.Year<categorical>",NewHiresByRegion.Region<categorical>,New Hires by Month (Full-Time/Part-Time) (lineChart) - Month: Nov. FPDesc: Part-Time selected,3,5.5178027,1.2017493
0,18,28a1672b-d149-4cef-aec9-cff195c392dd,False,6,62.305,4,1657540820273,"NewHiresByMonth(Full-Time/Part-Time).Month<categorical>, NewHiresByMonth(Full-Time/Part-Time).FPDesc<categorical>, Region.Region<categorical>, Year.Year<categorical>",NewHiresByRegion.Region<categorical>,New Hires by Month (Full-Time/Part-Time) (lineChart) - Month: Sep. FPDesc: Part-Time selected,1,19.31171,20.12469
0,18,28a1672b-d149-4cef-aec9-cff195c392dd,False,6,62.305,4,1657540822725,"NewHiresByMonth(Full-Time/Part-Time).Month<categorical>, NewHiresByMonth(Full-Time/Part-Time).FPDesc<categorical>, Region.Region<categorical>, Year.Year<categorical>",NewHiresByRegion.Region<categorical>,New Hires by Month (Full-Time/Part-Time) (lineChart) - Month: Nov. FPDesc: Part-Time selected,3,5.5176497,1.2019109
1,19,239bc4b6-2df5-4aff-ae7b-b92123c13b66,False,3,134.558,4,1656742148116,Year.Year<categorical>,nan,Root,48,-16.179678,-16.314384
1,19,239bc4b6-2df5-4aff-ae7b-b92123c13b66,False,3,134.558,4,1656742224530,Year.Year<categorical>,nan,Year (slicer) - Year: 2012 selected,27,-29.383389,-14.651587
1,19,239bc4b6-2df5-4aff-ae7b-b92123c13b66,False,3,134.558,4,1656742250570,Year.Year<categorical>,nan,Year (slicer) - Year: 2014 selected,19,-24.922993,-12.552964
1,20,4f9357bf-3b2e-4149-b186-176ed893b113,False,10,88.631,4,1656682655538,Year.Year<categorical>,nan,Root,48,-16.179678,-16.314384
1,20,4f9357bf-3b2e-4149-b186-176ed893b113,False,10,88.631,4,1656682668490,"NewHiresByRegion.Region<categorical>, Year.Year<categorical>",nan,New Hires by Region (clusteredBarChart) - Region: Northwest selected,2,-15.951721,-14.73352
1,20,4f9357bf-3b2e-4149-b186-176ed893b113,False,10,88.631,4,1656682669694,"NewHiresByRegion.Region<categorical>, Region.Region<categorical>, Year.Year<categorical>",nan,Region (slicer) - Region: Northwest selected,1,-14.071193,-15.139345
1,20,4f9357bf-3b2e-4149-b186-176ed893b113,False,10,88.631,4,1656682694565,"NewHiresByRegion.Region<categorical>, Region.Region<categorical>",NewHiresByRegion.Region<categorical>,Year (slicer) - deselected,2,13.568089,4.8063254
1,20,4f9357bf-3b2e-4149-b186-176ed893b113,False,10,88.631,4,1656682695218,"NewHiresByRegion.Region<categorical>, Region.Region<categorical>, Year.Year<categorical>",NewHiresByRegion.Region<categorical>,Year (slicer) - Year: 2012 selected,2,9.447213,1.2877908
1,20,4f9357bf-3b2e-4149-b186-176ed893b113,False,10,88.631,4,1656682696263,"NewHiresByRegion.Region<categorical>, Region.Region<categorical>, Year.Year<categorical>",NewHiresByRegion.Region<categorical>,Year (slicer) - Year: 2014 selected,2,8.887577,9.608129
1,20,4f9357bf-3b2e-4149-b186-176ed893b113,False,10,88.631,4,1656682700271,"NewHiresByRegion.Region<categorical>, Region.Region<categorical>, Year.Year<categorical>",NewHiresByRegion.Region<categorical>,"Year (slicer) - Year: 2014, 2012 selected",1,8.451186,5.1329956
1,20,4f9357bf-3b2e-4149-b186-176ed893b113,False,10,88.631,4,1656682721803,"NewHiresByRegion.Region<categorical>, Region.Region<categorical>",NewHiresByRegion.Region<categorical>,Year (slicer) - deselected,2,13.567158,4.806462
1,20,4f9357bf-3b2e-4149-b186-176ed893b113,False,10,88.631,4,1656682726392,"NewHiresByRegion.Region<categorical>, Region.Region<categorical>, Year.Year<categorical>",NewHiresByRegion.Region<categorical>,Year (slicer) - Year: 2012 selected,2,9.447818,1.28782
1,20,4f9357bf-3b2e-4149-b186-176ed893b113,False,10,88.631,4,1656682731480,"NewHiresByRegion.Region<categorical>, Region.Region<categorical>, Year.Year<categorical>",NewHiresByRegion.Region<categorical>,Year (slicer) - Year: 2014 selected,2,8.887932,9.608163
0,21,53ccd7c5-abcc-491d-a88e-7da21d5fe18f,True,4,55.829,4,1656742600708,Year.Year<categorical>,nan,Root,48,-16.179678,-16.314384
0,21,53ccd7c5-abcc-491d-a88e-7da21d5fe18f,True,4,55.829,4,1656742607738,"Region.Region<categorical>, Year.Year<categorical>",NewHiresByRegion.Region<categorical>,Region (slicer) - Region: Northwest selected,24,17.60938,4.3964787
0,21,53ccd7c5-abcc-491d-a88e-7da21d5fe18f,True,4,55.829,4,1656742610696,"Region.Region<categorical>, Year.Year<categorical>",NewHiresByRegion.Region<categorical>,Year (slicer) - Year: 2012 selected,59,8.847162,-1.363889
0,21,53ccd7c5-abcc-491d-a88e-7da21d5fe18f,True,4,55.829,4,1656742638143,"Region.Region<categorical>, Year.Year<categorical>",NewHiresByRegion.Region<categorical>,Year (slicer) - Year: 2014 selected,59,7.3237224,11.58884
1,22,a82f1557-7a15-4ebd-8ac1-e16e97832ce8,True,22,84.284,4,1656672253690,Year.Year<categorical>,nan,Root,48,-16.179678,-16.314384
1,22,a82f1557-7a15-4ebd-8ac1-e16e97832ce8,True,22,84.284,4,1656672265878,Year.Year<categorical>,nan,Year (slicer) - Year: 2012 selected,27,-29.361782,-14.65004
1,22,a82f1557-7a15-4ebd-8ac1-e16e97832ce8,True,22,84.284,4,1656672266700,Year.Year<categorical>,nan,Year (slicer) - Year: 2014 selected,19,-24.922157,-12.549616
1,22,a82f1557-7a15-4ebd-8ac1-e16e97832ce8,True,22,84.284,4,1656672267549,Year.Year<categorical>,nan,Year (slicer) - Year: 2012 selected,27,-29.383995,-14.651651
1,22,a82f1557-7a15-4ebd-8ac1-e16e97832ce8,True,22,84.284,4,1656672273842,"Region.Region<categorical>, Year.Year<categorical>",nan,Region (slicer) - Region: Northwest selected,5,-30.68612,-14.619
1,22,a82f1557-7a15-4ebd-8ac1-e16e97832ce8,True,22,84.284,4,1656672282175,"NewHiresByMonth(Full-Time/Part-Time).Month<categorical>, NewHiresByMonth(Full-Time/Part-Time).FPDesc<categorical>, Region.Region<categorical>, Year.Year<categorical>",NewHiresByRegion.Region<categorical>,New Hires by Month (Full-Time/Part-Time) (lineChart) - Month: Nov. FPDesc: Part-Time selected,3,5.5175424,1.2015483
1,22,a82f1557-7a15-4ebd-8ac1-e16e97832ce8,True,22,84.284,4,1656672286161,"NewHiresByMonth(Full-Time/Part-Time).Month<categorical>, NewHiresByMonth(Full-Time/Part-Time).FPDesc<categorical>, Region.Region<categorical>, Year.Year<categorical>",NewHiresByRegion.Region<categorical>,"New Hires by Month (Full-Time/Part-Time) (lineChart) - Month: Nov, Nov. FPDesc: Full-Time, Part-Time selected",3,5.471309,1.399449
1,22,a82f1557-7a15-4ebd-8ac1-e16e97832ce8,True,22,84.284,4,1656672301092,"NewHiresByMonth(Full-Time/Part-Time).Month<categorical>, NewHiresByMonth(Full-Time/Part-Time).FPDesc<categorical>, Region.Region<categorical>, Year.Year<categorical>",NewHiresByRegion.Region<categorical>,Year (slicer) - Year: 2014 selected,3,4.792186,7.774671
1,22,a82f1557-7a15-4ebd-8ac1-e16e97832ce8,True,22,84.284,4,1656672303118,"Region.Region<categorical>, Year.Year<categorical>",NewHiresByRegion.Region<categorical>,New Hires by Month (Full-Time/Part-Time) (lineChart) - deselected,59,6.742364,11.221466
1,22,a82f1557-7a15-4ebd-8ac1-e16e97832ce8,True,22,84.284,4,1656672308879,"NewHiresByMonth(Full-Time/Part-Time).Month<categorical>, NewHiresByMonth(Full-Time/Part-Time).FPDesc<categorical>, Region.Region<categorical>, Year.Year<categorical>",NewHiresByRegion.Region<categorical>,New Hires by Month (Full-Time/Part-Time) (lineChart) - Month: Aug. FPDesc: Part-Time selected,1,6.6781063,13.838782
1,22,a82f1557-7a15-4ebd-8ac1-e16e97832ce8,True,22,84.284,4,1656672310711,"NewHiresByMonth(Full-Time/Part-Time).Month<categorical>, NewHiresByMonth(Full-Time/Part-Time).FPDesc<categorical>, Region.Region<categorical>, Year.Year<categorical>",NewHiresByRegion.Region<categorical>,"New Hires by Month (Full-Time/Part-Time) (lineChart) - Month: Sep, Oct, Sep, Oct. FPDesc: Full-Time, Full-Time, Part-Time, Part-Time selected",1,5.249339,8.145664
1,22,a82f1557-7a15-4ebd-8ac1-e16e97832ce8,True,22,84.284,4,1656672313494,"NewHiresByMonth(Full-Time/Part-Time).Month<categorical>, NewHiresByMonth(Full-Time/Part-Time).FPDesc<categorical>, Region.Region<categorical>, Year.Year<categorical>",NewHiresByRegion.Region<categorical>,"New Hires by Month (Full-Time/Part-Time) (lineChart) - Month: Sep, Sep. FPDesc: Full-Time, Part-Time selected",1,5.169688,8.128705
1,22,a82f1557-7a15-4ebd-8ac1-e16e97832ce8,True,22,84.284,4,1656672314536,"NewHiresByMonth(Full-Time/Part-Time).Month<categorical>, Region.Region<categorical>, Year.Year<categorical>",NewHiresByRegion.Region<categorical>,New Hires by Month (Full-Time/Part-Time) (lineChart) - Month: Aug selected,2,6.682328,13.805471
1,22,a82f1557-7a15-4ebd-8ac1-e16e97832ce8,True,22,84.284,4,1656672315453,"NewHiresByMonth(Full-Time/Part-Time).Month<categorical>, Region.Region<categorical>, Year.Year<categorical>",NewHiresByRegion.Region<categorical>,New Hires by Month (Full-Time/Part-Time) (lineChart) - Month: Sep selected,2,6.733837,8.828039
1,22,a82f1557-7a15-4ebd-8ac1-e16e97832ce8,True,22,84.284,4,1656672316853,"NewHiresByMonth(Full-Time/Part-Time).Month<categorical>, Region.Region<categorical>, Year.Year<categorical>",NewHiresByRegion.Region<categorical>,New Hires by Month (Full-Time/Part-Time) (lineChart) - Month: Jul selected,3,4.3598084,9.748979
1,22,a82f1557-7a15-4ebd-8ac1-e16e97832ce8,True,22,84.284,4,1656672317883,"NewHiresByMonth(Full-Time/Part-Time).Month<categorical>, Region.Region<categorical>, Year.Year<categorical>",NewHiresByRegion.Region<categorical>,New Hires by Month (Full-Time/Part-Time) (lineChart) - Month: Jun selected,1,8.393146,12.25214
1,22,a82f1557-7a15-4ebd-8ac1-e16e97832ce8,True,22,84.284,4,1656672318710,"Region.Region<categorical>, Year.Year<categorical>",NewHiresByRegion.Region<categorical>,New Hires by Month (Full-Time/Part-Time) (lineChart) - deselected,59,6.432596,10.622165
1,22,a82f1557-7a15-4ebd-8ac1-e16e97832ce8,True,22,84.284,4,1656672320103,"NewHiresByMonth(Full-Time/Part-Time).Month<categorical>, Region.Region<categorical>, Year.Year<categorical>",NewHiresByRegion.Region<categorical>,New Hires by Month (Full-Time/Part-Time) (lineChart) - Month: Oct selected,1,5.0375524,12.271711
1,22,a82f1557-7a15-4ebd-8ac1-e16e97832ce8,True,22,84.284,4,1656672320815,"Region.Region<categorical>, Year.Year<categorical>",NewHiresByRegion.Region<categorical>,New Hires by Month (Full-Time/Part-Time) (lineChart) - deselected,59,6.237024,10.758631
1,22,a82f1557-7a15-4ebd-8ac1-e16e97832ce8,True,22,84.284,4,1656672321885,"NewHiresByMonth(Full-Time/Part-Time).Month<categorical>, Region.Region<categorical>, Year.Year<categorical>",NewHiresByRegion.Region<categorical>,New Hires by Month (Full-Time/Part-Time) (lineChart) - Month: Sep selected,2,6.735304,8.828138
1,22,a82f1557-7a15-4ebd-8ac1-e16e97832ce8,True,22,84.284,4,1656672322369,"NewHiresByMonth(Full-Time/Part-Time).Month<categorical>, Region.Region<categorical>, Year.Year<categorical>",NewHiresByRegion.Region<categorical>,New Hires by Month (Full-Time/Part-Time) (lineChart) - Month: Aug selected,2,6.688597,13.805354
1,22,a82f1557-7a15-4ebd-8ac1-e16e97832ce8,True,22,84.284,4,1656672322921,"NewHiresByMonth(Full-Time/Part-Time).Month<categorical>, Region.Region<categorical>, Year.Year<categorical>",NewHiresByRegion.Region<categorical>,New Hires by Month (Full-Time/Part-Time) (lineChart) - Month: Jul selected,3,4.3599124,9.750846
0,23,bf5d3e35-7b0a-4654-b950-3ab81fcf5f3c,False,3,30.521,4,1656742221604,Year.Year<categorical>,nan,Root,48,-16.179678,-16.314384
0,23,bf5d3e35-7b0a-4654-b950-3ab81fcf5f3c,False,3,30.521,4,1656742226908,"Region.Region<categorical>, Year.Year<categorical>",NewHiresByRegion.Region<categorical>,Region (slicer) - Region: Northwest selected,24,17.609377,4.396471
0,23,bf5d3e35-7b0a-4654-b950-3ab81fcf5f3c,False,3,30.521,4,1656742237370,"Region.Region<categorical>, Year.Year<categorical>",NewHiresByRegion.Region<categorical>,Year (slicer) - Year: 2012 selected,59,8.195725,-0.34956715
0,24,63eac8a4-70b6-4ebb-b66a-6af30d4d8dbf,False,2,46.497,4,1656682659462,Year.Year<categorical>,nan,Root,48,-16.179678,-16.314384
0,24,63eac8a4-70b6-4ebb-b66a-6af30d4d8dbf,False,2,46.497,4,1656682684614,"Region.Region<categorical>, Year.Year<categorical>",NewHiresByRegion.Region<categorical>,Region (slicer) - Region: Northwest selected,24,17.60953,4.3964353
0,25,120df892-aa13-463c-966f-0428fd670380,False,7,56.435,4,1656683410160,Year.Year<categorical>,nan,Root,48,-16.179678,-16.314384
0,25,120df892-aa13-463c-966f-0428fd670380,False,7,56.435,4,1656683420226,Year.Year<categorical>,nan,Year (slicer) - Year: 2012 selected,27,-29.361645,-14.650322
0,25,120df892-aa13-463c-966f-0428fd670380,False,7,56.435,4,1656683428893,Year.Year<categorical>,nan,Year (slicer) - Year: 2014 selected,19,-24.92099,-12.54678
0,25,120df892-aa13-463c-966f-0428fd670380,False,7,56.435,4,1656683430018,Year.Year<categorical>,nan,Year (slicer) - Year: 2012 selected,27,-29.361315,-14.649991
0,25,120df892-aa13-463c-966f-0428fd670380,False,7,56.435,4,1656683451110,Year.Year<categorical>,nan,Year (slicer) - Year: 2014 selected,19,-24.924913,-12.555309
0,25,120df892-aa13-463c-966f-0428fd670380,False,7,56.435,4,1656683454386,Year.Year<categorical>,nan,Year (slicer) - Year: 2012 selected,27,-29.361294,-14.649563
0,25,120df892-aa13-463c-966f-0428fd670380,False,7,56.435,4,1656683456230,Year.Year<categorical>,nan,Year (slicer) - Year: 2014 selected,19,-24.922888,-12.552325
1,26,e36a2ec6-b3b9-46c3-942e-fef3b282b8f9,True,4,166.224,4,1657556844734,Year.Year<categorical>,nan,Root,48,-16.179678,-16.314384
1,26,e36a2ec6-b3b9-46c3-942e-fef3b282b8f9,True,4,166.224,4,1657556880508,"Region.Region<categorical>, Year.Year<categorical>",nan,Region (slicer) - Region: Northwest selected,6,-13.829054,-15.409834
1,26,e36a2ec6-b3b9-46c3-942e-fef3b282b8f9,True,4,166.224,4,1657556901907,"Region.Region<categorical>, Year.Year<categorical>",NewHiresByRegion.Region<categorical>,Year (slicer) - Year: 2012 selected,59,7.690233,-0.5687242
1,26,e36a2ec6-b3b9-46c3-942e-fef3b282b8f9,True,4,166.224,4,1657556945251,"Region.Region<categorical>, Year.Year<categorical>",NewHiresByRegion.Region<categorical>,Year (slicer) - Year: 2014 selected,59,7.3240585,11.584303
1,27,81b7fe0b-6892-4f51-8304-65931a1a1b68,False,9,26.202,4,1656683301976,Year.Year<categorical>,nan,Root,48,-16.179678,-16.314384
1,27,81b7fe0b-6892-4f51-8304-65931a1a1b68,False,9,26.202,4,1656683306295,Year.Year<categorical>,nan,Year (slicer) - Year: 2012 selected,27,-29.361261,-14.649286
1,27,81b7fe0b-6892-4f51-8304-65931a1a1b68,False,9,26.202,4,1656683307411,Year.Year<categorical>,nan,Year (slicer) - Year: 2013 selected,48,-15.811156,-16.37464
1,27,81b7fe0b-6892-4f51-8304-65931a1a1b68,False,9,26.202,4,1656683308009,Year.Year<categorical>,nan,Year (slicer) - Year: 2014 selected,19,-24.921572,-12.552603
1,27,81b7fe0b-6892-4f51-8304-65931a1a1b68,False,9,26.202,4,1656683308735,Year.Year<categorical>,nan,Year (slicer) - Year: 2012 selected,27,-29.361422,-14.649232
1,27,81b7fe0b-6892-4f51-8304-65931a1a1b68,False,9,26.202,4,1656683310342,Year.Year<categorical>,nan,"Year (slicer) - Year: 2012, 2014 selected",4,-26.66216,-13.15745
1,27,81b7fe0b-6892-4f51-8304-65931a1a1b68,False,9,26.202,4,1656683320837,nan,nan,Year (slicer) - deselected,4,-23.985014,-14.131133
1,27,81b7fe0b-6892-4f51-8304-65931a1a1b68,False,9,26.202,4,1656683322340,Year.Year<categorical>,nan,Year (slicer) - Year: 2014 selected,19,-24.922972,-12.552377
1,27,81b7fe0b-6892-4f51-8304-65931a1a1b68,False,9,26.202,4,1656683323730,Year.Year<categorical>,nan,Year (slicer) - Year: 2012 selected,27,-29.361261,-14.649612
1,28,71b77903-14c4-49b4-834c-9df6eeaba5fa,True,4,85.74,4,1656682696291,Year.Year<categorical>,nan,Root,48,-16.179678,-16.314384
1,28,71b77903-14c4-49b4-834c-9df6eeaba5fa,True,4,85.74,4,1656682713725,Year.Year<categorical>,nan,Year (slicer) - Year: 2012 selected,27,-29.360558,-14.649872
1,28,71b77903-14c4-49b4-834c-9df6eeaba5fa,True,4,85.74,4,1656682720627,Year.Year<categorical>,nan,Year (slicer) - Year: 2014 selected,19,-24.922081,-12.55169
1,28,71b77903-14c4-49b4-834c-9df6eeaba5fa,True,4,85.74,4,1656682733128,"Region.Region<categorical>, Year.Year<categorical>",NewHiresByRegion.Region<categorical>,Region (slicer) - Region: Northwest selected,59,7.114367,10.643439
1,29,007edec7-1cfb-4004-8040-237c51a09307,False,5,105.432,4,1656682825855,Year.Year<categorical>,nan,Root,48,-16.179678,-16.314384
1,29,007edec7-1cfb-4004-8040-237c51a09307,False,5,105.432,4,1656682871147,"Region.Region<categorical>, Year.Year<categorical>",nan,Region (slicer) - Region: Northwest selected,6,-13.82751,-15.409807
1,29,007edec7-1cfb-4004-8040-237c51a09307,False,5,105.432,4,1656682899162,"Region.Region<categorical>, Year.Year<categorical>",NewHiresByRegion.Region<categorical>,Year (slicer) - Year: 2012 selected,59,8.167479,-0.3474924
1,29,007edec7-1cfb-4004-8040-237c51a09307,False,5,105.432,4,1656682900204,"Region.Region<categorical>, Year.Year<categorical>",NewHiresByRegion.Region<categorical>,Year (slicer) - Year: 2013 selected,24,17.609383,4.3964715
1,29,007edec7-1cfb-4004-8040-237c51a09307,False,5,105.432,4,1656682902091,"Region.Region<categorical>, Year.Year<categorical>",NewHiresByRegion.Region<categorical>,Year (slicer) - Year: 2012 selected,59,8.385515,-0.42701253
0,30,fb5a86fd-5e96-4f9d-8baa-deb6c6591fc4,True,7,59.895,4,1657632128216,Year.Year<categorical>,nan,Root,48,-16.179678,-16.314384
0,30,fb5a86fd-5e96-4f9d-8baa-deb6c6591fc4,True,7,59.895,4,1657632140078,Year.Year<categorical>,nan,Year (slicer) - Year: 2012 selected,27,-29.361242,-14.649267
0,30,fb5a86fd-5e96-4f9d-8baa-deb6c6591fc4,True,7,59.895,4,1657632148371,"Region.Region<categorical>, Year.Year<categorical>",nan,Region (slicer) - Region: Northwest selected,5,-30.68549,-14.619697
0,30,fb5a86fd-5e96-4f9d-8baa-deb6c6591fc4,True,7,59.895,4,1657632161665,"Region.Region<categorical>, Year.Year<categorical>",NewHiresByRegion.Region<categorical>,Year (slicer) - Year: 2014 selected,59,7.3332953,11.55518
0,30,fb5a86fd-5e96-4f9d-8baa-deb6c6591fc4,True,7,59.895,4,1657632171571,"Region.Region<categorical>, Year.Year<categorical>",NewHiresByRegion.Region<categorical>,Year (slicer) - Year: 2012 selected,59,8.839727,-1.3684877
0,30,fb5a86fd-5e96-4f9d-8baa-deb6c6591fc4,True,7,59.895,4,1657632175854,"Region.Region<categorical>, Year.Year<categorical>",NewHiresByRegion.Region<categorical>,Year (slicer) - Year: 2014 selected,59,7.349843,11.525588
0,30,fb5a86fd-5e96-4f9d-8baa-deb6c6591fc4,True,7,59.895,4,1657632178236,"NewHiresByMonth(Full-Time/Part-Time).Month<categorical>, Region.Region<categorical>, Year.Year<categorical>",NewHiresByRegion.Region<categorical>,New Hires by Month (Full-Time/Part-Time) (lineChart) - Month: Jul selected,3,4.3599634,9.750812
1,31,44536a09-3d11-4917-bba9-2c03aaa9c1e7,True,14,92.557,4,1656405117593,Year.Year<categorical>,nan,Root,48,-16.179678,-16.314384
1,31,44536a09-3d11-4917-bba9-2c03aaa9c1e7,True,14,92.557,4,1656405129118,nan,nan,Year (slicer) - deselected,4,-23.985453,-14.132616
1,31,44536a09-3d11-4917-bba9-2c03aaa9c1e7,True,14,92.557,4,1656405129404,Year.Year<categorical>,nan,Year (slicer) - Year: 2014 selected,19,-24.922468,-12.5531435
1,31,44536a09-3d11-4917-bba9-2c03aaa9c1e7,True,14,92.557,4,1656405131014,Year.Year<categorical>,nan,Year (slicer) - Year: 2012 selected,27,-29.361158,-14.649679
1,31,44536a09-3d11-4917-bba9-2c03aaa9c1e7,True,14,92.557,4,1656405132826,Year.Year<categorical>,nan,Year (slicer) - Year: 2013 selected,48,-16.33916,-17.214422
1,31,44536a09-3d11-4917-bba9-2c03aaa9c1e7,True,14,92.557,4,1656405133455,nan,nan,Year (slicer) - deselected,4,-23.986448,-14.133126
1,31,44536a09-3d11-4917-bba9-2c03aaa9c1e7,True,14,92.557,4,1656405133974,Year.Year<categorical>,nan,Year (slicer) - Year: 2013 selected,48,-16.550568,-16.678617
1,31,44536a09-3d11-4917-bba9-2c03aaa9c1e7,True,14,92.557,4,1656405134948,Year.Year<categorical>,nan,Year (slicer) - Year: 2012 selected,27,-29.361298,-14.649393
1,31,44536a09-3d11-4917-bba9-2c03aaa9c1e7,True,14,92.557,4,1656405141755,"Region.Region<categorical>, Year.Year<categorical>",NewHiresByRegion.Region<categorical>,Region (slicer) - Region: Northwest selected,59,8.825431,-1.4055318
1,31,44536a09-3d11-4917-bba9-2c03aaa9c1e7,True,14,92.557,4,1656405159684,"NewHiresByMonth(Full-Time/Part-Time).Month<categorical>, NewHiresByMonth(Full-Time/Part-Time).FPDesc<categorical>, Region.Region<categorical>, Year.Year<categorical>",NewHiresByRegion.Region<categorical>,"New Hires by Month (Full-Time/Part-Time) (lineChart) - Month: Oct, Nov, Oct. FPDesc: Full-Time, Full-Time, Part-Time selected",1,5.4377146,1.39289
1,31,44536a09-3d11-4917-bba9-2c03aaa9c1e7,True,14,92.557,4,1656405162014,"NewHiresByMonth(Full-Time/Part-Time).Month<categorical>, NewHiresByMonth(Full-Time/Part-Time).FPDesc<categorical>, Region.Region<categorical>, Year.Year<categorical>",NewHiresByRegion.Region<categorical>,"New Hires by Month (Full-Time/Part-Time) (lineChart) - Month: Nov, Nov. FPDesc: Full-Time, Part-Time selected",3,5.4713383,1.4009005
1,31,44536a09-3d11-4917-bba9-2c03aaa9c1e7,True,14,92.557,4,1656405170371,"NewHiresByMonth(Full-Time/Part-Time).Month<categorical>, NewHiresByMonth(Full-Time/Part-Time).FPDesc<categorical>, Region.Region<categorical>, Year.Year<categorical>",NewHiresByRegion.Region<categorical>,Year (slicer) - Year: 2014 selected,3,4.793241,7.77465
1,31,44536a09-3d11-4917-bba9-2c03aaa9c1e7,True,14,92.557,4,1656405179681,"NewHiresByMonth(Full-Time/Part-Time).Month<categorical>, NewHiresByMonth(Full-Time/Part-Time).FPDesc<categorical>, Region.Region<categorical>, Year.Year<categorical>",NewHiresByRegion.Region<categorical>,"New Hires by Month (Full-Time/Part-Time) (lineChart) - Month: Jul, Jul. FPDesc: Full-Time, Part-Time selected",2,4.5393405,8.579771
1,31,44536a09-3d11-4917-bba9-2c03aaa9c1e7,True,14,92.557,4,1656405182903,"NewHiresAndNewHiresSamePeriodLastYear(SPLY).Month<categorical>, Region.Region<categorical>, Year.Year<categorical>","NewHiresByMonth(Full-Time/Part-Time).Month<categorical>, NewHiresByRegion.Region<categorical>",New Hires and New Hires Same Period Last Year (SPLY) (clusteredColumnChart) - Month: Jul selected,6,-4.9988875,10.0188465
1,32,314bb603-8770-4261-9cab-c5e8f4e80bf9,True,6,80.463,4,1656682760454,Year.Year<categorical>,nan,Root,48,-16.179678,-16.314384
1,32,314bb603-8770-4261-9cab-c5e8f4e80bf9,True,6,80.463,4,1656682801444,"Region.Region<categorical>, Year.Year<categorical>",NewHiresByRegion.Region<categorical>,Region (slicer) - Region: Northwest selected,24,17.609526,4.396452
1,32,314bb603-8770-4261-9cab-c5e8f4e80bf9,True,6,80.463,4,1656682814502,"Region.Region<categorical>, Year.Year<categorical>","NewHiresByMonth(Full-Time/Part-Time).Month<categorical>, NewHiresByMonth(Full-Time/Part-Time).FPDesc<categorical>, NewHiresByRegion.Region<categorical>",Year (slicer) - Year: 2010 selected,1,-5.353223,9.901946
1,32,314bb603-8770-4261-9cab-c5e8f4e80bf9,True,6,80.463,4,1656682814544,"Region.Region<categorical>, Year.Year<categorical>",NewHiresByRegion.Region<categorical>,Year (slicer) - Year: 2011 selected,1,14.424034,5.276386
1,32,314bb603-8770-4261-9cab-c5e8f4e80bf9,True,6,80.463,4,1656682816576,"Region.Region<categorical>, Year.Year<categorical>",NewHiresByRegion.Region<categorical>,Year (slicer) - Year: 2012 selected,59,7.69023,-0.5687267
1,32,314bb603-8770-4261-9cab-c5e8f4e80bf9,True,6,80.463,4,1656682821383,"Region.Region<categorical>, Year.Year<categorical>",NewHiresByRegion.Region<categorical>,Year (slicer) - Year: 2014 selected,59,6.7758827,11.187414
0,33,ddb4110f-1b3a-43a3-b17d-17eb10c55fca,True,16,97.0,4,1656961166476,Year.Year<categorical>,nan,Root,48,-16.179678,-16.314384
0,33,ddb4110f-1b3a-43a3-b17d-17eb10c55fca,True,16,97.0,4,1656961173315,Year.Year<categorical>,nan,Year (slicer) - Year: 2012 selected,27,-29.365088,-14.649501
0,33,ddb4110f-1b3a-43a3-b17d-17eb10c55fca,True,16,97.0,4,1656961174680,Year.Year<categorical>,nan,"Year (slicer) - Year: 2012, 2014 selected",4,-26.664673,-13.158872
0,33,ddb4110f-1b3a-43a3-b17d-17eb10c55fca,True,16,97.0,4,1656961191262,nan,nan,Year (slicer) - deselected,4,-23.983929,-14.135847
0,33,ddb4110f-1b3a-43a3-b17d-17eb10c55fca,True,16,97.0,4,1656961196022,Region.Region<categorical>,NewHiresByRegion.Region<categorical>,Region (slicer) - Region: Northwest selected,12,14.4703665,4.8970866
0,33,ddb4110f-1b3a-43a3-b17d-17eb10c55fca,True,16,97.0,4,1656961199417,"Region.Region<categorical>, Year.Year<categorical>",NewHiresByRegion.Region<categorical>,Year (slicer) - Year: 2012 selected,59,8.288666,-1.0130149
0,33,ddb4110f-1b3a-43a3-b17d-17eb10c55fca,True,16,97.0,4,1656961201759,"Region.Region<categorical>, Year.Year<categorical>",NewHiresByRegion.Region<categorical>,"Year (slicer) - Year: 2012, 2014 selected",5,8.25297,5.1552215
0,33,ddb4110f-1b3a-43a3-b17d-17eb10c55fca,True,16,97.0,4,1656961205828,Region.Region<categorical>,NewHiresByRegion.Region<categorical>,Year (slicer) - deselected,12,14.469874,4.8967395
0,33,ddb4110f-1b3a-43a3-b17d-17eb10c55fca,True,16,97.0,4,1656961211537,"Region.Region<categorical>, Year.Year<categorical>",NewHiresByRegion.Region<categorical>,Year (slicer) - Year: 2014 selected,59,7.32408,11.584265
0,33,ddb4110f-1b3a-43a3-b17d-17eb10c55fca,True,16,97.0,4,1656961213724,Region.Region<categorical>,NewHiresByRegion.Region<categorical>,Year (slicer) - deselected,12,14.469018,4.8967223
0,33,ddb4110f-1b3a-43a3-b17d-17eb10c55fca,True,16,97.0,4,1656961215246,"Region.Region<categorical>, Year.Year<categorical>",NewHiresByRegion.Region<categorical>,Year (slicer) - Year: 2012 selected,59,7.690232,-0.5687241
0,33,ddb4110f-1b3a-43a3-b17d-17eb10c55fca,True,16,97.0,4,1656961220356,"NewHiresAndNewHiresSamePeriodLastYear(SPLY).Month<categorical>, Region.Region<categorical>, Year.Year<categorical>","NewHiresByMonth(Full-Time/Part-Time).Month<categorical>, NewHiresByRegion.Region<categorical>",New Hires and New Hires Same Period Last Year (SPLY) (clusteredColumnChart) - Month: Nov selected,6,-5.3158073,9.536591
0,33,ddb4110f-1b3a-43a3-b17d-17eb10c55fca,True,16,97.0,4,1656961226884,"NewHiresAndNewHiresSamePeriodLastYear(SPLY).Month<categorical>, Region.Region<categorical>, Year.Year<categorical>","NewHiresByMonth(Full-Time/Part-Time).Month<categorical>, NewHiresByRegion.Region<categorical>",Year (slicer) - Year: 2014 selected,2,-5.194831,9.719684
0,33,ddb4110f-1b3a-43a3-b17d-17eb10c55fca,True,16,97.0,4,1656961233128,"NewHiresAndNewHiresSamePeriodLastYear(SPLY).Month<categorical>, Region.Region<categorical>, Year.Year<categorical>","NewHiresByMonth(Full-Time/Part-Time).Month<categorical>, NewHiresByRegion.Region<categorical>",New Hires and New Hires Same Period Last Year (SPLY) (clusteredColumnChart) - Month: Jul selected,6,-4.9997807,10.017893
0,33,ddb4110f-1b3a-43a3-b17d-17eb10c55fca,True,16,97.0,4,1656961245992,"NewHiresAndNewHiresSamePeriodLastYear(SPLY).Month<categorical>, Region.Region<categorical>, Year.Year<categorical>","NewHiresByMonth(Full-Time/Part-Time).Month<categorical>, NewHiresByRegion.Region<categorical>",Year (slicer) - Year: 2012 selected,1,-5.1165843,9.84092
0,33,ddb4110f-1b3a-43a3-b17d-17eb10c55fca,True,16,97.0,4,1656961248029,"NewHiresAndNewHiresSamePeriodLastYear(SPLY).Month<categorical>, Region.Region<categorical>, Year.Year<categorical>","NewHiresByMonth(Full-Time/Part-Time).Month<categorical>, NewHiresByRegion.Region<categorical>",New Hires and New Hires Same Period Last Year (SPLY) (clusteredColumnChart) - Month: Nov selected,6,-5.316554,9.535931
0,34,4fffae6a-8a16-48e0-83d6-3d314c5b3659,False,5,31.351,4,1656743313477,Year.Year<categorical>,nan,Root,48,-16.179678,-16.314384
0,34,4fffae6a-8a16-48e0-83d6-3d314c5b3659,False,5,31.351,4,1656743317131,Year.Year<categorical>,nan,Year (slicer) - Year: 2012 selected,27,-29.364574,-14.649522
0,34,4fffae6a-8a16-48e0-83d6-3d314c5b3659,False,5,31.351,4,1656743321387,Year.Year<categorical>,nan,Year (slicer) - Year: 2014 selected,19,-24.922428,-12.55068
0,34,4fffae6a-8a16-48e0-83d6-3d314c5b3659,False,5,31.351,4,1656743329155,"Region.Region<categorical>, Year.Year<categorical>",NewHiresByRegion.Region<categorical>,Region (slicer) - Region: Northwest selected,59,6.69856,11.404112
0,34,4fffae6a-8a16-48e0-83d6-3d314c5b3659,False,5,31.351,4,1656743337565,"Region.Region<categorical>, Year.Year<categorical>",NewHiresByRegion.Region<categorical>,Year (slicer) - Year: 2012 selected,59,8.451728,-0.4784584
1,35,89c49235-6150-4812-a94f-bfcf3b15f0fc,False,5,79.007,4,1656682865453,Year.Year<categorical>,nan,Root,48,-16.179678,-16.314384
1,35,89c49235-6150-4812-a94f-bfcf3b15f0fc,False,5,79.007,4,1656682879944,Year.Year<categorical>,nan,Year (slicer) - Year: 2012 selected,27,-29.365612,-14.650001
1,35,89c49235-6150-4812-a94f-bfcf3b15f0fc,False,5,79.007,4,1656682883288,"NewHiresByMonth(Full-Time/Part-Time).Month<categorical>, NewHiresByMonth(Full-Time/Part-Time).FPDesc<categorical>, Year.Year<categorical>",nan,New Hires by Month (Full-Time/Part-Time) (lineChart) - Month: Nov. FPDesc: Part-Time selected,1,-29.29084,-15.7285385
1,35,89c49235-6150-4812-a94f-bfcf3b15f0fc,False,5,79.007,4,1656682885021,Year.Year<categorical>,nan,New Hires by Month (Full-Time/Part-Time) (lineChart) - deselected,27,-29.36457,-14.649522
1,35,89c49235-6150-4812-a94f-bfcf3b15f0fc,False,5,79.007,4,1656682911888,Year.Year<categorical>,nan,Year (slicer) - Year: 2014 selected,19,-24.922903,-12.550035
1,36,5af6bcd1-1629-40c6-a5e2-153f30cd9c33,True,8,131.12,4,1657184377530,Year.Year<categorical>,nan,Root,48,-16.179678,-16.314384
1,36,5af6bcd1-1629-40c6-a5e2-153f30cd9c33,True,8,131.12,4,1657184388154,Year.Year<categorical>,nan,Year (slicer) - Year: 2012 selected,27,-29.36131,-14.649635
1,36,5af6bcd1-1629-40c6-a5e2-153f30cd9c33,True,8,131.12,4,1657184389959,Year.Year<categorical>,nan,"Year (slicer) - Year: 2012, 2014 selected",4,-26.675585,-13.157783
1,36,5af6bcd1-1629-40c6-a5e2-153f30cd9c33,True,8,131.12,4,1657184397403,"NewHiresByRegion.Region<categorical>, Year.Year<categorical>",nan,"New Hires by Region (clusteredBarChart) - Region: Northwest, Northwest selected",2,-26.849043,-13.555856
1,36,5af6bcd1-1629-40c6-a5e2-153f30cd9c33,True,8,131.12,4,1657184434917,"NewHiresByRegion.Region<categorical>, Year.Year<categorical>",nan,"New Hires by Region (clusteredBarChart) - Region: Northwest, Northwest selected",2,-26.850939,-13.554485
1,36,5af6bcd1-1629-40c6-a5e2-153f30cd9c33,True,8,131.12,4,1657184474426,NewHiresByRegion.Region<categorical>,nan,Year (slicer) - deselected,1,-24.376574,-14.448954
1,36,5af6bcd1-1629-40c6-a5e2-153f30cd9c33,True,8,131.12,4,1657184484706,"NewHiresByRegion.Region<categorical>, Year.Year<categorical>",nan,Year (slicer) - Year: 2012 selected,2,-28.13552,-14.342258
1,36,5af6bcd1-1629-40c6-a5e2-153f30cd9c33,True,8,131.12,4,1657184490733,"NewHiresByRegion.Region<categorical>, Year.Year<categorical>",nan,Year (slicer) - Year: 2014 selected,2,-25.254583,-13.142168
0,37,a06fdf9d-2bb9-4e9a-bf4a-7c5a148e1466,True,9,91.646,4,1655898953673,Year.Year<categorical>,nan,Root,48,-16.179678,-16.314384
0,37,a06fdf9d-2bb9-4e9a-bf4a-7c5a148e1466,True,9,91.646,4,1655898969433,Year.Year<categorical>,nan,Year (slicer) - Year: 2014 selected,19,-24.922142,-12.55119
0,37,a06fdf9d-2bb9-4e9a-bf4a-7c5a148e1466,True,9,91.646,4,1655898972360,"Region.Region<categorical>, Year.Year<categorical>",NewHiresByRegion.Region<categorical>,Region (slicer) - Region: Northwest selected,59,7.344458,10.920117
0,37,a06fdf9d-2bb9-4e9a-bf4a-7c5a148e1466,True,9,91.646,4,1655899007638,"NewHiresByMonth(Full-Time/Part-Time).Month<categorical>, NewHiresByMonth(Full-Time/Part-Time).FPDesc<categorical>, Region.Region<categorical>, Year.Year<categorical>",NewHiresByRegion.Region<categorical>,New Hires by Month (Full-Time/Part-Time) (lineChart) - Month: Jul. FPDesc: Part-Time selected,1,4.4143257,9.084892
0,37,a06fdf9d-2bb9-4e9a-bf4a-7c5a148e1466,True,9,91.646,4,1655899009788,"NewHiresByMonth(Full-Time/Part-Time).Month<categorical>, NewHiresByMonth(Full-Time/Part-Time).FPDesc<categorical>, Region.Region<categorical>, Year.Year<categorical>",NewHiresByRegion.Region<categorical>,"New Hires by Month (Full-Time/Part-Time) (lineChart) - Month: Jul, Jul. FPDesc: Part-Time, Full-Time selected",2,4.539983,8.579077
0,37,a06fdf9d-2bb9-4e9a-bf4a-7c5a148e1466,True,9,91.646,4,1655899016764,"NewHiresByMonth(Full-Time/Part-Time).Month<categorical>, NewHiresByMonth(Full-Time/Part-Time).FPDesc<categorical>, Region.Region<categorical>, Year.Year<categorical>",NewHiresByRegion.Region<categorical>,Year (slicer) - Year: 2012 selected,1,5.472256,1.9128169
0,37,a06fdf9d-2bb9-4e9a-bf4a-7c5a148e1466,True,9,91.646,4,1655899021148,"NewHiresByMonth(Full-Time/Part-Time).Month<categorical>, NewHiresByMonth(Full-Time/Part-Time).FPDesc<categorical>, Region.Region<categorical>, Year.Year<categorical>",NewHiresByRegion.Region<categorical>,New Hires by Month (Full-Time/Part-Time) (lineChart) - Month: Nov. FPDesc: Full-Time selected,1,5.5309315,1.3239084
0,37,a06fdf9d-2bb9-4e9a-bf4a-7c5a148e1466,True,9,91.646,4,1655899022667,"NewHiresByMonth(Full-Time/Part-Time).Month<categorical>, NewHiresByMonth(Full-Time/Part-Time).FPDesc<categorical>, Region.Region<categorical>, Year.Year<categorical>",NewHiresByRegion.Region<categorical>,"New Hires by Month (Full-Time/Part-Time) (lineChart) - Month: Nov, Nov. FPDesc: Full-Time, Part-Time selected",3,5.4717045,1.4007773
0,37,a06fdf9d-2bb9-4e9a-bf4a-7c5a148e1466,True,9,91.646,4,1655899036924,"NewHiresByMonth(Full-Time/Part-Time).Month<categorical>, NewHiresByMonth(Full-Time/Part-Time).FPDesc<categorical>, Region.Region<categorical>, Year.Year<categorical>",NewHiresByRegion.Region<categorical>,Year (slicer) - Year: 2014 selected,3,4.7919626,7.774
0,38,1dcda1ff-f6c5-4596-8bef-b51d33ef5897,True,6,52.932,4,1656742874965,Year.Year<categorical>,nan,Root,48,-16.179678,-16.314384
0,38,1dcda1ff-f6c5-4596-8bef-b51d33ef5897,True,6,52.932,4,1656742880966,"Region.Region<categorical>, Year.Year<categorical>",nan,Region (slicer) - Region: Northwest selected,6,-13.829816,-15.40973
0,38,1dcda1ff-f6c5-4596-8bef-b51d33ef5897,True,6,52.932,4,1656742900365,"Region.Region<categorical>, Year.Year<categorical>",NewHiresByRegion.Region<categorical>,Year (slicer) - Year: 2012 selected,59,8.88787,-0.96692187
0,38,1dcda1ff-f6c5-4596-8bef-b51d33ef5897,True,6,52.932,4,1656742903680,"Region.Region<categorical>, Year.Year<categorical>",NewHiresByRegion.Region<categorical>,Year (slicer) - Year: 2014 selected,59,6.747986,11.223017
0,38,1dcda1ff-f6c5-4596-8bef-b51d33ef5897,True,6,52.932,4,1656742910367,"Region.Region<categorical>, Year.Year<categorical>",NewHiresByRegion.Region<categorical>,Year (slicer) - Year: 2012 selected,59,8.847162,-1.3638891
0,38,1dcda1ff-f6c5-4596-8bef-b51d33ef5897,True,6,52.932,4,1656742922263,"Region.Region<categorical>, Year.Year<categorical>",NewHiresByRegion.Region<categorical>,Year (slicer) - Year: 2014 selected,59,6.762701,10.53319
1,39,74b4f60e-9d5d-4edd-80eb-19dc522ed8c6,False,4,130.626,4,1656682644641,Year.Year<categorical>,nan,Root,48,-16.179678,-16.314384
1,39,74b4f60e-9d5d-4edd-80eb-19dc522ed8c6,False,4,130.626,4,1656682662356,"NewHiresByRegion.Region<categorical>, Year.Year<categorical>",nan,New Hires by Region (clusteredBarChart) - Region: Northwest selected,2,-15.949645,-14.7335825
1,39,74b4f60e-9d5d-4edd-80eb-19dc522ed8c6,False,4,130.626,4,1656682668223,"NewHiresByRegion.Region<categorical>, Year.Year<categorical>",nan,Year (slicer) - Year: 2012 selected,2,-28.137192,-14.341967
1,39,74b4f60e-9d5d-4edd-80eb-19dc522ed8c6,False,4,130.626,4,1656682697361,"NewHiresByRegion.Region<categorical>, Year.Year<categorical>",nan,Year (slicer) - Year: 2014 selected,2,-25.250671,-13.133569
1,40,3c7a12c1-2d1a-43ed-83ba-8ef61a08c27e,True,4,33.594,4,1656682881632,Year.Year<categorical>,nan,Root,48,-16.179678,-16.314384
1,40,3c7a12c1-2d1a-43ed-83ba-8ef61a08c27e,True,4,33.594,4,1656682886740,"Region.Region<categorical>, Year.Year<categorical>",NewHiresByRegion.Region<categorical>,Region (slicer) - Region: Northwest selected,24,17.609102,4.3964157
1,40,3c7a12c1-2d1a-43ed-83ba-8ef61a08c27e,True,4,33.594,4,1656682895046,"Region.Region<categorical>, Year.Year<categorical>",NewHiresByRegion.Region<categorical>,Year (slicer) - Year: 2012 selected,59,8.289404,-1.0141281
1,40,3c7a12c1-2d1a-43ed-83ba-8ef61a08c27e,True,4,33.594,4,1656682902739,"Region.Region<categorical>, Year.Year<categorical>",NewHiresByRegion.Region<categorical>,Year (slicer) - Year: 2014 selected,59,7.235581,10.757557
0,41,dd18aec8-aab9-4a18-981f-1c7f8735ec05,True,8,63.866,4,1656742477317,Year.Year<categorical>,nan,Root,48,-16.179678,-16.314384
0,41,dd18aec8-aab9-4a18-981f-1c7f8735ec05,True,8,63.866,4,1656742484637,"Region.Region<categorical>, Year.Year<categorical>",NewHiresByRegion.Region<categorical>,Region (slicer) - Region: Northwest selected,24,17.609102,4.3964696
0,41,dd18aec8-aab9-4a18-981f-1c7f8735ec05,True,8,63.866,4,1656742490483,Year.Year<categorical>,nan,Region (slicer) - deselected,48,-15.720227,-17.206476
0,41,dd18aec8-aab9-4a18-981f-1c7f8735ec05,True,8,63.866,4,1656742501374,"Region.Region<categorical>, Year.Year<categorical>",NewHiresByRegion.Region<categorical>,Region (slicer) - Region: Northwest selected,24,17.667385,4.386889
0,41,dd18aec8-aab9-4a18-981f-1c7f8735ec05,True,8,63.866,4,1656742513570,"Region.Region<categorical>, Year.Year<categorical>",NewHiresByRegion.Region<categorical>,Year (slicer) - Year: 2012 selected,59,7.437392,-0.9316439
0,41,dd18aec8-aab9-4a18-981f-1c7f8735ec05,True,8,63.866,4,1656742519809,"Region.Region<categorical>, Year.Year<categorical>",NewHiresByRegion.Region<categorical>,Year (slicer) - Year: 2014 selected,59,6.996254,11.867622
0,41,dd18aec8-aab9-4a18-981f-1c7f8735ec05,True,8,63.866,4,1656742526860,"Region.Region<categorical>, Year.Year<categorical>",NewHiresByRegion.Region<categorical>,Year (slicer) - Year: 2012 selected,59,8.036527,-1.139398
0,41,dd18aec8-aab9-4a18-981f-1c7f8735ec05,True,8,63.866,4,1656742531657,"Region.Region<categorical>, Year.Year<categorical>",NewHiresByRegion.Region<categorical>,Year (slicer) - Year: 2014 selected,59,6.992445,11.867313
1,42,8cdf2e81-4444-4bd2-95d2-8caa25df06c7,True,6,173.024,4,1656742262735,Year.Year<categorical>,nan,Root,48,-16.179678,-16.314384
1,42,8cdf2e81-4444-4bd2-95d2-8caa25df06c7,True,6,173.024,4,1656742287999,"Region.Region<categorical>, Year.Year<categorical>",NewHiresByRegion.Region<categorical>,Region (slicer) - Region: Northwest selected,24,17.667355,4.386904
1,42,8cdf2e81-4444-4bd2-95d2-8caa25df06c7,True,6,173.024,4,1656742293126,"Region.Region<categorical>, Year.Year<categorical>",NewHiresByRegion.Region<categorical>,Year (slicer) - Year: 2012 selected,59,7.4373918,-0.9316435
1,42,8cdf2e81-4444-4bd2-95d2-8caa25df06c7,True,6,173.024,4,1656742379695,"Region.Region<categorical>, Year.Year<categorical>",NewHiresByRegion.Region<categorical>,Year (slicer) - Year: 2014 selected,59,6.5627766,11.283264
1,42,8cdf2e81-4444-4bd2-95d2-8caa25df06c7,True,6,173.024,4,1656742408539,"Region.Region<categorical>, Year.Year<categorical>",NewHiresByRegion.Region<categorical>,Year (slicer) - Year: 2012 selected,59,7.4377275,-0.938801
1,42,8cdf2e81-4444-4bd2-95d2-8caa25df06c7,True,6,173.024,4,1656742418588,"Region.Region<categorical>, Year.Year<categorical>",NewHiresByRegion.Region<categorical>,Year (slicer) - Year: 2014 selected,59,6.0045447,11.058357
1,43,6ad1586e-122c-4d7d-9c0d-0d1d80da2de0,False,4,49.031,4,1656682871627,Year.Year<categorical>,nan,Root,48,-16.179678,-16.314384
1,43,6ad1586e-122c-4d7d-9c0d-0d1d80da2de0,False,4,49.031,4,1656682879797,"Region.Region<categorical>, Year.Year<categorical>",nan,Region (slicer) - Region: Northwest selected,6,-13.830008,-15.409792
1,43,6ad1586e-122c-4d7d-9c0d-0d1d80da2de0,False,4,49.031,4,1656682888167,"Region.Region<categorical>, Year.Year<categorical>",NewHiresByRegion.Region<categorical>,Year (slicer) - Year: 2012 selected,59,7.738272,-1.6843146
1,43,6ad1586e-122c-4d7d-9c0d-0d1d80da2de0,False,4,49.031,4,1656682914346,"Region.Region<categorical>, Year.Year<categorical>",NewHiresByRegion.Region<categorical>,Year (slicer) - Year: 2014 selected,59,6.0631676,11.604363
1,44,5eb918fd-fea1-415a-9914-7792766f5756,True,9,50.24,4,1656682706797,Year.Year<categorical>,nan,Root,48,-16.179678,-16.314384
1,44,5eb918fd-fea1-415a-9914-7792766f5756,True,9,50.24,4,1656682710810,"Region.Region<categorical>, Year.Year<categorical>",NewHiresByRegion.Region<categorical>,Region (slicer) - Region: Northwest selected,24,17.667385,4.386886
1,44,5eb918fd-fea1-415a-9914-7792766f5756,True,9,50.24,4,1656682722767,"Region.Region<categorical>, Year.Year<categorical>",NewHiresByRegion.Region<categorical>,Year (slicer) - Year: 2012 selected,59,8.037282,-1.1407224
1,44,5eb918fd-fea1-415a-9914-7792766f5756,True,9,50.24,4,1656682728576,"Region.Region<categorical>, Year.Year<categorical>",NewHiresByRegion.Region<categorical>,Year (slicer) - Year: 2014 selected,59,6.7727265,11.189674
1,44,5eb918fd-fea1-415a-9914-7792766f5756,True,9,50.24,4,1656682731227,"Region.Region<categorical>, Year.Year<categorical>",NewHiresByRegion.Region<categorical>,Year (slicer) - Year: 2012 selected,59,7.50748,-1.4647664
1,44,5eb918fd-fea1-415a-9914-7792766f5756,True,9,50.24,4,1656682734085,"NewHiresAndNewHiresSamePeriodLastYear(SPLY).Month<categorical>, Region.Region<categorical>, Year.Year<categorical>","NewHiresByMonth(Full-Time/Part-Time).Month<categorical>, NewHiresByRegion.Region<categorical>",New Hires and New Hires Same Period Last Year (SPLY) (clusteredColumnChart) - Month: Nov selected,6,-5.3158875,9.535919
1,44,5eb918fd-fea1-415a-9914-7792766f5756,True,9,50.24,4,1656682737553,"Region.Region<categorical>, Year.Year<categorical>",NewHiresByRegion.Region<categorical>,New Hires and New Hires Same Period Last Year (SPLY) (clusteredColumnChart) - deselected,59,8.391147,-1.7655765
1,44,5eb918fd-fea1-415a-9914-7792766f5756,True,9,50.24,4,1656682739305,"Region.Region<categorical>, Year.Year<categorical>",NewHiresByRegion.Region<categorical>,Year (slicer) - Year: 2014 selected,59,6.8786573,11.9458885
1,44,5eb918fd-fea1-415a-9914-7792766f5756,True,9,50.24,4,1656682743159,"NewHiresAndNewHiresSamePeriodLastYear(SPLY).Month<categorical>, Region.Region<categorical>, Year.Year<categorical>","NewHiresByMonth(Full-Time/Part-Time).Month<categorical>, NewHiresByRegion.Region<categorical>",New Hires and New Hires Same Period Last Year (SPLY) (clusteredColumnChart) - Month: Jul selected,6,-4.9997807,10.017893
