timestamp;user;age;gender;dashboardExperience;powerBIExperience;confidence;satisfaction;questionId;taskId;correctAnswer;mentalEffort;selectedAnswer;endtime;triggeredAction;selectedValues;filteredValues;NewHiresAndNewHiresSamePeriodLastYear(SPLY).Month<categorical>;NewHiresAndNewHiresSamePeriodLastYear(SPLY).NewHires<numerical>;NewHiresAndNewHiresSamePeriodLastYear(SPLY).NewHiresSPLY<numerical>;NewHiresByMonth(Full-Time/Part-Time).Month<categorical>;NewHiresByMonth(Full-Time/Part-Time).FPDesc<categorical>;NewHiresByMonth(Full-Time/Part-Time).NewHires<numerical>;NewHiresByEthnicity.Ethnicity<categorical>;NewHiresByEthnicity.NewHires<numerical>;NewHiresByRegion.Region<categorical>;NewHiresByRegion.NewHires<numerical>;Ethnicity.Ethnicity<categorical>;Region.Region<categorical>;Year.Year<categorical>
1655898488885;a06fdf9d-2bb9-4e9a-bf4a-7c5a148e1466;31;m;0;-1;-1;5;2;1;1021;3;1021;1655898777171;Root;Year.Year<categorical>;;0,0,0,0,0,0,0,0,0,0,0,0,0,0,0,0,0,0,0,0,0,0,0,0;400,588,982,1086,1258,1204,1321,1463,1276,1886,1312,606;225,268,445,420,531,565,477,908,997,1038,1115,418;0,0,0,0,0,0,0,0,0,0,0,0,0,0,0,0,0,0,0,0,0,0,0,0;0,0,0,0;51,349,65,523,71,911,103,983,112,1146,89,1115,88,1233,92,1371,82,1194,139,1747,86,1226,56,550;0,0,0,0,0,0,0,0,0,0,0,0,0,0;9571,2416,663,430,220,63,19;0,0,0,0,0,0,0,0,0,0,0,0,0,0;2168,1851,2684,1224,2165,2025,1265;0,0,0,0,0,0,0;0,0,0,0,0,0,0;0,0,0,1,0,0,0
1655898605063;a06fdf9d-2bb9-4e9a-bf4a-7c5a148e1466;31;m;0;-1;-1;5;2;1;1021;3;1021;1655898777171;Year (slicer) - Year: 2014 selected;Year.Year<categorical>;NewHiresByRegion.Region<categorical>;0,0,0,0,0,0,0,0,0,0,0,0,0,0,0,0,0,0,0,0,0,0,0,0;774,1114,1246,1475,1986,2186,1961,2189,2212,2103,1461,366;400,588,982,1086,1258,1204,1321,1463,1276,1886,1312,606;0,0,0,0,0,0,0,0,0,0,0,0,0,0,0,0,0,0,0,0,0,0,0,0;0,0,0,0;73,701,77,1037,87,1159,124,1351,139,1847,100,2086,92,1869,91,2098,84,2128,75,2028,50,1411,17,349;0,0,0,0,0,0,0,0,0,0,0,0,0,0;12600,4342,853,781,365,108,24;0,1,0,1,0,1,0,0,0,1,0,1,0,1;1403;0,0,0,0,0,0,0;0,0,0,0,0,0,0;0,0,0,0,1,0,0
1655898614060;a06fdf9d-2bb9-4e9a-bf4a-7c5a148e1466;31;m;0;-1;-1;5;2;1;1021;3;1021;1655898777171;New Hires by Region (clusteredBarChart) - Region: East, East selected;NewHiresByRegion.Region<categorical>, Year.Year<categorical>;NewHiresByRegion.Region<categorical>;0,0,0,0,0,0,0,0,0,0,0,0,0,0,0,0,0,0,0,0,0,0,0,0;774,1114,1246,1475,1986,2186,1961,2189,2212,2103,1461,366;400,588,982,1086,1258,1204,1321,1463,1276,1886,1312,606;0,0,0,0,0,0,0,0,0,0,0,0,0,0,0,0,0,0,0,0,0,0,0,0;0,0,0,0;31,86,24,89,18,71,51,77,55,70,33,103,37,78,39,70,37,115,24,114,22,110,11,38;0,0,0,0,0,0,0,0,0,0,0,0,0,0;12600,4342,853,781,365,108,24;0,1,0,1,0,1,1,0,0,1,0,1,0,1;1403;0,0,0,0,0,0,0;0,0,0,0,0,0,0;0,0,0,0,1,0,0
1655898702211;a06fdf9d-2bb9-4e9a-bf4a-7c5a148e1466;31;m;0;-1;-1;5;2;1;1021;3;1021;1655898777171;New Hires by Month (Full-Time/Part-Time) (lineChart) - Month: Mar. FPDesc: Full-Time selected;NewHiresByMonth(Full-Time/Part-Time).Month<categorical>, NewHiresByMonth(Full-Time/Part-Time).FPDesc<categorical>, Year.Year<categorical>;NewHiresByRegion.Region<categorical>;0,0,0,0,0,0,0,0,0,0,0,0,0,0,0,0,0,0,0,0,0,0,0,0;774,1114,1246,1475,1986,2186,1961,2189,2212,2103,1461,366;400,588,982,1086,1258,1204,1321,1463,1276,1886,1312,606;0,0,0,0,1,0,0,0,0,0,0,0,0,0,0,0,0,0,0,0,0,0,0,0;1,0,0,0;73,701,77,1037,87,1159,124,1351,139,1847,100,2086,92,1869,91,2098,84,2128,75,2028,50,1411,17,349;0,0,0,0,0,0,0,0,0,0,0,0,0,0;12600,4342,853,781,365,108,24;0,1,0,1,0,1,0,0,0,1,0,1,0,1;1403;0,0,0,0,0,0,0;0,0,0,0,0,0,0;0,0,0,0,1,0,0
1655898706512;a06fdf9d-2bb9-4e9a-bf4a-7c5a148e1466;31;m;0;-1;-1;5;2;1;1021;3;1021;1655898777171;New Hires by Month (Full-Time/Part-Time) (lineChart) - Month: Aug. FPDesc: Full-Time selected;NewHiresByMonth(Full-Time/Part-Time).Month<categorical>, NewHiresByMonth(Full-Time/Part-Time).FPDesc<categorical>, Year.Year<categorical>;NewHiresByRegion.Region<categorical>;0,0,0,0,0,0,0,0,0,0,0,0,0,0,0,0,0,0,0,0,0,0,0,0;774,1114,1246,1475,1986,2186,1961,2189,2212,2103,1461,366;400,588,982,1086,1258,1204,1321,1463,1276,1886,1312,606;0,0,0,0,0,0,0,0,0,0,0,0,0,0,1,0,0,0,0,0,0,0,0,0;1,0,0,0;73,701,77,1037,87,1159,124,1351,139,1847,100,2086,92,1869,91,2098,84,2128,75,2028,50,1411,17,349;0,0,0,0,0,0,0,0,0,0,0,0,0,0;12600,4342,853,781,365,108,24;0,1,0,1,0,1,0,0,0,1,0,1,0,1;1403;0,0,0,0,0,0,0;0,0,0,0,0,0,0;0,0,0,0,1,0,0
1655898709035;a06fdf9d-2bb9-4e9a-bf4a-7c5a148e1466;31;m;0;-1;-1;5;2;1;1021;3;1021;1655898777171;New Hires by Month (Full-Time/Part-Time) (lineChart) - Month: Aug, Jul. FPDesc: Full-Time, Full-Time selected;NewHiresByMonth(Full-Time/Part-Time).Month<categorical>, NewHiresByMonth(Full-Time/Part-Time).FPDesc<categorical>, Year.Year<categorical>;NewHiresByRegion.Region<categorical>;0,0,0,0,0,0,0,0,0,0,0,0,0,0,0,0,0,0,0,0,0,0,0,0;774,1114,1246,1475,1986,2186,1961,2189,2212,2103,1461,366;400,588,982,1086,1258,1204,1321,1463,1276,1886,1312,606;0,0,0,0,0,0,0,0,0,0,0,0,1,0,1,0,0,0,0,0,0,0,0,0;1,0,0,0;73,701,77,1037,87,1159,124,1351,139,1847,100,2086,92,1869,91,2098,84,2128,75,2028,50,1411,17,349;0,0,0,0,0,0,0,0,0,0,0,0,0,0;12600,4342,853,781,365,108,24;0,1,0,1,0,1,0,0,0,1,0,1,0,1;1403;0,0,0,0,0,0,0;0,0,0,0,0,0,0;0,0,0,0,1,0,0
1655898710752;a06fdf9d-2bb9-4e9a-bf4a-7c5a148e1466;31;m;0;-1;-1;5;2;1;1021;3;1021;1655898777171;New Hires by Month (Full-Time/Part-Time) (lineChart) - Month: Aug, Jul, Jun. FPDesc: Full-Time, Full-Time, Full-Time selected;NewHiresByMonth(Full-Time/Part-Time).Month<categorical>, NewHiresByMonth(Full-Time/Part-Time).FPDesc<categorical>, Year.Year<categorical>;NewHiresByRegion.Region<categorical>;0,0,0,0,0,0,0,0,0,0,0,0,0,0,0,0,0,0,0,0,0,0,0,0;774,1114,1246,1475,1986,2186,1961,2189,2212,2103,1461,366;400,588,982,1086,1258,1204,1321,1463,1276,1886,1312,606;0,0,0,0,0,0,0,0,0,0,1,0,1,0,1,0,0,0,0,0,0,0,0,0;1,0,0,0;73,701,77,1037,87,1159,124,1351,139,1847,100,2086,92,1869,91,2098,84,2128,75,2028,50,1411,17,349;0,0,0,0,0,0,0,0,0,0,0,0,0,0;12600,4342,853,781,365,108,24;0,1,0,1,0,1,0,0,0,1,0,1,0,1;1403;0,0,0,0,0,0,0;0,0,0,0,0,0,0;0,0,0,0,1,0,0
1655898716304;a06fdf9d-2bb9-4e9a-bf4a-7c5a148e1466;31;m;0;-1;-1;5;2;1;1021;3;1021;1655898777171;New Hires by Month (Full-Time/Part-Time) (lineChart) - Month: Aug, Jul. FPDesc: Full-Time, Full-Time selected;NewHiresByMonth(Full-Time/Part-Time).Month<categorical>, NewHiresByMonth(Full-Time/Part-Time).FPDesc<categorical>, Year.Year<categorical>;NewHiresByRegion.Region<categorical>;0,0,0,0,0,0,0,0,0,0,0,0,0,0,0,0,0,0,0,0,0,0,0,0;774,1114,1246,1475,1986,2186,1961,2189,2212,2103,1461,366;400,588,982,1086,1258,1204,1321,1463,1276,1886,1312,606;0,0,0,0,0,0,0,0,0,0,0,0,1,0,1,0,0,0,0,0,0,0,0,0;1,0,0,0;73,701,77,1037,87,1159,124,1351,139,1847,100,2086,92,1869,91,2098,84,2128,75,2028,50,1411,17,349;0,0,0,0,0,0,0,0,0,0,0,0,0,0;12600,4342,853,781,365,108,24;0,1,0,1,0,1,0,0,0,1,0,1,0,1;1403;0,0,0,0,0,0,0;0,0,0,0,0,0,0;0,0,0,0,1,0,0
1655898718080;a06fdf9d-2bb9-4e9a-bf4a-7c5a148e1466;31;m;0;-1;-1;5;2;1;1021;3;1021;1655898777171;New Hires by Month (Full-Time/Part-Time) (lineChart) - Month: Aug. FPDesc: Full-Time selected;NewHiresByMonth(Full-Time/Part-Time).Month<categorical>, NewHiresByMonth(Full-Time/Part-Time).FPDesc<categorical>, Year.Year<categorical>;NewHiresByRegion.Region<categorical>;0,0,0,0,0,0,0,0,0,0,0,0,0,0,0,0,0,0,0,0,0,0,0,0;774,1114,1246,1475,1986,2186,1961,2189,2212,2103,1461,366;400,588,982,1086,1258,1204,1321,1463,1276,1886,1312,606;0,0,0,0,0,0,0,0,0,0,0,0,0,0,1,0,0,0,0,0,0,0,0,0;1,0,0,0;73,701,77,1037,87,1159,124,1351,139,1847,100,2086,92,1869,91,2098,84,2128,75,2028,50,1411,17,349;0,0,0,0,0,0,0,0,0,0,0,0,0,0;12600,4342,853,781,365,108,24;0,1,0,1,0,1,0,0,0,1,0,1,0,1;1403;0,0,0,0,0,0,0;0,0,0,0,0,0,0;0,0,0,0,1,0,0
1655898719726;a06fdf9d-2bb9-4e9a-bf4a-7c5a148e1466;31;m;0;-1;-1;5;2;1;1021;3;1021;1655898777171;New Hires by Month (Full-Time/Part-Time) (lineChart) - deselected;Year.Year<categorical>;NewHiresByRegion.Region<categorical>;0,0,0,0,0,0,0,0,0,0,0,0,0,0,0,0,0,0,0,0,0,0,0,0;774,1114,1246,1475,1986,2186,1961,2189,2212,2103,1461,366;400,588,982,1086,1258,1204,1321,1463,1276,1886,1312,606;0,0,0,0,0,0,0,0,0,0,0,0,0,0,0,0,0,0,0,0,0,0,0,0;0,0,0,0;73,701,77,1037,87,1159,124,1351,139,1847,100,2086,92,1869,91,2098,84,2128,75,2028,50,1411,17,349;0,0,0,0,0,0,0,0,0,0,0,0,0,0;12600,4342,853,781,365,108,24;0,1,0,1,0,1,0,0,0,1,0,1,0,1;1403;0,0,0,0,0,0,0;0,0,0,0,0,0,0;0,0,0,0,1,0,0
1655898722596;a06fdf9d-2bb9-4e9a-bf4a-7c5a148e1466;31;m;0;-1;-1;5;2;1;1021;3;1021;1655898777171;New Hires by Month (Full-Time/Part-Time) (lineChart) - Month: Sep. FPDesc: Part-Time selected;NewHiresByMonth(Full-Time/Part-Time).Month<categorical>, NewHiresByMonth(Full-Time/Part-Time).FPDesc<categorical>, Year.Year<categorical>;NewHiresByRegion.Region<categorical>;0,0,0,0,0,0,0,0,0,0,0,0,0,0,0,0,0,0,0,0,0,0,0,0;774,1114,1246,1475,1986,2186,1961,2189,2212,2103,1461,366;400,588,982,1086,1258,1204,1321,1463,1276,1886,1312,606;0,0,0,0,0,0,0,0,0,0,0,0,0,0,0,0,1,0,0,0,0,0,0,0;0,0,1,0;73,701,77,1037,87,1159,124,1351,139,1847,100,2086,92,1869,91,2098,84,2128,75,2028,50,1411,17,349;0,0,0,0,0,0,0,0,0,0,0,0,0,0;12600,4342,853,781,365,108,24;0,1,0,1,0,1,0,0,0,1,0,1,0,1;1403;0,0,0,0,0,0,0;0,0,0,0,0,0,0;0,0,0,0,1,0,0
1655898725550;a06fdf9d-2bb9-4e9a-bf4a-7c5a148e1466;31;m;0;-1;-1;5;2;1;1021;3;1021;1655898777171;New Hires by Month (Full-Time/Part-Time) (lineChart) - Month: Sep, Oct. FPDesc: Part-Time, Part-Time selected;NewHiresByMonth(Full-Time/Part-Time).Month<categorical>, NewHiresByMonth(Full-Time/Part-Time).FPDesc<categorical>, Year.Year<categorical>;NewHiresByRegion.Region<categorical>;0,0,0,0,0,0,0,0,0,0,0,0,0,0,0,0,0,0,0,0,0,0,0,0;774,1114,1246,1475,1986,2186,1961,2189,2212,2103,1461,366;400,588,982,1086,1258,1204,1321,1463,1276,1886,1312,606;0,0,0,0,0,0,0,0,0,0,0,0,0,0,0,0,1,0,1,0,0,0,0,0;0,0,1,0;73,701,77,1037,87,1159,124,1351,139,1847,100,2086,92,1869,91,2098,84,2128,75,2028,50,1411,17,349;0,0,0,0,0,0,0,0,0,0,0,0,0,0;12600,4342,853,781,365,108,24;0,1,0,1,0,1,0,0,0,1,0,1,0,1;1403;0,0,0,0,0,0,0;0,0,0,0,0,0,0;0,0,0,0,1,0,0
1655898727518;a06fdf9d-2bb9-4e9a-bf4a-7c5a148e1466;31;m;0;-1;-1;5;2;1;1021;3;1021;1655898777171;New Hires by Month (Full-Time/Part-Time) (lineChart) - Month: Sep, Oct, Nov. FPDesc: Part-Time, Part-Time, Part-Time selected;NewHiresByMonth(Full-Time/Part-Time).Month<categorical>, NewHiresByMonth(Full-Time/Part-Time).FPDesc<categorical>, Year.Year<categorical>;NewHiresByRegion.Region<categorical>;0,0,0,0,0,0,0,0,0,0,0,0,0,0,0,0,0,0,0,0,0,0,0,0;774,1114,1246,1475,1986,2186,1961,2189,2212,2103,1461,366;400,588,982,1086,1258,1204,1321,1463,1276,1886,1312,606;0,0,0,0,0,0,0,0,0,0,0,0,0,0,0,0,1,0,1,0,1,0,0,0;0,0,1,0;73,701,77,1037,87,1159,124,1351,139,1847,100,2086,92,1869,91,2098,84,2128,75,2028,50,1411,17,349;0,0,0,0,0,0,0,0,0,0,0,0,0,0;12600,4342,853,781,365,108,24;0,1,0,1,0,1,0,0,0,1,0,1,0,1;1403;0,0,0,0,0,0,0;0,0,0,0,0,0,0;0,0,0,0,1,0,0
1655898729271;a06fdf9d-2bb9-4e9a-bf4a-7c5a148e1466;31;m;0;-1;-1;5;2;1;1021;3;1021;1655898777171;New Hires by Month (Full-Time/Part-Time) (lineChart) - Month: Sep, Oct, Nov, Dec. FPDesc: Part-Time, Part-Time, Part-Time, Part-Time selected;NewHiresByMonth(Full-Time/Part-Time).Month<categorical>, NewHiresByMonth(Full-Time/Part-Time).FPDesc<categorical>, Year.Year<categorical>;NewHiresByRegion.Region<categorical>;0,0,0,0,0,0,0,0,0,0,0,0,0,0,0,0,0,0,0,0,0,0,0,0;774,1114,1246,1475,1986,2186,1961,2189,2212,2103,1461,366;400,588,982,1086,1258,1204,1321,1463,1276,1886,1312,606;0,0,0,0,0,0,0,0,0,0,0,0,0,0,0,0,1,0,1,0,1,0,1,0;0,0,1,0;73,701,77,1037,87,1159,124,1351,139,1847,100,2086,92,1869,91,2098,84,2128,75,2028,50,1411,17,349;0,0,0,0,0,0,0,0,0,0,0,0,0,0;12600,4342,853,781,365,108,24;0,1,0,1,0,1,0,0,0,1,0,1,0,1;1403;0,0,0,0,0,0,0;0,0,0,0,0,0,0;0,0,0,0,1,0,0
1655898730885;a06fdf9d-2bb9-4e9a-bf4a-7c5a148e1466;31;m;0;-1;-1;5;2;1;1021;3;1021;1655898777171;New Hires by Month (Full-Time/Part-Time) (lineChart) - deselected;Year.Year<categorical>;NewHiresByRegion.Region<categorical>;0,0,0,0,0,0,0,0,0,0,0,0,0,0,0,0,0,0,0,0,0,0,0,0;774,1114,1246,1475,1986,2186,1961,2189,2212,2103,1461,366;400,588,982,1086,1258,1204,1321,1463,1276,1886,1312,606;0,0,0,0,0,0,0,0,0,0,0,0,0,0,0,0,0,0,0,0,0,0,0,0;0,0,0,0;73,701,77,1037,87,1159,124,1351,139,1847,100,2086,92,1869,91,2098,84,2128,75,2028,50,1411,17,349;0,0,0,0,0,0,0,0,0,0,0,0,0,0;12600,4342,853,781,365,108,24;0,1,0,1,0,1,0,0,0,1,0,1,0,1;1403;0,0,0,0,0,0,0;0,0,0,0,0,0,0;0,0,0,0,1,0,0
1655898733599;a06fdf9d-2bb9-4e9a-bf4a-7c5a148e1466;31;m;0;-1;-1;5;2;1;1021;3;1021;1655898777171;New Hires by Month (Full-Time/Part-Time) (lineChart) - Month: Jul. FPDesc: Part-Time selected;NewHiresByMonth(Full-Time/Part-Time).Month<categorical>, NewHiresByMonth(Full-Time/Part-Time).FPDesc<categorical>, Year.Year<categorical>;NewHiresByRegion.Region<categorical>;0,0,0,0,0,0,0,0,0,0,0,0,0,0,0,0,0,0,0,0,0,0,0,0;774,1114,1246,1475,1986,2186,1961,2189,2212,2103,1461,366;400,588,982,1086,1258,1204,1321,1463,1276,1886,1312,606;0,0,0,0,0,0,0,0,0,0,0,0,1,0,0,0,0,0,0,0,0,0,0,0;0,0,1,0;73,701,77,1037,87,1159,124,1351,139,1847,100,2086,92,1869,91,2098,84,2128,75,2028,50,1411,17,349;0,0,0,0,0,0,0,0,0,0,0,0,0,0;12600,4342,853,781,365,108,24;0,1,0,1,0,1,0,0,0,1,0,1,0,1;1403;0,0,0,0,0,0,0;0,0,0,0,0,0,0;0,0,0,0,1,0,0
1655898735373;a06fdf9d-2bb9-4e9a-bf4a-7c5a148e1466;31;m;0;-1;-1;5;2;1;1021;3;1021;1655898777171;New Hires by Month (Full-Time/Part-Time) (lineChart) - Month: Jul, Aug. FPDesc: Part-Time, Part-Time selected;NewHiresByMonth(Full-Time/Part-Time).Month<categorical>, NewHiresByMonth(Full-Time/Part-Time).FPDesc<categorical>, Year.Year<categorical>;NewHiresByRegion.Region<categorical>;0,0,0,0,0,0,0,0,0,0,0,0,0,0,0,0,0,0,0,0,0,0,0,0;774,1114,1246,1475,1986,2186,1961,2189,2212,2103,1461,366;400,588,982,1086,1258,1204,1321,1463,1276,1886,1312,606;0,0,0,0,0,0,0,0,0,0,0,0,1,0,1,0,0,0,0,0,0,0,0,0;0,0,1,0;73,701,77,1037,87,1159,124,1351,139,1847,100,2086,92,1869,91,2098,84,2128,75,2028,50,1411,17,349;0,0,0,0,0,0,0,0,0,0,0,0,0,0;12600,4342,853,781,365,108,24;0,1,0,1,0,1,0,0,0,1,0,1,0,1;1403;0,0,0,0,0,0,0;0,0,0,0,0,0,0;0,0,0,0,1,0,0
1655898737804;a06fdf9d-2bb9-4e9a-bf4a-7c5a148e1466;31;m;0;-1;-1;5;2;1;1021;3;1021;1655898777171;New Hires by Month (Full-Time/Part-Time) (lineChart) - Month: Jul, Aug, Sep. FPDesc: Part-Time, Part-Time, Part-Time selected;NewHiresByMonth(Full-Time/Part-Time).Month<categorical>, NewHiresByMonth(Full-Time/Part-Time).FPDesc<categorical>, Year.Year<categorical>;NewHiresByRegion.Region<categorical>;0,0,0,0,0,0,0,0,0,0,0,0,0,0,0,0,0,0,0,0,0,0,0,0;774,1114,1246,1475,1986,2186,1961,2189,2212,2103,1461,366;400,588,982,1086,1258,1204,1321,1463,1276,1886,1312,606;0,0,0,0,0,0,0,0,0,0,0,0,1,0,1,0,1,0,0,0,0,0,0,0;0,0,1,0;73,701,77,1037,87,1159,124,1351,139,1847,100,2086,92,1869,91,2098,84,2128,75,2028,50,1411,17,349;0,0,0,0,0,0,0,0,0,0,0,0,0,0;12600,4342,853,781,365,108,24;0,1,0,1,0,1,0,0,0,1,0,1,0,1;1403;0,0,0,0,0,0,0;0,0,0,0,0,0,0;0,0,0,0,1,0,0
1655898739985;a06fdf9d-2bb9-4e9a-bf4a-7c5a148e1466;31;m;0;-1;-1;5;2;1;1021;3;1021;1655898777171;New Hires by Month (Full-Time/Part-Time) (lineChart) - Month: Jul, Aug, Sep, Oct. FPDesc: Part-Time, Part-Time, Part-Time, Part-Time selected;NewHiresByMonth(Full-Time/Part-Time).Month<categorical>, NewHiresByMonth(Full-Time/Part-Time).FPDesc<categorical>, Year.Year<categorical>;NewHiresByRegion.Region<categorical>;0,0,0,0,0,0,0,0,0,0,0,0,0,0,0,0,0,0,0,0,0,0,0,0;774,1114,1246,1475,1986,2186,1961,2189,2212,2103,1461,366;400,588,982,1086,1258,1204,1321,1463,1276,1886,1312,606;0,0,0,0,0,0,0,0,0,0,0,0,1,0,1,0,1,0,1,0,0,0,0,0;0,0,1,0;73,701,77,1037,87,1159,124,1351,139,1847,100,2086,92,1869,91,2098,84,2128,75,2028,50,1411,17,349;0,0,0,0,0,0,0,0,0,0,0,0,0,0;12600,4342,853,781,365,108,24;0,1,0,1,0,1,0,0,0,1,0,1,0,1;1403;0,0,0,0,0,0,0;0,0,0,0,0,0,0;0,0,0,0,1,0,0
1655898742814;a06fdf9d-2bb9-4e9a-bf4a-7c5a148e1466;31;m;0;-1;-1;5;2;1;1021;3;1021;1655898777171;New Hires by Month (Full-Time/Part-Time) (lineChart) - Month: Jul, Aug, Sep, Oct, Nov. FPDesc: Part-Time, Part-Time, Part-Time, Part-Time, Part-Time selected;NewHiresByMonth(Full-Time/Part-Time).Month<categorical>, NewHiresByMonth(Full-Time/Part-Time).FPDesc<categorical>, Year.Year<categorical>;NewHiresByRegion.Region<categorical>;0,0,0,0,0,0,0,0,0,0,0,0,0,0,0,0,0,0,0,0,0,0,0,0;774,1114,1246,1475,1986,2186,1961,2189,2212,2103,1461,366;400,588,982,1086,1258,1204,1321,1463,1276,1886,1312,606;0,0,0,0,0,0,0,0,0,0,0,0,1,0,1,0,1,0,1,0,1,0,0,0;0,0,1,0;73,701,77,1037,87,1159,124,1351,139,1847,100,2086,92,1869,91,2098,84,2128,75,2028,50,1411,17,349;0,0,0,0,0,0,0,0,0,0,0,0,0,0;12600,4342,853,781,365,108,24;0,1,0,1,0,1,0,0,0,1,0,1,0,1;1403;0,0,0,0,0,0,0;0,0,0,0,0,0,0;0,0,0,0,1,0,0
1655898744683;a06fdf9d-2bb9-4e9a-bf4a-7c5a148e1466;31;m;0;-1;-1;5;2;1;1021;3;1021;1655898777171;New Hires by Month (Full-Time/Part-Time) (lineChart) - Month: Jul, Aug, Sep, Oct, Nov, Dec. FPDesc: Part-Time, Part-Time, Part-Time, Part-Time, Part-Time, Part-Time selected;NewHiresByMonth(Full-Time/Part-Time).Month<categorical>, NewHiresByMonth(Full-Time/Part-Time).FPDesc<categorical>, Year.Year<categorical>;NewHiresByRegion.Region<categorical>;0,0,0,0,0,0,0,0,0,0,0,0,0,0,0,0,0,0,0,0,0,0,0,0;774,1114,1246,1475,1986,2186,1961,2189,2212,2103,1461,366;400,588,982,1086,1258,1204,1321,1463,1276,1886,1312,606;0,0,0,0,0,0,0,0,0,0,0,0,1,0,1,0,1,0,1,0,1,0,1,0;0,0,1,0;73,701,77,1037,87,1159,124,1351,139,1847,100,2086,92,1869,91,2098,84,2128,75,2028,50,1411,17,349;0,0,0,0,0,0,0,0,0,0,0,0,0,0;12600,4342,853,781,365,108,24;0,1,0,1,0,1,0,0,0,1,0,1,0,1;1403;0,0,0,0,0,0,0;0,0,0,0,0,0,0;0,0,0,0,1,0,0
1655898748320;a06fdf9d-2bb9-4e9a-bf4a-7c5a148e1466;31;m;0;-1;-1;5;2;1;1021;3;1021;1655898777171;New Hires by Month (Full-Time/Part-Time) (lineChart) - Month: Jul, Aug, Sep, Oct, Nov, Dec, Jun. FPDesc: Part-Time, Part-Time, Part-Time, Part-Time, Part-Time, Part-Time, Part-Time selected;NewHiresByMonth(Full-Time/Part-Time).Month<categorical>, NewHiresByMonth(Full-Time/Part-Time).FPDesc<categorical>, Year.Year<categorical>;NewHiresByRegion.Region<categorical>;0,0,0,0,0,0,0,0,0,0,0,0,0,0,0,0,0,0,0,0,0,0,0,0;774,1114,1246,1475,1986,2186,1961,2189,2212,2103,1461,366;400,588,982,1086,1258,1204,1321,1463,1276,1886,1312,606;0,0,0,0,0,0,0,0,0,0,1,0,1,0,1,0,1,0,1,0,1,0,1,0;0,0,1,0;73,701,77,1037,87,1159,124,1351,139,1847,100,2086,92,1869,91,2098,84,2128,75,2028,50,1411,17,349;0,0,0,0,0,0,0,0,0,0,0,0,0,0;12600,4342,853,781,365,108,24;0,1,0,1,0,1,0,0,0,1,0,1,0,1;1403;0,0,0,0,0,0,0;0,0,0,0,0,0,0;0,0,0,0,1,0,0
1655898751676;a06fdf9d-2bb9-4e9a-bf4a-7c5a148e1466;31;m;0;-1;-1;5;2;1;1021;3;1021;1655898777171;New Hires by Month (Full-Time/Part-Time) (lineChart) - Month: Jul, Aug, Sep, Oct, Nov, Dec, Jun, May. FPDesc: Part-Time, Part-Time, Part-Time, Part-Time, Part-Time, Part-Time, Part-Time, Part-Time selected;NewHiresByMonth(Full-Time/Part-Time).Month<categorical>, NewHiresByMonth(Full-Time/Part-Time).FPDesc<categorical>, Year.Year<categorical>;NewHiresByRegion.Region<categorical>;0,0,0,0,0,0,0,0,0,0,0,0,0,0,0,0,0,0,0,0,0,0,0,0;774,1114,1246,1475,1986,2186,1961,2189,2212,2103,1461,366;400,588,982,1086,1258,1204,1321,1463,1276,1886,1312,606;0,0,0,0,0,0,0,0,1,0,1,0,1,0,1,0,1,0,1,0,1,0,1,0;0,0,1,0;73,701,77,1037,87,1159,124,1351,139,1847,100,2086,92,1869,91,2098,84,2128,75,2028,50,1411,17,349;0,0,0,0,0,0,0,0,0,0,0,0,0,0;12600,4342,853,781,365,108,24;0,1,0,1,0,1,0,0,0,1,0,1,0,1;1403;0,0,0,0,0,0,0;0,0,0,0,0,0,0;0,0,0,0,1,0,0
1655898754789;a06fdf9d-2bb9-4e9a-bf4a-7c5a148e1466;31;m;0;-1;-1;5;2;1;1021;3;1021;1655898777171;New Hires by Month (Full-Time/Part-Time) (lineChart) - Month: Jul, Aug, Sep, Oct, Nov, Dec, Jun, May, Apr. FPDesc: Part-Time, Part-Time, Part-Time, Part-Time, Part-Time, Part-Time, Part-Time, Part-Time, Part-Time selected;NewHiresByMonth(Full-Time/Part-Time).Month<categorical>, NewHiresByMonth(Full-Time/Part-Time).FPDesc<categorical>, Year.Year<categorical>;NewHiresByRegion.Region<categorical>;0,0,0,0,0,0,0,0,0,0,0,0,0,0,0,0,0,0,0,0,0,0,0,0;774,1114,1246,1475,1986,2186,1961,2189,2212,2103,1461,366;400,588,982,1086,1258,1204,1321,1463,1276,1886,1312,606;0,0,0,0,0,0,1,0,1,0,1,0,1,0,1,0,1,0,1,0,1,0,1,0;0,0,1,0;73,701,77,1037,87,1159,124,1351,139,1847,100,2086,92,1869,91,2098,84,2128,75,2028,50,1411,17,349;0,0,0,0,0,0,0,0,0,0,0,0,0,0;12600,4342,853,781,365,108,24;0,1,0,1,0,1,0,0,0,1,0,1,0,1;1403;0,0,0,0,0,0,0;0,0,0,0,0,0,0;0,0,0,0,1,0,0
1655898757160;a06fdf9d-2bb9-4e9a-bf4a-7c5a148e1466;31;m;0;-1;-1;5;2;1;1021;3;1021;1655898777171;New Hires by Month (Full-Time/Part-Time) (lineChart) - Month: Jul, Aug, Sep, Oct, Nov, Dec, Jun, May, Apr, Mar. FPDesc: Part-Time, Part-Time, Part-Time, Part-Time, Part-Time, Part-Time, Part-Time, Part-Time, Part-Time, Part-Time selected;NewHiresByMonth(Full-Time/Part-Time).Month<categorical>, NewHiresByMonth(Full-Time/Part-Time).FPDesc<categorical>, Year.Year<categorical>;NewHiresByRegion.Region<categorical>;0,0,0,0,0,0,0,0,0,0,0,0,0,0,0,0,0,0,0,0,0,0,0,0;774,1114,1246,1475,1986,2186,1961,2189,2212,2103,1461,366;400,588,982,1086,1258,1204,1321,1463,1276,1886,1312,606;0,0,0,0,1,0,1,0,1,0,1,0,1,0,1,0,1,0,1,0,1,0,1,0;0,0,1,0;73,701,77,1037,87,1159,124,1351,139,1847,100,2086,92,1869,91,2098,84,2128,75,2028,50,1411,17,349;0,0,0,0,0,0,0,0,0,0,0,0,0,0;12600,4342,853,781,365,108,24;0,1,0,1,0,1,0,0,0,1,0,1,0,1;1403;0,0,0,0,0,0,0;0,0,0,0,0,0,0;0,0,0,0,1,0,0
1655898760970;a06fdf9d-2bb9-4e9a-bf4a-7c5a148e1466;31;m;0;-1;-1;5;2;1;1021;3;1021;1655898777171;New Hires by Month (Full-Time/Part-Time) (lineChart) - Month: Jul, Aug, Sep, Oct, Nov, Dec, Jun, May, Apr, Mar, Feb. FPDesc: Part-Time, Part-Time, Part-Time, Part-Time, Part-Time, Part-Time, Part-Time, Part-Time, Part-Time, Part-Time, Part-Time selected;NewHiresByMonth(Full-Time/Part-Time).Month<categorical>, NewHiresByMonth(Full-Time/Part-Time).FPDesc<categorical>, Year.Year<categorical>;NewHiresByRegion.Region<categorical>;0,0,0,0,0,0,0,0,0,0,0,0,0,0,0,0,0,0,0,0,0,0,0,0;774,1114,1246,1475,1986,2186,1961,2189,2212,2103,1461,366;400,588,982,1086,1258,1204,1321,1463,1276,1886,1312,606;0,0,1,0,1,0,1,0,1,0,1,0,1,0,1,0,1,0,1,0,1,0,1,0;0,0,1,0;73,701,77,1037,87,1159,124,1351,139,1847,100,2086,92,1869,91,2098,84,2128,75,2028,50,1411,17,349;0,0,0,0,0,0,0,0,0,0,0,0,0,0;12600,4342,853,781,365,108,24;0,1,0,1,0,1,0,0,0,1,0,1,0,1;1403;0,0,0,0,0,0,0;0,0,0,0,0,0,0;0,0,0,0,1,0,0
1655898764470;a06fdf9d-2bb9-4e9a-bf4a-7c5a148e1466;31;m;0;-1;-1;5;2;1;1021;3;1021;1655898777171;New Hires by Month (Full-Time/Part-Time) (lineChart) - Month: Jul, Aug, Sep, Oct, Nov, Dec, Jun, May, Apr, Mar, Feb, Jan. FPDesc: Part-Time, Part-Time, Part-Time, Part-Time, Part-Time, Part-Time, Part-Time, Part-Time, Part-Time, Part-Time, Part-Time, Part-Time selected;NewHiresByMonth(Full-Time/Part-Time).Month<categorical>, NewHiresByMonth(Full-Time/Part-Time).FPDesc<categorical>, Year.Year<categorical>;NewHiresByRegion.Region<categorical>;0,0,0,0,0,0,0,0,0,0,0,0,0,0,0,0,0,0,0,0,0,0,0,0;774,1114,1246,1475,1986,2186,1961,2189,2212,2103,1461,366;400,588,982,1086,1258,1204,1321,1463,1276,1886,1312,606;1,0,1,0,1,0,1,0,1,0,1,0,1,0,1,0,1,0,1,0,1,0,1,0;0,0,1,0;73,701,77,1037,87,1159,124,1351,139,1847,100,2086,92,1869,91,2098,84,2128,75,2028,50,1411,17,349;0,0,0,0,0,0,0,0,0,0,0,0,0,0;12600,4342,853,781,365,108,24;0,1,0,1,0,1,0,0,0,1,0,1,0,1;1403;0,0,0,0,0,0,0;0,0,0,0,0,0,0;0,0,0,0,1,0,0
1655898783228;a06fdf9d-2bb9-4e9a-bf4a-7c5a148e1466;31;m;0;-1;-1;5;1;1;Jul;2;Jul;1655898828744;Root;Year.Year<categorical>;;0,0,0,0,0,0,0,0,0,0,0,0,0,0,0,0,0,0,0,0,0,0,0,0;400,588,982,1086,1258,1204,1321,1463,1276,1886,1312,606;225,268,445,420,531,565,477,908,997,1038,1115,418;0,0,0,0,0,0,0,0,0,0,0,0,0,0,0,0,0,0,0,0,0,0,0,0;0,0,0,0;51,349,65,523,71,911,103,983,112,1146,89,1115,88,1233,92,1371,82,1194,139,1747,86,1226,56,550;0,0,0,0,0,0,0,0,0,0,0,0,0,0;9571,2416,663,430,220,63,19;0,0,0,0,0,0,0,0,0,0,0,0,0,0;2168,1851,2684,1224,2165,2025,1265;0,0,0,0,0,0,0;0,0,0,0,0,0,0;0,0,0,1,0,0,0
1655898793914;a06fdf9d-2bb9-4e9a-bf4a-7c5a148e1466;31;m;0;-1;-1;5;1;1;Jul;2;Jul;1655898828744;Ethnicity (slicer) - Ethnicity: Group A selected;Ethnicity.Ethnicity<categorical>, Year.Year<categorical>;NewHiresByEthnicity.Ethnicity<categorical>;0,0,0,0,0,0,0,0,0,0,0,0,0,0,0,0,0,0,0,0,0,0,0,0;301,457,743,803,929,856,923,1039,903,1281,902,434;185,205,352,336,407,425,331,684,724,762,796,301;0,0,0,0,0,0,0,0,0,0,0,0,0,0,0,0,0,0,0,0,0,0,0,0;0,0,0,0;42,259,55,402,57,686,80,723,95,834,70,786,71,852,71,968,66,837,110,1171,71,831,41,393;0,0,0,1,0,1,0,1,0,1,0,1,0,1;9571;0,0,0,0,0,0,0,0,0,0,0,0,0,0;1722,1523,2003,802,1577,1257,687;1,0,0,0,0,0,0;0,0,0,0,0,0,0;0,0,0,1,0,0,0
1655898796687;a06fdf9d-2bb9-4e9a-bf4a-7c5a148e1466;31;m;0;-1;-1;5;1;1;Jul;2;Jul;1655898828744;Year (slicer) - Year: 2014 selected;Ethnicity.Ethnicity<categorical>, Year.Year<categorical>;NewHiresByEthnicity.Ethnicity<categorical>;0,0,0,0,0,0,0,0,0,0,0,0,0,0,0,0,0,0,0,0,0,0,0,0;576,811,873,1010,1288,1326,1264,1427,1464,1399,932,230;301,457,743,803,929,856,923,1039,903,1281,902,434;0,0,0,0,0,0,0,0,0,0,0,0,0,0,0,0,0,0,0,0,0,0,0,0;0,0,0,0;62,514,60,751,67,806,104,906,97,1191,72,1254,63,1201,72,1355,63,1401,64,1335,39,893,13,217;0,0,0,1,0,1,0,1,0,1,0,1,0,1;12600;0,0,0,0,0,0,0,0,0,0,0,0,0,0;2441,2137,2277,858,2313,1628,946;1,0,0,0,0,0,0;0,0,0,0,0,0,0;0,0,0,0,1,0,0
1655898798717;a06fdf9d-2bb9-4e9a-bf4a-7c5a148e1466;31;m;0;-1;-1;5;1;1;Jul;2;Jul;1655898828744;Region (slicer) - Region: Northwest selected;Ethnicity.Ethnicity<categorical>, Region.Region<categorical>, Year.Year<categorical>;NewHiresByEthnicity.Ethnicity<categorical>, NewHiresByRegion.Region<categorical>;0,0,0,0,0,0,0,0,0,0,0,0,0,0,0,0,0,0,0,0,0,0,0,0;138,175,129,192,213,242,277,253,266,213,147,32;67,135,185,165,167,180,147,203,179,300,192,83;0,0,0,0,0,0,0,0,0,0,0,0,0,0,0,0,0,0,0,0,0,0,0,0;0,0,0,0;13,125,20,155,16,113,16,176,16,197,19,223,16,261,15,238,8,258,9,204,6,141,1,31;0,0,0,1,0,1,0,1,0,1,0,1,0,1;2277;0,1,0,1,0,0,0,1,0,1,0,1,0,1;2277;1,0,0,0,0,0,0;0,0,1,0,0,0,0;0,0,0,0,1,0,0
1655898834959;a06fdf9d-2bb9-4e9a-bf4a-7c5a148e1466;31;m;0;-1;-1;5;6;3;768;2;768;1655898948350;Root;Year.Year<categorical>;;0,0,0,0,0,0,0,0,0,0,0,0,0,0,0,0,0,0,0,0,0,0,0,0;400,588,982,1086,1258,1204,1321,1463,1276,1886,1312,606;225,268,445,420,531,565,477,908,997,1038,1115,418;0,0,0,0,0,0,0,0,0,0,0,0,0,0,0,0,0,0,0,0,0,0,0,0;0,0,0,0;51,349,65,523,71,911,103,983,112,1146,89,1115,88,1233,92,1371,82,1194,139,1747,86,1226,56,550;0,0,0,0,0,0,0,0,0,0,0,0,0,0;9571,2416,663,430,220,63,19;0,0,0,0,0,0,0,0,0,0,0,0,0,0;2168,1851,2684,1224,2165,2025,1265;0,0,0,0,0,0,0;0,0,0,0,0,0,0;0,0,0,1,0,0,0
1655898849565;a06fdf9d-2bb9-4e9a-bf4a-7c5a148e1466;31;m;0;-1;-1;5;6;3;768;2;768;1655898948350;Ethnicity (slicer) - Ethnicity: Group B selected;Ethnicity.Ethnicity<categorical>, Year.Year<categorical>;NewHiresByEthnicity.Ethnicity<categorical>;0,0,0,0,0,0,0,0,0,0,0,0,0,0,0,0,0,0,0,0,0,0,0,0;10,12,14,14,19,14,20,25,26,37,19,10;1,3,12,8,13,19,9,20,19,14,11,6;0,0,0,0,0,0,0,0,0,0,0,0,0,0,0,0,0,0,0,0,0,0,0,0;0,0,0,0;1,9,5,7,1,13,3,11,2,17,1,13,1,19,2,23,2,24,7,30,2,17,1,9;0,1,0,1,0,1,0,1,0,0,0,1,0,1;220;0,0,0,0,0,0,0,0,0,0,0,0,0,0;25,14,28,44,26,36,47;0,1,0,0,0,0,0;0,0,0,0,0,0,0;0,0,0,1,0,0,0
1655898849726;a06fdf9d-2bb9-4e9a-bf4a-7c5a148e1466;31;m;0;-1;-1;5;6;3;768;2;768;1655898948350;Ethnicity (slicer) - Ethnicity: Group C selected;Ethnicity.Ethnicity<categorical>, Year.Year<categorical>;NewHiresByEthnicity.Ethnicity<categorical>;0,0,0,0,0,0,0,0,0,0,0,0,0,0,0,0,0,0,0,0,0,0,0,0;10,12,14,14,19,14,20,25,26,37,19,10;1,3,12,8,13,19,9,20,19,14,11,6;0,0,0,0,0,0,0,0,0,0,0,0,0,0,0,0,0,0,0,0,0,0,0,0;0,0,0,0;1,9,5,7,1,13,3,11,2,17,1,13,1,19,2,23,2,24,7,30,2,17,1,9;0,1,0,1,0,1,0,1,0,0,0,1,0,1;220;0,0,0,0,0,0,0,0,0,0,0,0,0,0;25,14,28,44,26,36,47;0,0,1,0,0,0,0;0,0,0,0,0,0,0;0,0,0,1,0,0,0
1655898850218;a06fdf9d-2bb9-4e9a-bf4a-7c5a148e1466;31;m;0;-1;-1;5;6;3;768;2;768;1655898948350;Ethnicity (slicer) - Ethnicity: Group D selected;Ethnicity.Ethnicity<categorical>, Year.Year<categorical>;NewHiresByEthnicity.Ethnicity<categorical>;0,0,0,0,0,0,0,0,0,0,0,0,0,0,0,0,0,0,0,0,0,0,0,0;10,12,14,14,19,14,20,25,26,37,19,10;1,3,12,8,13,19,9,20,19,14,11,6;0,0,0,0,0,0,0,0,0,0,0,0,0,0,0,0,0,0,0,0,0,0,0,0;0,0,0,0;1,9,5,7,1,13,3,11,2,17,1,13,1,19,2,23,2,24,7,30,2,17,1,9;0,1,0,1,0,1,0,1,0,0,0,1,0,1;220;0,0,0,0,0,0,0,0,0,0,0,0,0,0;25,14,28,44,26,36,47;0,0,0,1,0,0,0;0,0,0,0,0,0,0;0,0,0,1,0,0,0
1655898850722;a06fdf9d-2bb9-4e9a-bf4a-7c5a148e1466;31;m;0;-1;-1;5;6;3;768;2;768;1655898948350;Ethnicity (slicer) - Ethnicity: Group B selected;Ethnicity.Ethnicity<categorical>, Year.Year<categorical>;NewHiresByEthnicity.Ethnicity<categorical>;0,0,0,0,0,0,0,0,0,0,0,0,0,0,0,0,0,0,0,0,0,0,0,0;53,70,157,189,203,238,249,257,220,411,269,100;17,37,43,48,80,90,96,132,160,176,208,75;0,0,0,0,0,0,0,0,0,0,0,0,0,0,0,0,0,0,0,0,0,0,0,0;0,0,0,0;3,50,2,68,8,149,9,180,7,196,12,226,8,241,12,245,6,214,13,398,6,263,8,92;0,1,0,0,0,1,0,1,0,1,0,1,0,1;2416;0,0,0,0,0,0,0,0,0,0,0,0,0,0;229,193,503,246,370,565,310;0,1,0,0,0,0,0;0,0,0,0,0,0,0;0,0,0,1,0,0,0
1655898853368;a06fdf9d-2bb9-4e9a-bf4a-7c5a148e1466;31;m;0;-1;-1;5;6;3;768;2;768;1655898948350;Ethnicity (slicer) - Ethnicity: Group A selected;Ethnicity.Ethnicity<categorical>, Year.Year<categorical>;;0,0,0,0,0,0,0,0,0,0,0,0,0,0,0,0,0,0,0,0,0,0,0,0;400,588,982,1086,1258,1204,1321,1463,1276,1886,1312,606;225,268,445,420,531,565,477,908,997,1038,1115,418;0,0,0,0,0,0,0,0,0,0,0,0,0,0,0,0,0,0,0,0,0,0,0,0;0,0,0,0;51,349,65,523,71,911,103,983,112,1146,89,1115,88,1233,92,1371,82,1194,139,1747,86,1226,56,550;0,0,0,0,0,0,0,0,0,0,0,0,0,0;9571,2416,663,430,220,63,19;0,0,0,0,0,0,0,0,0,0,0,0,0,0;2168,1851,2684,1224,2165,2025,1265;1,0,0,0,0,0,0;0,0,0,0,0,0,0;0,0,0,1,0,0,0
1655898853407;a06fdf9d-2bb9-4e9a-bf4a-7c5a148e1466;31;m;0;-1;-1;5;6;3;768;2;768;1655898948350;Ethnicity (slicer) - deselected;Year.Year<categorical>;;0,0,0,0,0,0,0,0,0,0,0,0,0,0,0,0,0,0,0,0,0,0,0,0;400,588,982,1086,1258,1204,1321,1463,1276,1886,1312,606;225,268,445,420,531,565,477,908,997,1038,1115,418;0,0,0,0,0,0,0,0,0,0,0,0,0,0,0,0,0,0,0,0,0,0,0,0;0,0,0,0;51,349,65,523,71,911,103,983,112,1146,89,1115,88,1233,92,1371,82,1194,139,1747,86,1226,56,550;0,0,0,0,0,0,0,0,0,0,0,0,0,0;9571,2416,663,430,220,63,19;0,0,0,0,0,0,0,0,0,0,0,0,0,0;2168,1851,2684,1224,2165,2025,1265;0,0,0,0,0,0,0;0,0,0,0,0,0,0;0,0,0,1,0,0,0
1655898871562;a06fdf9d-2bb9-4e9a-bf4a-7c5a148e1466;31;m;0;-1;-1;5;6;3;768;2;768;1655898948350;Region (slicer) - Region: South selected;Region.Region<categorical>, Year.Year<categorical>;NewHiresByRegion.Region<categorical>;0,0,0,0,0,0,0,0,0,0,0,0,0,0,0,0,0,0,0,0,0,0,0,0;56,75,109,141,172,196,222,231,176,324,234,89;35,58,77,55,83,88,76,153,225,142,132,66;0,0,0,0,0,0,0,0,0,0,0,0,0,0,0,0,0,0,0,0,0,0,0,0;0,0,0,0;5,51,5,70,5,104,9,132,6,166,2,194,8,214,8,223,5,171,11,313,8,226,3,86;0,0,0,0,0,0,0,0,0,0,0,0,0,0;1257,565,81,75,36,8,3;0,1,0,1,0,1,0,1,0,1,0,0,0,1;2025;0,0,0,0,0,0,0;0,0,0,0,0,1,0;0,0,0,1,0,0,0
1655898897031;a06fdf9d-2bb9-4e9a-bf4a-7c5a148e1466;31;m;0;-1;-1;5;6;3;768;2;768;1655898948350;Ethnicity (slicer) - Ethnicity: Group A selected;Ethnicity.Ethnicity<categorical>, Region.Region<categorical>, Year.Year<categorical>;NewHiresByEthnicity.Ethnicity<categorical>, NewHiresByRegion.Region<categorical>;0,0,0,0,0,0,0,0,0,0,0,0,0,0,0,0,0,0,0,0,0,0,0,0;33,48,73,89,121,128,143,156,110,180,119,57;29,43,49,45,57,61,53,99,142,79,73,40;0,0,0,0,0,0,0,0,0,0,0,0,0,0,0,0,0,0,0,0,0,0,0,0;0,0,0,0;4,29,5,43,3,70,5,84,4,117,1,127,7,136,7,149,3,107,6,174,5,114,2,55;0,0,0,1,0,1,0,1,0,1,0,1,0,1;1257;0,1,0,1,0,1,0,1,0,1,0,0,0,1;1257;1,0,0,0,0,0,0;0,0,0,0,0,1,0;0,0,0,1,0,0,0
1655898903289;a06fdf9d-2bb9-4e9a-bf4a-7c5a148e1466;31;m;0;-1;-1;5;6;3;768;2;768;1655898948350;Ethnicity (slicer) - deselected;Region.Region<categorical>, Year.Year<categorical>;NewHiresByRegion.Region<categorical>;0,0,0,0,0,0,0,0,0,0,0,0,0,0,0,0,0,0,0,0,0,0,0,0;56,75,109,141,172,196,222,231,176,324,234,89;35,58,77,55,83,88,76,153,225,142,132,66;0,0,0,0,0,0,0,0,0,0,0,0,0,0,0,0,0,0,0,0,0,0,0,0;0,0,0,0;5,51,5,70,5,104,9,132,6,166,2,194,8,214,8,223,5,171,11,313,8,226,3,86;0,0,0,0,0,0,0,0,0,0,0,0,0,0;1257,565,81,75,36,8,3;0,1,0,1,0,1,0,1,0,1,0,0,0,1;2025;0,0,0,0,0,0,0;0,0,0,0,0,1,0;0,0,0,1,0,0,0
1655898953673;a06fdf9d-2bb9-4e9a-bf4a-7c5a148e1466;31;m;0;-1;-1;5;4;2;Jul 2014;2;Jul 2014;1655899045319;Root;Year.Year<categorical>;;0,0,0,0,0,0,0,0,0,0,0,0,0,0,0,0,0,0,0,0,0,0,0,0;400,588,982,1086,1258,1204,1321,1463,1276,1886,1312,606;225,268,445,420,531,565,477,908,997,1038,1115,418;0,0,0,0,0,0,0,0,0,0,0,0,0,0,0,0,0,0,0,0,0,0,0,0;0,0,0,0;51,349,65,523,71,911,103,983,112,1146,89,1115,88,1233,92,1371,82,1194,139,1747,86,1226,56,550;0,0,0,0,0,0,0,0,0,0,0,0,0,0;9571,2416,663,430,220,63,19;0,0,0,0,0,0,0,0,0,0,0,0,0,0;2168,1851,2684,1224,2165,2025,1265;0,0,0,0,0,0,0;0,0,0,0,0,0,0;0,0,0,1,0,0,0
1655898969433;a06fdf9d-2bb9-4e9a-bf4a-7c5a148e1466;31;m;0;-1;-1;5;4;2;Jul 2014;2;Jul 2014;1655899045319;Year (slicer) - Year: 2014 selected;Year.Year<categorical>;;0,0,0,0,0,0,0,0,0,0,0,0,0,0,0,0,0,0,0,0,0,0,0,0;774,1114,1246,1475,1986,2186,1961,2189,2212,2103,1461,366;400,588,982,1086,1258,1204,1321,1463,1276,1886,1312,606;0,0,0,0,0,0,0,0,0,0,0,0,0,0,0,0,0,0,0,0,0,0,0,0;0,0,0,0;73,701,77,1037,87,1159,124,1351,139,1847,100,2086,92,1869,91,2098,84,2128,75,2028,50,1411,17,349;0,0,0,0,0,0,0,0,0,0,0,0,0,0;12600,4342,853,781,365,108,24;0,0,0,0,0,0,0,0,0,0,0,0,0,0;3238,2806,3170,1403,3227,3392,1837;0,0,0,0,0,0,0;0,0,0,0,0,0,0;0,0,0,0,1,0,0
1655898972360;a06fdf9d-2bb9-4e9a-bf4a-7c5a148e1466;31;m;0;-1;-1;5;4;2;Jul 2014;2;Jul 2014;1655899045319;Region (slicer) - Region: Northwest selected;Region.Region<categorical>, Year.Year<categorical>;NewHiresByRegion.Region<categorical>;0,0,0,0,0,0,0,0,0,0,0,0,0,0,0,0,0,0,0,0,0,0,0,0;177,237,167,268,292,346,409,365,370,295,204,40;78,164,228,216,230,234,197,300,246,416,267,108;0,0,0,0,0,0,0,0,0,0,0,0,0,0,0,0,0,0,0,0,0,0,0,0;0,0,0,0;16,161,23,214,21,146,19,249,19,273,20,326,18,391,19,346,10,360,9,286,6,198,1,39;0,0,0,0,0,0,0,0,0,0,0,0,0,0;2277,595,152,63,61,18,4;0,1,0,1,0,0,0,1,0,1,0,1,0,1;3170;0,0,0,0,0,0,0;0,0,1,0,0,0,0;0,0,0,0,1,0,0
1655899007638;a06fdf9d-2bb9-4e9a-bf4a-7c5a148e1466;31;m;0;-1;-1;5;4;2;Jul 2014;2;Jul 2014;1655899045319;New Hires by Month (Full-Time/Part-Time) (lineChart) - Month: Jul. FPDesc: Part-Time selected;NewHiresByMonth(Full-Time/Part-Time).Month<categorical>, NewHiresByMonth(Full-Time/Part-Time).FPDesc<categorical>, Region.Region<categorical>, Year.Year<categorical>;NewHiresByRegion.Region<categorical>;0,0,0,0,0,0,0,0,0,0,0,0,0,0,0,0,0,0,0,0,0,0,0,0;177,237,167,268,292,346,409,365,370,295,204,40;78,164,228,216,230,234,197,300,246,416,267,108;0,0,0,0,0,0,0,0,0,0,0,0,1,0,0,0,0,0,0,0,0,0,0,0;0,0,1,0;16,161,23,214,21,146,19,249,19,273,20,326,18,391,19,346,10,360,9,286,6,198,1,39;0,0,0,0,0,0,0,0,0,0,0,0,0,0;2277,595,152,63,61,18,4;0,1,0,1,0,0,0,1,0,1,0,1,0,1;3170;0,0,0,0,0,0,0;0,0,1,0,0,0,0;0,0,0,0,1,0,0
1655899009788;a06fdf9d-2bb9-4e9a-bf4a-7c5a148e1466;31;m;0;-1;-1;5;4;2;Jul 2014;2;Jul 2014;1655899045319;New Hires by Month (Full-Time/Part-Time) (lineChart) - Month: Jul, Jul. FPDesc: Part-Time, Full-Time selected;NewHiresByMonth(Full-Time/Part-Time).Month<categorical>, NewHiresByMonth(Full-Time/Part-Time).FPDesc<categorical>, Region.Region<categorical>, Year.Year<categorical>;NewHiresByRegion.Region<categorical>;0,0,0,0,0,0,0,0,0,0,0,0,0,0,0,0,0,0,0,0,0,0,0,0;177,237,167,268,292,346,409,365,370,295,204,40;78,164,228,216,230,234,197,300,246,416,267,108;0,0,0,0,0,0,0,0,0,0,0,0,1,0,0,0,0,0,0,0,0,0,0,0;1,0,1,0;16,161,23,214,21,146,19,249,19,273,20,326,18,391,19,346,10,360,9,286,6,198,1,39;0,0,0,0,0,0,0,0,0,0,0,0,0,0;2277,595,152,63,61,18,4;0,1,0,1,0,0,0,1,0,1,0,1,0,1;3170;0,0,0,0,0,0,0;0,0,1,0,0,0,0;0,0,0,0,1,0,0
1655899016764;a06fdf9d-2bb9-4e9a-bf4a-7c5a148e1466;31;m;0;-1;-1;5;4;2;Jul 2014;2;Jul 2014;1655899045319;Year (slicer) - Year: 2012 selected;NewHiresByMonth(Full-Time/Part-Time).Month<categorical>, NewHiresByMonth(Full-Time/Part-Time).FPDesc<categorical>, Region.Region<categorical>, Year.Year<categorical>;NewHiresByRegion.Region<categorical>;0,0,0,0,0,0,0,0,0,0,0,0,0,0,0,0,0,0,0,0,0,0,0,0;31,34,65,79,86,110,69,138,141,234,290,77;13,20,52,53,45,58,34,57,52,53,85,34;0,0,0,0,0,0,0,0,0,0,0,0,1,0,0,0,0,0,0,0,0,0,0,0;1,0,1,0;11,20,11,23,18,47,27,52,10,76,20,90,14,55,25,113,14,127,32,202,24,266,9,68;0,0,0,0,0,0,0,0,0,0,0,0,0,0;1055,216,34,25,18,3,3;0,1,0,1,0,0,0,1,0,1,0,1,0,1;1354;0,0,0,0,0,0,0;0,0,1,0,0,0,0;0,0,1,0,0,0,0
1655899021148;a06fdf9d-2bb9-4e9a-bf4a-7c5a148e1466;31;m;0;-1;-1;5;4;2;Jul 2014;2;Jul 2014;1655899045319;New Hires by Month (Full-Time/Part-Time) (lineChart) - Month: Nov. FPDesc: Full-Time selected;NewHiresByMonth(Full-Time/Part-Time).Month<categorical>, NewHiresByMonth(Full-Time/Part-Time).FPDesc<categorical>, Region.Region<categorical>, Year.Year<categorical>;NewHiresByRegion.Region<categorical>;0,0,0,0,0,0,0,0,0,0,0,0,0,0,0,0,0,0,0,0,0,0,0,0;31,34,65,79,86,110,69,138,141,234,290,77;13,20,52,53,45,58,34,57,52,53,85,34;0,0,0,0,0,0,0,0,0,0,0,0,0,0,0,0,0,0,0,0,1,0,0,0;1,0,0,0;11,20,11,23,18,47,27,52,10,76,20,90,14,55,25,113,14,127,32,202,24,266,9,68;0,0,0,0,0,0,0,0,0,0,0,0,0,0;1055,216,34,25,18,3,3;0,1,0,1,0,0,0,1,0,1,0,1,0,1;1354;0,0,0,0,0,0,0;0,0,1,0,0,0,0;0,0,1,0,0,0,0
1655899022667;a06fdf9d-2bb9-4e9a-bf4a-7c5a148e1466;31;m;0;-1;-1;5;4;2;Jul 2014;2;Jul 2014;1655899045319;New Hires by Month (Full-Time/Part-Time) (lineChart) - Month: Nov, Nov. FPDesc: Full-Time, Part-Time selected;NewHiresByMonth(Full-Time/Part-Time).Month<categorical>, NewHiresByMonth(Full-Time/Part-Time).FPDesc<categorical>, Region.Region<categorical>, Year.Year<categorical>;NewHiresByRegion.Region<categorical>;0,0,0,0,0,0,0,0,0,0,0,0,0,0,0,0,0,0,0,0,0,0,0,0;31,34,65,79,86,110,69,138,141,234,290,77;13,20,52,53,45,58,34,57,52,53,85,34;0,0,0,0,0,0,0,0,0,0,0,0,0,0,0,0,0,0,0,0,1,0,0,0;1,0,1,0;11,20,11,23,18,47,27,52,10,76,20,90,14,55,25,113,14,127,32,202,24,266,9,68;0,0,0,0,0,0,0,0,0,0,0,0,0,0;1055,216,34,25,18,3,3;0,1,0,1,0,0,0,1,0,1,0,1,0,1;1354;0,0,0,0,0,0,0;0,0,1,0,0,0,0;0,0,1,0,0,0,0
1655899036924;a06fdf9d-2bb9-4e9a-bf4a-7c5a148e1466;31;m;0;-1;-1;5;4;2;Jul 2014;2;Jul 2014;1655899045319;Year (slicer) - Year: 2014 selected;NewHiresByMonth(Full-Time/Part-Time).Month<categorical>, NewHiresByMonth(Full-Time/Part-Time).FPDesc<categorical>, Region.Region<categorical>, Year.Year<categorical>;NewHiresByRegion.Region<categorical>;0,0,0,0,0,0,0,0,0,0,0,0,0,0,0,0,0,0,0,0,0,0,0,0;177,237,167,268,292,346,409,365,370,295,204,40;78,164,228,216,230,234,197,300,246,416,267,108;0,0,0,0,0,0,0,0,0,0,0,0,0,0,0,0,0,0,0,0,1,0,0,0;1,0,1,0;16,161,23,214,21,146,19,249,19,273,20,326,18,391,19,346,10,360,9,286,6,198,1,39;0,0,0,0,0,0,0,0,0,0,0,0,0,0;2277,595,152,63,61,18,4;0,1,0,1,0,0,0,1,0,1,0,1,0,1;3170;0,0,0,0,0,0,0;0,0,1,0,0,0,0;0,0,0,0,1,0,0
1655899050102;a06fdf9d-2bb9-4e9a-bf4a-7c5a148e1466;31;m;0;-1;-1;5;3;2;2013;1;2013;1655899071709;Root;Year.Year<categorical>;;0,0,0,0,0,0,0,0,0,0,0,0,0,0,0,0,0,0,0,0,0,0,0,0;400,588,982,1086,1258,1204,1321,1463,1276,1886,1312,606;225,268,445,420,531,565,477,908,997,1038,1115,418;0,0,0,0,0,0,0,0,0,0,0,0,0,0,0,0,0,0,0,0,0,0,0,0;0,0,0,0;51,349,65,523,71,911,103,983,112,1146,89,1115,88,1233,92,1371,82,1194,139,1747,86,1226,56,550;0,0,0,0,0,0,0,0,0,0,0,0,0,0;9571,2416,663,430,220,63,19;0,0,0,0,0,0,0,0,0,0,0,0,0,0;2168,1851,2684,1224,2165,2025,1265;0,0,0,0,0,0,0;0,0,0,0,0,0,0;0,0,0,1,0,0,0
1655899055719;a06fdf9d-2bb9-4e9a-bf4a-7c5a148e1466;31;m;0;-1;-1;5;3;2;2013;1;2013;1655899071709;Ethnicity (slicer) - Ethnicity: Group F selected;Ethnicity.Ethnicity<categorical>, Year.Year<categorical>;NewHiresByEthnicity.Ethnicity<categorical>;0,0,0,0,0,0,0,0,0,0,0,0,0,0,0,0,0,0,0,0,0,0,0,0;9,18,20,23,39,26,38,77,59,52,50,19;10,11,19,7,8,12,8,20,37,33,42,12;0,0,0,0,0,0,0,0,0,0,0,0,0,0,0,0,0,0,0,0,0,0,0,0;0,0,0,0;2,7,1,17,1,19,2,21,5,34,3,23,3,35,5,72,4,55,2,50,4,46,2,17;0,1,0,1,0,1,0,0,0,1,0,1,0,1;430;0,0,0,0,0,0,0,0,0,0,0,0,0,0;63,31,88,41,51,75,81;0,0,0,0,0,1,0;0,0,0,0,0,0,0;0,0,0,1,0,0,0
1655899063558;a06fdf9d-2bb9-4e9a-bf4a-7c5a148e1466;31;m;0;-1;-1;5;3;2;2013;1;2013;1655899071709;Year (slicer) - Year: 2012 selected;Ethnicity.Ethnicity<categorical>, Year.Year<categorical>;NewHiresByEthnicity.Ethnicity<categorical>;0,0,0,0,0,0,0,0,0,0,0,0,0,0,0,0,0,0,0,0,0,0,0,0;9,18,20,23,39,26,38,77,59,52,50,19;10,11,19,7,8,12,8,20,37,33,42,12;0,0,0,0,0,0,0,0,0,0,0,0,0,0,0,0,0,0,0,0,0,0,0,0;0,0,0,0;2,8,2,9,5,14,1,6,8,2,10,3,5,3,17,2,35,1,32,3,39,12;0,1,0,1,0,1,0,0,0,1,0,1,0,1;430;0,0,0,0,0,0,0,0,0,0,0,0,0,0;63,31,88,41,51,75,81;0,0,0,0,0,1,0;0,0,0,0,0,0,0;0,0,1,0,0,0,0
1655899076322;a06fdf9d-2bb9-4e9a-bf4a-7c5a148e1466;31;m;0;-1;-1;5;5;3;22;2;108;1655899139411;Root;Year.Year<categorical>;;0,0,0,0,0,0,0,0,0,0,0,0,0,0,0,0,0,0,0,0,0,0,0,0;400,588,982,1086,1258,1204,1321,1463,1276,1886,1312,606;225,268,445,420,531,565,477,908,997,1038,1115,418;0,0,0,0,0,0,0,0,0,0,0,0,0,0,0,0,0,0,0,0,0,0,0,0;0,0,0,0;51,349,65,523,71,911,103,983,112,1146,89,1115,88,1233,92,1371,82,1194,139,1747,86,1226,56,550;0,0,0,0,0,0,0,0,0,0,0,0,0,0;9571,2416,663,430,220,63,19;0,0,0,0,0,0,0,0,0,0,0,0,0,0;2168,1851,2684,1224,2165,2025,1265;0,0,0,0,0,0,0;0,0,0,0,0,0,0;0,0,0,1,0,0,0
1655899085151;a06fdf9d-2bb9-4e9a-bf4a-7c5a148e1466;31;m;0;-1;-1;5;5;3;22;2;108;1655899139411;Ethnicity (slicer) - Ethnicity: Group B selected;Ethnicity.Ethnicity<categorical>, Year.Year<categorical>;NewHiresByEthnicity.Ethnicity<categorical>;0,0,0,0,0,0,0,0,0,0,0,0,0,0,0,0,0,0,0,0,0,0,0,0;53,70,157,189,203,238,249,257,220,411,269,100;17,37,43,48,80,90,96,132,160,176,208,75;0,0,0,0,0,0,0,0,0,0,0,0,0,0,0,0,0,0,0,0,0,0,0,0;0,0,0,0;3,50,2,68,8,149,9,180,7,196,12,226,8,241,12,245,6,214,13,398,6,263,8,92;0,1,0,0,0,1,0,1,0,1,0,1,0,1;2416;0,0,0,0,0,0,0,0,0,0,0,0,0,0;229,193,503,246,370,565,310;0,1,0,0,0,0,0;0,0,0,0,0,0,0;0,0,0,1,0,0,0
1655899087981;a06fdf9d-2bb9-4e9a-bf4a-7c5a148e1466;31;m;0;-1;-1;5;5;3;22;2;108;1655899139411;Region (slicer) - Region: East selected;Ethnicity.Ethnicity<categorical>, Region.Region<categorical>, Year.Year<categorical>;NewHiresByEthnicity.Ethnicity<categorical>, NewHiresByRegion.Region<categorical>;0,0,0,0,0,0,0,0,0,0,0,0,0,0,0,0,0,0,0,0,0,0,0,0;17,12,8,29,20,22,25,20,21,27,32,13;4,4,3,2,1,8,9,6,11,13,14,8;0,0,0,0,0,0,0,0,0,0,0,0,0,0,0,0,0,0,0,0,0,0,0,0;0,0,0,0;2,15,1,11,8,3,26,2,18,3,19,1,24,4,16,4,17,2,25,3,29,3,10;0,1,0,0,0,1,0,1,0,1,0,1,0,1;246;0,1,0,1,0,1,0,0,0,1,0,1,0,1;246;0,1,0,0,0,0,0;0,0,0,1,0,0,0;0,0,0,1,0,0,0
1655899097738;a06fdf9d-2bb9-4e9a-bf4a-7c5a148e1466;31;m;0;-1;-1;5;5;3;22;2;108;1655899139411;New Hires by Month (Full-Time/Part-Time) (lineChart) - Month: Jan. FPDesc: Full-Time selected;NewHiresByMonth(Full-Time/Part-Time).Month<categorical>, NewHiresByMonth(Full-Time/Part-Time).FPDesc<categorical>, Ethnicity.Ethnicity<categorical>, Region.Region<categorical>, Year.Year<categorical>;NewHiresByEthnicity.Ethnicity<categorical>, NewHiresByRegion.Region<categorical>;0,0,0,0,0,0,0,0,0,0,0,0,0,0,0,0,0,0,0,0,0,0,0,0;17,12,8,29,20,22,25,20,21,27,32,13;4,4,3,2,1,8,9,6,11,13,14,8;1,0,0,0,0,0,0,0,0,0,0,0,0,0,0,0,0,0,0,0,0,0,0,0;1,0,0,0;2,15,1,11,8,3,26,2,18,3,19,1,24,4,16,4,17,2,25,3,29,3,10;0,1,0,0,0,1,0,1,0,1,0,1,0,1;246;0,1,0,1,0,1,0,0,0,1,0,1,0,1;246;0,1,0,0,0,0,0;0,0,0,1,0,0,0;0,0,0,1,0,0,0
1655899110949;a06fdf9d-2bb9-4e9a-bf4a-7c5a148e1466;31;m;0;-1;-1;5;5;3;22;2;108;1655899139411;New Hires by Month (Full-Time/Part-Time) (lineChart) - Month: Apr, May, Jun, Jul. FPDesc: Part-Time, Part-Time, Part-Time, Part-Time selected;NewHiresByMonth(Full-Time/Part-Time).Month<categorical>, NewHiresByMonth(Full-Time/Part-Time).FPDesc<categorical>, Ethnicity.Ethnicity<categorical>, Region.Region<categorical>, Year.Year<categorical>;NewHiresByEthnicity.Ethnicity<categorical>, NewHiresByRegion.Region<categorical>;0,0,0,0,0,0,0,0,0,0,0,0,0,0,0,0,0,0,0,0,0,0,0,0;17,12,8,29,20,22,25,20,21,27,32,13;4,4,3,2,1,8,9,6,11,13,14,8;0,0,0,0,0,0,1,0,1,0,1,0,1,0,0,0,0,0,0,0,0,0,0,0;0,0,1,0;2,15,1,11,8,3,26,2,18,3,19,1,24,4,16,4,17,2,25,3,29,3,10;0,1,0,0,0,1,0,1,0,1,0,1,0,1;246;0,1,0,1,0,1,0,0,0,1,0,1,0,1;246;0,1,0,0,0,0,0;0,0,0,1,0,0,0;0,0,0,1,0,0,0
1655899112747;a06fdf9d-2bb9-4e9a-bf4a-7c5a148e1466;31;m;0;-1;-1;5;5;3;22;2;108;1655899139411;New Hires by Month (Full-Time/Part-Time) (lineChart) - deselected;Ethnicity.Ethnicity<categorical>, Region.Region<categorical>, Year.Year<categorical>;NewHiresByEthnicity.Ethnicity<categorical>, NewHiresByRegion.Region<categorical>;0,0,0,0,0,0,0,0,0,0,0,0,0,0,0,0,0,0,0,0,0,0,0,0;17,12,8,29,20,22,25,20,21,27,32,13;4,4,3,2,1,8,9,6,11,13,14,8;0,0,0,0,0,0,0,0,0,0,0,0,0,0,0,0,0,0,0,0,0,0,0,0;0,0,0,0;2,15,1,11,8,3,26,2,18,3,19,1,24,4,16,4,17,2,25,3,29,3,10;0,1,0,0,0,1,0,1,0,1,0,1,0,1;246;0,1,0,1,0,1,0,0,0,1,0,1,0,1;246;0,1,0,0,0,0,0;0,0,0,1,0,0,0;0,0,0,1,0,0,0
1655899125100;a06fdf9d-2bb9-4e9a-bf4a-7c5a148e1466;31;m;0;-1;-1;5;5;3;22;2;108;1655899139411;New Hires by Month (Full-Time/Part-Time) (lineChart) - Month: Jan, Feb, Mar, Apr, May, Jun, Jan, Feb, Mar, Apr, May, Jun. FPDesc: Full-Time, Full-Time, Full-Time, Full-Time, Full-Time, Full-Time, Part-Time, Part-Time, Part-Time, Part-Time, Part-Time, Part-Time selected;NewHiresByMonth(Full-Time/Part-Time).Month<categorical>, NewHiresByMonth(Full-Time/Part-Time).FPDesc<categorical>, Ethnicity.Ethnicity<categorical>, Region.Region<categorical>, Year.Year<categorical>;NewHiresByEthnicity.Ethnicity<categorical>, NewHiresByRegion.Region<categorical>;0,0,0,0,0,0,0,0,0,0,0,0,0,0,0,0,0,0,0,0,0,0,0,0;17,12,8,29,20,22,25,20,21,27,32,13;4,4,3,2,1,8,9,6,11,13,14,8;1,0,1,0,1,0,1,0,1,0,1,0,0,0,0,0,0,0,0,0,0,0,0,0;1,0,1,0;2,15,1,11,8,3,26,2,18,3,19,1,24,4,16,4,17,2,25,3,29,3,10;0,1,0,0,0,1,0,1,0,1,0,1,0,1;246;0,1,0,1,0,1,0,0,0,1,0,1,0,1;246;0,1,0,0,0,0,0;0,0,0,1,0,0,0;0,0,0,1,0,0,0
1655899143703;a06fdf9d-2bb9-4e9a-bf4a-7c5a148e1466;31;m;0;-1;-1;5;7;4;Sep 2014;2;Sep 2014;1655899305613;Root;Year.Year<categorical>;;0,0,0,0,0,0,0,0,0,0,0,0,0,0,0,0,0,0,0,0,0,0,0,0;400,588,982,1086,1258,1204,1321,1463,1276,1886,1312,606;225,268,445,420,531,565,477,908,997,1038,1115,418;0,0,0,0,0,0,0,0,0,0,0,0,0,0,0,0,0,0,0,0,0,0,0,0;0,0,0,0;51,349,65,523,71,911,103,983,112,1146,89,1115,88,1233,92,1371,82,1194,139,1747,86,1226,56,550;0,0,0,0,0,0,0,0,0,0,0,0,0,0;9571,2416,663,430,220,63,19;0,0,0,0,0,0,0,0,0,0,0,0,0,0;2168,1851,2684,1224,2165,2025,1265;0,0,0,0,0,0,0;0,0,0,0,0,0,0;0,0,0,1,0,0,0
1655899228067;a06fdf9d-2bb9-4e9a-bf4a-7c5a148e1466;31;m;0;-1;-1;5;7;4;Sep 2014;2;Sep 2014;1655899305613;New Hires by Month (Full-Time/Part-Time) (lineChart) - FPDesc: Part-Time selected;NewHiresByMonth(Full-Time/Part-Time).FPDesc<categorical>, Year.Year<categorical>;;0,0,0,0,0,0,0,0,0,0,0,0,0,0,0,0,0,0,0,0,0,0,0,0;400,588,982,1086,1258,1204,1321,1463,1276,1886,1312,606;225,268,445,420,531,565,477,908,997,1038,1115,418;0,0,0,0,0,0,0,0,0,0,0,0,0,0,0,0,0,0,0,0,0,0,0,0;0,0,1,0;51,349,65,523,71,911,103,983,112,1146,89,1115,88,1233,92,1371,82,1194,139,1747,86,1226,56,550;0,0,0,0,0,0,0,0,0,0,0,0,0,0;9571,2416,663,430,220,63,19;0,0,0,0,0,0,0,0,0,0,0,0,0,0;2168,1851,2684,1224,2165,2025,1265;0,0,0,0,0,0,0;0,0,0,0,0,0,0;0,0,0,1,0,0,0
1655899245609;a06fdf9d-2bb9-4e9a-bf4a-7c5a148e1466;31;m;0;-1;-1;5;7;4;Sep 2014;2;Sep 2014;1655899305613;Year (slicer) - Year: 2010 selected;NewHiresByMonth(Full-Time/Part-Time).FPDesc<categorical>, Year.Year<categorical>;NewHiresAndNewHiresSamePeriodLastYear(SPLY).Month<categorical>, NewHiresByMonth(Full-Time/Part-Time).Month<categorical>, NewHiresByMonth(Full-Time/Part-Time).FPDesc<categorical>, NewHiresByEthnicity.Ethnicity<categorical>, NewHiresByRegion.Region<categorical>;0,1,0,1,0,1,0,1,0,1,0,1,0,1,0,1,0,1,0,1,0,1,0,1;0;0;0,1,0,1,0,1,0,1,0,1,0,1,0,1,0,1,0,1,0,1,0,1,0,1;0,1,1,1;0;0,1,0,1,0,1,0,1,0,1,0,1,0,1;0;0,1,0,1,0,1,0,1,0,1,0,1,0,1;0;0,0,0,0,0,0,0;0,0,0,0,0,0,0;1,0,0,0,0,0,0
1655899252584;a06fdf9d-2bb9-4e9a-bf4a-7c5a148e1466;31;m;0;-1;-1;5;7;4;Sep 2014;2;Sep 2014;1655899305613;New Hires by Month (Full-Time/Part-Time) (lineChart) - deselected;Year.Year<categorical>;NewHiresAndNewHiresSamePeriodLastYear(SPLY).Month<categorical>, NewHiresByMonth(Full-Time/Part-Time).Month<categorical>, NewHiresByMonth(Full-Time/Part-Time).FPDesc<categorical>, NewHiresByEthnicity.Ethnicity<categorical>, NewHiresByRegion.Region<categorical>;0,1,0,1,0,1,0,1,0,1,0,1,0,1,0,1,0,1,0,1,0,1,0,1;0;0;0,1,0,1,0,1,0,1,0,1,0,1,0,1,0,1,0,1,0,1,0,1,0,1;0,1,0,1;0;0,1,0,1,0,1,0,1,0,1,0,1,0,1;0;0,1,0,1,0,1,0,1,0,1,0,1,0,1;0;0,0,0,0,0,0,0;0,0,0,0,0,0,0;1,0,0,0,0,0,0
1655899257650;a06fdf9d-2bb9-4e9a-bf4a-7c5a148e1466;31;m;0;-1;-1;5;7;4;Sep 2014;2;Sep 2014;1655899305613;Year (slicer) - Year: 2011 selected;Year.Year<categorical>;;0,0,0,0,0,0,0,0,0,0,0,0,0,0,0,0,0,0,0,0,0,0,0,0;77,103,212,260,298,332,258,395,383,375,408,157;0;0,0,0,0,0,0,0,0,0,0,0,0,0,0,0,0,0,0,0,0,0,0,0,0;0,0,0,0;31,46,40,63,67,145,84,176,97,201,81,251,73,185,97,298,102,281,75,300,98,310,36,121;0,0,0,0,0,0,0,0,0,0,0,0,0,0;2634,316,133,86,70,15,4;0,0,0,0,0,0,0,0,0,0,0,0,0,0;603,479,556,281,500,496,343;0,0,0,0,0,0,0;0,0,0,0,0,0,0;0,1,0,0,0,0,0
1655899265910;a06fdf9d-2bb9-4e9a-bf4a-7c5a148e1466;31;m;0;-1;-1;5;7;4;Sep 2014;2;Sep 2014;1655899305613;Year (slicer) - Year: 2010 selected;Year.Year<categorical>;NewHiresAndNewHiresSamePeriodLastYear(SPLY).Month<categorical>, NewHiresByMonth(Full-Time/Part-Time).Month<categorical>, NewHiresByMonth(Full-Time/Part-Time).FPDesc<categorical>, NewHiresByEthnicity.Ethnicity<categorical>, NewHiresByRegion.Region<categorical>;0,1,0,1,0,1,0,1,0,1,0,1,0,1,0,1,0,1,0,1,0,1,0,1;0;0;0,1,0,1,0,1,0,1,0,1,0,1,0,1,0,1,0,1,0,1,0,1,0,1;0,1,0,1;0;0,1,0,1,0,1,0,1,0,1,0,1,0,1;0;0,1,0,1,0,1,0,1,0,1,0,1,0,1;0;0,0,0,0,0,0,0;0,0,0,0,0,0,0;1,0,0,0,0,0,0
1655899270122;a06fdf9d-2bb9-4e9a-bf4a-7c5a148e1466;31;m;0;-1;-1;5;7;4;Sep 2014;2;Sep 2014;1655899305613;Year (slicer) - Year: 2012 selected;Year.Year<categorical>;;0,0,0,0,0,0,0,0,0,0,0,0,0,0,0,0,0,0,0,0,0,0,0,0;225,268,445,420,531,565,477,908,997,1038,1115,418;77,103,212,260,298,332,258,395,383,375,408,157;0,0,0,0,0,0,0,0,0,0,0,0,0,0,0,0,0,0,0,0,0,0,0,0;0,0,0,0;62,163,58,210,93,352,93,327,87,444,87,478,58,419,106,802,98,899,107,931,96,1019,42,376;0,0,0,0,0,0,0,0,0,0,0,0,0,0;5508,1162,350,219,135,27,6;0,0,0,0,0,0,0,0,0,0,0,0,0,0;1297,1092,1354,526,1203,1190,745;0,0,0,0,0,0,0;0,0,0,0,0,0,0;0,0,1,0,0,0,0
1655899272635;a06fdf9d-2bb9-4e9a-bf4a-7c5a148e1466;31;m;0;-1;-1;5;7;4;Sep 2014;2;Sep 2014;1655899305613;Year (slicer) - Year: 2013 selected;Year.Year<categorical>;;0,0,0,0,0,0,0,0,0,0,0,0,0,0,0,0,0,0,0,0,0,0,0,0;400,588,982,1086,1258,1204,1321,1463,1276,1886,1312,606;225,268,445,420,531,565,477,908,997,1038,1115,418;0,0,0,0,0,0,0,0,0,0,0,0,0,0,0,0,0,0,0,0,0,0,0,0;0,0,0,0;51,349,65,523,71,911,103,983,112,1146,89,1115,88,1233,92,1371,82,1194,139,1747,86,1226,56,550;0,0,0,0,0,0,0,0,0,0,0,0,0,0;9571,2416,663,430,220,63,19;0,0,0,0,0,0,0,0,0,0,0,0,0,0;2168,1851,2684,1224,2165,2025,1265;0,0,0,0,0,0,0;0,0,0,0,0,0,0;0,0,0,1,0,0,0
1655899275252;a06fdf9d-2bb9-4e9a-bf4a-7c5a148e1466;31;m;0;-1;-1;5;7;4;Sep 2014;2;Sep 2014;1655899305613;Year (slicer) - Year: 2014 selected;Year.Year<categorical>;;0,0,0,0,0,0,0,0,0,0,0,0,0,0,0,0,0,0,0,0,0,0,0,0;774,1114,1246,1475,1986,2186,1961,2189,2212,2103,1461,366;400,588,982,1086,1258,1204,1321,1463,1276,1886,1312,606;0,0,0,0,0,0,0,0,0,0,0,0,0,0,0,0,0,0,0,0,0,0,0,0;0,0,0,0;73,701,77,1037,87,1159,124,1351,139,1847,100,2086,92,1869,91,2098,84,2128,75,2028,50,1411,17,349;0,0,0,0,0,0,0,0,0,0,0,0,0,0;12600,4342,853,781,365,108,24;0,0,0,0,0,0,0,0,0,0,0,0,0,0;3238,2806,3170,1403,3227,3392,1837;0,0,0,0,0,0,0;0,0,0,0,0,0,0;0,0,0,0,1,0,0
1655899277379;a06fdf9d-2bb9-4e9a-bf4a-7c5a148e1466;31;m;0;-1;-1;5;7;4;Sep 2014;2;Sep 2014;1655899305613;Year (slicer) - Year: 2015 selected;Year.Year<categorical>;NewHiresByMonth(Full-Time/Part-Time).Month<categorical>, NewHiresByMonth(Full-Time/Part-Time).FPDesc<categorical>, NewHiresByEthnicity.Ethnicity<categorical>, NewHiresByRegion.Region<categorical>;0,0,0,0,0,0,0,0,0,0,0,0,0,0,0,0,0,0,0,0,0,0,0,0;0;774,1114,1246,1475,1986,2186,1961,2189,2212,2103,1461,366;0,1,0,1,0,1,0,1,0,1,0,1,0,1,0,1,0,1,0,1,0,1,0,1;0,1,0,1;0;0,1,0,1,0,1,0,1,0,1,0,1,0,1;0;0,1,0,1,0,1,0,1,0,1,0,1,0,1;0;0,0,0,0,0,0,0;0,0,0,0,0,0,0;0,0,0,0,0,1,0
1655899282933;a06fdf9d-2bb9-4e9a-bf4a-7c5a148e1466;31;m;0;-1;-1;5;7;4;Sep 2014;2;Sep 2014;1655899305613;Year (slicer) - Year: 2016 selected;Year.Year<categorical>;NewHiresAndNewHiresSamePeriodLastYear(SPLY).Month<categorical>, NewHiresByMonth(Full-Time/Part-Time).Month<categorical>, NewHiresByMonth(Full-Time/Part-Time).FPDesc<categorical>, NewHiresByEthnicity.Ethnicity<categorical>, NewHiresByRegion.Region<categorical>;0,1,0,1,0,1,0,1,0,1,0,1,0,1,0,1,0,1,0,1,0,1,0,1;0;0;0,1,0,1,0,1,0,1,0,1,0,1,0,1,0,1,0,1,0,1,0,1,0,1;0,1,0,1;0;0,1,0,1,0,1,0,1,0,1,0,1,0,1;0;0,1,0,1,0,1,0,1,0,1,0,1,0,1;0;0,0,0,0,0,0,0;0,0,0,0,0,0,0;0,0,0,0,0,0,1
1655899285333;a06fdf9d-2bb9-4e9a-bf4a-7c5a148e1466;31;m;0;-1;-1;5;7;4;Sep 2014;2;Sep 2014;1655899305613;Year (slicer) - Year: 2014 selected;Year.Year<categorical>;;0,0,0,0,0,0,0,0,0,0,0,0,0,0,0,0,0,0,0,0,0,0,0,0;774,1114,1246,1475,1986,2186,1961,2189,2212,2103,1461,366;400,588,982,1086,1258,1204,1321,1463,1276,1886,1312,606;0,0,0,0,0,0,0,0,0,0,0,0,0,0,0,0,0,0,0,0,0,0,0,0;0,0,0,0;73,701,77,1037,87,1159,124,1351,139,1847,100,2086,92,1869,91,2098,84,2128,75,2028,50,1411,17,349;0,0,0,0,0,0,0,0,0,0,0,0,0,0;12600,4342,853,781,365,108,24;0,0,0,0,0,0,0,0,0,0,0,0,0,0;3238,2806,3170,1403,3227,3392,1837;0,0,0,0,0,0,0;0,0,0,0,0,0,0;0,0,0,0,1,0,0
1655899310931;a06fdf9d-2bb9-4e9a-bf4a-7c5a148e1466;31;m;0;-1;-1;5;8;4;South;2;South;1655899949062;Root;Year.Year<categorical>;;0,0,0,0,0,0,0,0,0,0,0,0,0,0,0,0,0,0,0,0,0,0,0,0;400,588,982,1086,1258,1204,1321,1463,1276,1886,1312,606;225,268,445,420,531,565,477,908,997,1038,1115,418;0,0,0,0,0,0,0,0,0,0,0,0,0,0,0,0,0,0,0,0,0,0,0,0;0,0,0,0;51,349,65,523,71,911,103,983,112,1146,89,1115,88,1233,92,1371,82,1194,139,1747,86,1226,56,550;0,0,0,0,0,0,0,0,0,0,0,0,0,0;9571,2416,663,430,220,63,19;0,0,0,0,0,0,0,0,0,0,0,0,0,0;2168,1851,2684,1224,2165,2025,1265;0,0,0,0,0,0,0;0,0,0,0,0,0,0;0,0,0,1,0,0,0
1655899875684;a06fdf9d-2bb9-4e9a-bf4a-7c5a148e1466;31;m;0;-1;-1;5;8;4;South;2;South;1655899949062;Year (slicer) - Year: 2012 selected;Year.Year<categorical>;;0,0,0,0,0,0,0,0,0,0,0,0,0,0,0,0,0,0,0,0,0,0,0,0;400,588,982,1086,1258,1204,1321,1463,1276,1886,1312,606;225,268,445,420,531,565,477,908,997,1038,1115,418;0,0,0,0,0,0,0,0,0,0,0,0,0,0,0,0,0,0,0,0,0,0,0,0;0,0,0,0;62,163,58,210,93,352,93,327,87,444,87,478,58,419,106,802,98,899,107,931,96,1019,42,376;0,0,0,0,0,0,0,0,0,0,0,0,0,0;9571,2416,663,430,220,63,19;0,0,0,0,0,0,0,0,0,0,0,0,0,0;2168,1851,2684,1224,2165,2025,1265;0,0,0,0,0,0,0;0,0,0,0,0,0,0;0,0,1,0,0,0,0
1655899886480;a06fdf9d-2bb9-4e9a-bf4a-7c5a148e1466;31;m;0;-1;-1;5;8;4;South;2;South;1655899949062;Region (slicer) - Region: North selected;Region.Region<categorical>, Year.Year<categorical>;NewHiresByRegion.Region<categorical>;0,0,0,0,0,0,0,0,0,0,0,0,0,0,0,0,0,0,0,0,0,0,0,0;40,33,102,96,103,119,68,178,175,158,159,66;16,15,42,43,49,69,54,81,76,70,68,20;0,0,0,0,0,0,0,0,0,0,0,0,0,0,0,0,0,0,0,0,0,0,0,0;0,0,0,0;6,34,2,31,23,79,19,77,10,93,16,103,5,63,17,161,14,161,10,148,14,145,8,58;0,0,0,0,0,0,0,0,0,0,0,0,0,0;1038,138,53,38,20,9,1;0,0,0,1,0,1,0,1,0,1,0,1,0,1;1297;0,0,0,0,0,0,0;1,0,0,0,0,0,0;0,0,1,0,0,0,0
1655899912952;a06fdf9d-2bb9-4e9a-bf4a-7c5a148e1466;31;m;0;-1;-1;5;8;4;South;2;South;1655899949062;Region (slicer) - Region: Midwest selected;Region.Region<categorical>, Year.Year<categorical>;NewHiresByEthnicity.Ethnicity<categorical>, NewHiresByRegion.Region<categorical>;0,0,0,0,0,0,0,0,0,0,0,0,0,0,0,0,0,0,0,0,0,0,0,0;39,55,69,56,86,79,70,143,148,171,115,61;9,14,27,35,41,35,33,61,68,72,64,20;0,0,0,0,0,0,0,0,0,0,0,0,0,0,0,0,0,0,0,0,0,0,0,0;0,0,0,0;4,35,6,49,7,62,5,51,12,74,8,71,5,65,10,133,9,139,9,162,9,106,4,57;0,0,0,0,0,0,0,0,0,0,0,0,0,1;897,102,48,24,19,2;0,1,0,0,0,1,0,1,0,1,0,1,0,1;1092;0,0,0,0,0,0,0;0,1,0,0,0,0,0;0,0,1,0,0,0,0
1655899917740;a06fdf9d-2bb9-4e9a-bf4a-7c5a148e1466;31;m;0;-1;-1;5;8;4;South;2;South;1655899949062;Region (slicer) - Region: Northwest selected;Region.Region<categorical>, Year.Year<categorical>;NewHiresByRegion.Region<categorical>;0,0,0,0,0,0,0,0,0,0,0,0,0,0,0,0,0,0,0,0,0,0,0,0;31,34,65,79,86,110,69,138,141,234,290,77;13,20,52,53,45,58,34,57,52,53,85,34;0,0,0,0,0,0,0,0,0,0,0,0,0,0,0,0,0,0,0,0,0,0,0,0;0,0,0,0;11,20,11,23,18,47,27,52,10,76,20,90,14,55,25,113,14,127,32,202,24,266,9,68;0,0,0,0,0,0,0,0,0,0,0,0,0,0;1055,216,34,25,18,3,3;0,1,0,1,0,0,0,1,0,1,0,1,0,1;1354;0,0,0,0,0,0,0;0,0,1,0,0,0,0;0,0,1,0,0,0,0
1655899921178;a06fdf9d-2bb9-4e9a-bf4a-7c5a148e1466;31;m;0;-1;-1;5;8;4;South;2;South;1655899949062;Region (slicer) - Region: East selected;Region.Region<categorical>, Year.Year<categorical>;NewHiresByEthnicity.Ethnicity<categorical>, NewHiresByRegion.Region<categorical>;0,0,0,0,0,0,0,0,0,0,0,0,0,0,0,0,0,0,0,0,0,0,0,0;32,30,19,27,39,49,39,47,53,77,66,48;11,11,16,17,16,30,22,28,35,35,42,18;0,0,0,0,0,0,0,0,0,0,0,0,0,0,0,0,0,0,0,0,0,0,0,0;0,0,0,0;15,17,20,10,15,4,15,12,22,17,21,28,10,29,21,26,23,30,26,51,17,49,8,40;0,0,0,0,0,0,0,0,0,0,0,1,0,1;374,83,31,23,15;0,1,0,1,0,1,0,0,0,1,0,1,0,1;526;0,0,0,0,0,0,0;0,0,0,1,0,0,0;0,0,1,0,0,0,0
1655899923855;a06fdf9d-2bb9-4e9a-bf4a-7c5a148e1466;31;m;0;-1;-1;5;8;4;South;2;South;1655899949062;Region (slicer) - Region: Central selected;Region.Region<categorical>, Year.Year<categorical>;NewHiresByEthnicity.Ethnicity<categorical>, NewHiresByRegion.Region<categorical>;0,0,0,0,0,0,0,0,0,0,0,0,0,0,0,0,0,0,0,0,0,0,0,0;30,35,70,78,89,68,66,140,129,201,235,62;10,15,26,41,46,41,32,75,62,65,65,22;0,0,0,0,0,0,0,0,0,0,0,0,0,0,0,0,0,0,0,0,0,0,0,0;0,0,0,0;13,17,9,26,13,57,15,63,17,72,9,59,6,60,13,127,14,115,17,184,13,222,5,57;0,0,0,0,0,0,0,0,0,0,0,0,0,1;914,187,71,15,11,5;0,1,0,1,0,1,0,1,0,0,0,1,0,1;1203;0,0,0,0,0,0,0;0,0,0,0,1,0,0;0,0,1,0,0,0,0
1655899926591;a06fdf9d-2bb9-4e9a-bf4a-7c5a148e1466;31;m;0;-1;-1;5;8;4;South;2;South;1655899949062;Region (slicer) - Region: South selected;Region.Region<categorical>, Year.Year<categorical>;NewHiresByRegion.Region<categorical>;0,0,0,0,0,0,0,0,0,0,0,0,0,0,0,0,0,0,0,0,0,0,0,0;35,58,77,55,83,88,76,153,225,142,132,66;9,14,32,56,56,57,52,45,41,51,59,24;0,0,0,0,0,0,0,0,0,0,0,0,0,0,0,0,0,0,0,0,0,0,0,0;0,0,0,0;8,27,6,52,11,66,8,47,9,74,8,80,8,68,8,145,14,211,10,132,12,120,8,58;0,0,0,0,0,0,0,0,0,0,0,0,0,0;770,297,55,44,19,4,1;0,1,0,1,0,1,0,1,0,1,0,0,0,1;1190;0,0,0,0,0,0,0;0,0,0,0,0,1,0;0,0,1,0,0,0,0
1655899937503;a06fdf9d-2bb9-4e9a-bf4a-7c5a148e1466;31;m;0;-1;-1;5;8;4;South;2;South;1655899949062;Region (slicer) - Region: West selected;Region.Region<categorical>, Year.Year<categorical>;NewHiresByRegion.Region<categorical>;0,0,0,0,0,0,0,0,0,0,0,0,0,0,0,0,0,0,0,0,0,0,0,0;18,23,43,29,45,52,89,109,126,55,118,38;9,14,17,15,45,42,31,48,49,29,25,19;0,0,0,0,0,0,0,0,0,0,0,0,0,0,0,0,0,0,0,0,0,0,0,0;0,0,0,0;5,13,4,19,6,37,4,25,7,38,5,47,10,79,12,97,10,116,3,52,7,111,38;0,0,0,0,0,0,0,0,0,0,0,0,0,0;460,139,67,49,25,4,1;0,1,0,1,0,1,0,1,0,1,0,1,0,0;745;0,0,0,0,0,0,0;0,0,0,0,0,0,1;0,0,1,0,0,0,0
