timestamp;user;age;gender;dashboardExperience;powerBIExperience;confidence;satisfaction;questionId;taskId;correctAnswer;mentalEffort;selectedAnswer;endtime;triggeredAction;selectedValues;filteredValues;NewHiresByMonth(Full-Time/Part-Time).Month<categorical>;NewHiresByMonth(Full-Time/Part-Time).FPDesc<categorical>;NewHiresByMonth(Full-Time/Part-Time).NewHires<numerical>;NewHiresAndNewHiresSamePeriodLastYear(SPLY).NewHires<numerical>;NewHiresAndNewHiresSamePeriodLastYear(SPLY).Month<categorical>;NewHiresAndNewHiresSamePeriodLastYear(SPLY).NewHiresSPLY<numerical>;NewHiresByEthnicity.NewHires<numerical>;NewHiresByEthnicity.Ethnicity<categorical>;NewHiresByRegion.NewHires<numerical>;NewHiresByRegion.Region<categorical>;Ethnicity.Ethnicity<categorical>;Region.Region<categorical>;Year.Year<categorical>
1657537655184;842a466b-60c4-4153-a9b7-63ed026886f9;28;m;1;0;4;3;3;2;2013;1;2013;1657537693000;Root;Year.Year<categorical>;;0,0,0,0,0,0,0,0,0,0,0,0,0,0,0,0,0,0,0,0,0,0,0,0;0,0,0,0;51,349,65,523,71,911,103,983,112,1146,89,1115,88,1233,92,1371,82,1194,139,1747,86,1226,56,550;400,588,982,1086,1258,1204,1321,1463,1276,1886,1312,606;0,0,0,0,0,0,0,0,0,0,0,0,0,0,0,0,0,0,0,0,0,0,0,0;225,268,445,420,531,565,477,908,997,1038,1115,418;9571,2416,663,430,220,63,19;0,0,0,0,0,0,0,0,0,0,0,0,0,0;2168,1851,2684,1224,2165,2025,1265;0,0,0,0,0,0,0,0,0,0,0,0,0,0;0,0,0,0,0,0,0;0,0,0,0,0,0,0;0,0,0,1,0,0,0
1657537666808;842a466b-60c4-4153-a9b7-63ed026886f9;28;m;1;0;4;3;3;2;2013;1;2013;1657537693000;Ethnicity (slicer) - Ethnicity: Group F selected;Ethnicity.Ethnicity<categorical>, Year.Year<categorical>;;0,0,0,0,0,0,0,0,0,0,0,0,0,0,0,0,0,0,0,0,0,0,0,0;0,0,0,0;2,7,1,17,1,19,2,21,5,34,3,23,3,35,5,72,4,55,2,50,4,46,2,17;400,588,982,1086,1258,1204,1321,1463,1276,1886,1312,606;0,0,0,0,0,0,0,0,0,0,0,0,0,0,0,0,0,0,0,0,0,0,0,0;225,268,445,420,531,565,477,908,997,1038,1115,418;9571,2416,663,430,220,63,19;0,0,0,0,0,0,0,0,0,0,0,0,0,0;2168,1851,2684,1224,2165,2025,1265;0,0,0,0,0,0,0,0,0,0,0,0,0,0;0,0,0,0,0,1,0;0,0,0,0,0,0,0;0,0,0,1,0,0,0
1657537695237;842a466b-60c4-4153-a9b7-63ed026886f9;28;m;1;0;4;3;2;1;1021;1;1021;1657537859366;Root;Year.Year<categorical>;;0,0,0,0,0,0,0,0,0,0,0,0,0,0,0,0,0,0,0,0,0,0,0,0;0,0,0,0;51,349,65,523,71,911,103,983,112,1146,89,1115,88,1233,92,1371,82,1194,139,1747,86,1226,56,550;400,588,982,1086,1258,1204,1321,1463,1276,1886,1312,606;0,0,0,0,0,0,0,0,0,0,0,0,0,0,0,0,0,0,0,0,0,0,0,0;225,268,445,420,531,565,477,908,997,1038,1115,418;9571,2416,663,430,220,63,19;0,0,0,0,0,0,0,0,0,0,0,0,0,0;2168,1851,2684,1224,2165,2025,1265;0,0,0,0,0,0,0,0,0,0,0,0,0,0;0,0,0,0,0,0,0;0,0,0,0,0,0,0;0,0,0,1,0,0,0
1657537707136;842a466b-60c4-4153-a9b7-63ed026886f9;28;m;1;0;4;3;2;1;1021;1;1021;1657537859366;Region (slicer) - Region: East selected;Region.Region<categorical>, Year.Year<categorical>;;0,0,0,0,0,0,0,0,0,0,0,0,0,0,0,0,0,0,0,0,0,0,0,0;0,0,0,0;19,69,17,55,15,62,37,73,35,77,27,59,26,101,28,76,32,70,38,113,24,95,21,55;400,588,982,1086,1258,1204,1321,1463,1276,1886,1312,606;0,0,0,0,0,0,0,0,0,0,0,0,0,0,0,0,0,0,0,0,0,0,0,0;225,268,445,420,531,565,477,908,997,1038,1115,418;9571,2416,663,430,220,63,19;0,0,0,0,0,0,0,0,0,0,0,0,0,0;2168,1851,2684,1224,2165,2025,1265;0,0,0,0,0,0,0,0,0,0,0,0,0,0;0,0,0,0,0,0,0;0,0,0,1,0,0,0;0,0,0,1,0,0,0
1657537713123;842a466b-60c4-4153-a9b7-63ed026886f9;28;m;1;0;4;3;2;1;1021;1;1021;1657537859366;Year (slicer) - Year: 2014 selected;Region.Region<categorical>, Year.Year<categorical>;NewHiresByRegion.Region<categorical>;0,0,0,0,0,0,0,0,0,0,0,0,0,0,0,0,0,0,0,0,0,0,0,0;0,0,0,0;31,86,24,89,18,71,51,77,55,70,33,103,37,78,39,70,37,115,24,114,22,110,11,38;88,72,77,110,112,86,127,104,102,151,119,76;0,0,0,0,0,0,0,0,0,0,0,0,0,0,0,0,0,0,0,0,0,0,0,0;32,30,19,27,39,49,39,47,53,77,66,48;802,246,87,44,41,2,2;0,0,0,0,0,0,0,0,0,0,0,0,0,0;1224;0,1,0,1,0,1,0,0,0,1,0,1,0,1;0,0,0,0,0,0,0;0,0,0,1,0,0,0;0,0,0,0,1,0,0
1657537735947;842a466b-60c4-4153-a9b7-63ed026886f9;28;m;1;0;4;3;2;1;1021;1;1021;1657537859366;New Hires by Month (Full-Time/Part-Time) (lineChart) - Month: Dec. FPDesc: Part-Time selected;NewHiresByMonth(Full-Time/Part-Time).Month<categorical>, NewHiresByMonth(Full-Time/Part-Time).FPDesc<categorical>, Region.Region<categorical>, Year.Year<categorical>;NewHiresByRegion.Region<categorical>;0,0,0,0,0,0,0,0,0,0,0,0,0,0,0,0,0,0,0,0,0,0,1,0;0,0,1,0;31,86,24,89,18,71,51,77,55,70,33,103,37,78,39,70,37,115,24,114,22,110,11,38;117,113,89,128,125,136,115,109,152,138,132,49;0,0,0,0,0,0,0,0,0,0,0,0,0,0,0,0,0,0,0,0,0,0,0,0;88,72,77,110,112,86,127,104,102,151,119,76;858,347,66,62,61,7,2;0,0,0,0,0,0,0,0,0,0,0,0,0,0;1403;0,1,0,1,0,1,0,0,0,1,0,1,0,1;0,0,0,0,0,0,0;0,0,0,1,0,0,0;0,0,0,0,1,0,0
1657537741947;842a466b-60c4-4153-a9b7-63ed026886f9;28;m;1;0;4;3;2;1;1021;1;1021;1657537859366;New Hires by Month (Full-Time/Part-Time) (lineChart) - deselected;Region.Region<categorical>, Year.Year<categorical>;NewHiresByRegion.Region<categorical>;0,0,0,0,0,0,0,0,0,0,0,0,0,0,0,0,0,0,0,0,0,0,0,0;0,0,0,0;31,86,24,89,18,71,51,77,55,70,33,103,37,78,39,70,37,115,24,114,22,110,11,38;117,113,89,128,125,136,115,109,152,138,132,49;0,0,0,0,0,0,0,0,0,0,0,0,0,0,0,0,0,0,0,0,0,0,0,0;88,72,77,110,112,86,127,104,102,151,119,76;858,347,66,62,61,7,2;0,0,0,0,0,0,0,0,0,0,0,0,0,0;1403;0,1,0,1,0,1,0,0,0,1,0,1,0,1;0,0,0,0,0,0,0;0,0,0,1,0,0,0;0,0,0,0,1,0,0
1657537743626;842a466b-60c4-4153-a9b7-63ed026886f9;28;m;1;0;4;3;2;1;1021;1;1021;1657537859366;New Hires by Month (Full-Time/Part-Time) (lineChart) - Month: Dec. FPDesc: Part-Time selected;NewHiresByMonth(Full-Time/Part-Time).Month<categorical>, NewHiresByMonth(Full-Time/Part-Time).FPDesc<categorical>, Region.Region<categorical>, Year.Year<categorical>;NewHiresByRegion.Region<categorical>;0,0,0,0,0,0,0,0,0,0,0,0,0,0,0,0,0,0,0,0,0,0,1,0;0,0,1,0;31,86,24,89,18,71,51,77,55,70,33,103,37,78,39,70,37,115,24,114,22,110,11,38;117,113,89,128,125,136,115,109,152,138,132,49;0,0,0,0,0,0,0,0,0,0,0,0,0,0,0,0,0,0,0,0,0,0,0,0;88,72,77,110,112,86,127,104,102,151,119,76;858,347,66,62,61,7,2;0,0,0,0,0,0,0,0,0,0,0,0,0,0;1403;0,1,0,1,0,1,0,0,0,1,0,1,0,1;0,0,0,0,0,0,0;0,0,0,1,0,0,0;0,0,0,0,1,0,0
1657537745843;842a466b-60c4-4153-a9b7-63ed026886f9;28;m;1;0;4;3;2;1;1021;1;1021;1657537859366;New Hires by Month (Full-Time/Part-Time) (lineChart) - deselected;Region.Region<categorical>, Year.Year<categorical>;NewHiresByRegion.Region<categorical>;0,0,0,0,0,0,0,0,0,0,0,0,0,0,0,0,0,0,0,0,0,0,0,0;0,0,0,0;31,86,24,89,18,71,51,77,55,70,33,103,37,78,39,70,37,115,24,114,22,110,11,38;117,113,89,128,125,136,115,109,152,138,132,49;0,0,0,0,0,0,0,0,0,0,0,0,0,0,0,0,0,0,0,0,0,0,0,0;88,72,77,110,112,86,127,104,102,151,119,76;858,347,66,62,61,7,2;0,0,0,0,0,0,0,0,0,0,0,0,0,0;1403;0,1,0,1,0,1,0,0,0,1,0,1,0,1;0,0,0,0,0,0,0;0,0,0,1,0,0,0;0,0,0,0,1,0,0
1657537747806;842a466b-60c4-4153-a9b7-63ed026886f9;28;m;1;0;4;3;2;1;1021;1;1021;1657537859366;New Hires by Month (Full-Time/Part-Time) (lineChart) - Month: Dec. FPDesc: Full-Time selected;NewHiresByMonth(Full-Time/Part-Time).Month<categorical>, NewHiresByMonth(Full-Time/Part-Time).FPDesc<categorical>, Region.Region<categorical>, Year.Year<categorical>;NewHiresByRegion.Region<categorical>;0,0,0,0,0,0,0,0,0,0,0,0,0,0,0,0,0,0,0,0,0,0,1,0;1,0,0,0;31,86,24,89,18,71,51,77,55,70,33,103,37,78,39,70,37,115,24,114,22,110,11,38;117,113,89,128,125,136,115,109,152,138,132,49;0,0,0,0,0,0,0,0,0,0,0,0,0,0,0,0,0,0,0,0,0,0,0,0;88,72,77,110,112,86,127,104,102,151,119,76;858,347,66,62,61,7,2;0,0,0,0,0,0,0,0,0,0,0,0,0,0;1403;0,1,0,1,0,1,0,0,0,1,0,1,0,1;0,0,0,0,0,0,0;0,0,0,1,0,0,0;0,0,0,0,1,0,0
1657537754783;842a466b-60c4-4153-a9b7-63ed026886f9;28;m;1;0;4;3;2;1;1021;1;1021;1657537859366;New Hires by Month (Full-Time/Part-Time) (lineChart) - deselected;Region.Region<categorical>, Year.Year<categorical>;NewHiresByRegion.Region<categorical>;0,0,0,0,0,0,0,0,0,0,0,0,0,0,0,0,0,0,0,0,0,0,0,0;0,0,0,0;31,86,24,89,18,71,51,77,55,70,33,103,37,78,39,70,37,115,24,114,22,110,11,38;117,113,89,128,125,136,115,109,152,138,132,49;0,0,0,0,0,0,0,0,0,0,0,0,0,0,0,0,0,0,0,0,0,0,0,0;88,72,77,110,112,86,127,104,102,151,119,76;858,347,66,62,61,7,2;0,0,0,0,0,0,0,0,0,0,0,0,0,0;1403;0,1,0,1,0,1,0,0,0,1,0,1,0,1;0,0,0,0,0,0,0;0,0,0,1,0,0,0;0,0,0,0,1,0,0
1657537755321;842a466b-60c4-4153-a9b7-63ed026886f9;28;m;1;0;4;3;2;1;1021;1;1021;1657537859366;New Hires by Month (Full-Time/Part-Time) (lineChart) - Month: Dec. FPDesc: Full-Time selected;NewHiresByMonth(Full-Time/Part-Time).Month<categorical>, NewHiresByMonth(Full-Time/Part-Time).FPDesc<categorical>, Region.Region<categorical>, Year.Year<categorical>;NewHiresByRegion.Region<categorical>;0,0,0,0,0,0,0,0,0,0,0,0,0,0,0,0,0,0,0,0,0,0,1,0;1,0,0,0;31,86,24,89,18,71,51,77,55,70,33,103,37,78,39,70,37,115,24,114,22,110,11,38;117,113,89,128,125,136,115,109,152,138,132,49;0,0,0,0,0,0,0,0,0,0,0,0,0,0,0,0,0,0,0,0,0,0,0,0;88,72,77,110,112,86,127,104,102,151,119,76;858,347,66,62,61,7,2;0,0,0,0,0,0,0,0,0,0,0,0,0,0;1403;0,1,0,1,0,1,0,0,0,1,0,1,0,1;0,0,0,0,0,0,0;0,0,0,1,0,0,0;0,0,0,0,1,0,0
1657537756730;842a466b-60c4-4153-a9b7-63ed026886f9;28;m;1;0;4;3;2;1;1021;1;1021;1657537859366;New Hires by Month (Full-Time/Part-Time) (lineChart) - deselected;Region.Region<categorical>, Year.Year<categorical>;NewHiresByRegion.Region<categorical>;0,0,0,0,0,0,0,0,0,0,0,0,0,0,0,0,0,0,0,0,0,0,0,0;0,0,0,0;31,86,24,89,18,71,51,77,55,70,33,103,37,78,39,70,37,115,24,114,22,110,11,38;117,113,89,128,125,136,115,109,152,138,132,49;0,0,0,0,0,0,0,0,0,0,0,0,0,0,0,0,0,0,0,0,0,0,0,0;88,72,77,110,112,86,127,104,102,151,119,76;858,347,66,62,61,7,2;0,0,0,0,0,0,0,0,0,0,0,0,0,0;1403;0,1,0,1,0,1,0,0,0,1,0,1,0,1;0,0,0,0,0,0,0;0,0,0,1,0,0,0;0,0,0,0,1,0,0
1657537764197;842a466b-60c4-4153-a9b7-63ed026886f9;28;m;1;0;4;3;2;1;1021;1;1021;1657537859366;New Hires by Month (Full-Time/Part-Time) (lineChart) - Month: Dec. FPDesc: Full-Time selected;NewHiresByMonth(Full-Time/Part-Time).Month<categorical>, NewHiresByMonth(Full-Time/Part-Time).FPDesc<categorical>, Region.Region<categorical>, Year.Year<categorical>;NewHiresByRegion.Region<categorical>;0,0,0,0,0,0,0,0,0,0,0,0,0,0,0,0,0,0,0,0,0,0,1,0;1,0,0,0;31,86,24,89,18,71,51,77,55,70,33,103,37,78,39,70,37,115,24,114,22,110,11,38;117,113,89,128,125,136,115,109,152,138,132,49;0,0,0,0,0,0,0,0,0,0,0,0,0,0,0,0,0,0,0,0,0,0,0,0;88,72,77,110,112,86,127,104,102,151,119,76;858,347,66,62,61,7,2;0,0,0,0,0,0,0,0,0,0,0,0,0,0;1403;0,1,0,1,0,1,0,0,0,1,0,1,0,1;0,0,0,0,0,0,0;0,0,0,1,0,0,0;0,0,0,0,1,0,0
1657537777036;842a466b-60c4-4153-a9b7-63ed026886f9;28;m;1;0;4;3;2;1;1021;1;1021;1657537859366;New Hires by Month (Full-Time/Part-Time) (lineChart) - Month: Dec. FPDesc: Part-Time selected;NewHiresByMonth(Full-Time/Part-Time).Month<categorical>, NewHiresByMonth(Full-Time/Part-Time).FPDesc<categorical>, Region.Region<categorical>, Year.Year<categorical>;NewHiresByRegion.Region<categorical>;0,0,0,0,0,0,0,0,0,0,0,0,0,0,0,0,0,0,0,0,0,0,1,0;0,0,1,0;31,86,24,89,18,71,51,77,55,70,33,103,37,78,39,70,37,115,24,114,22,110,11,38;117,113,89,128,125,136,115,109,152,138,132,49;0,0,0,0,0,0,0,0,0,0,0,0,0,0,0,0,0,0,0,0,0,0,0,0;88,72,77,110,112,86,127,104,102,151,119,76;858,347,66,62,61,7,2;0,0,0,0,0,0,0,0,0,0,0,0,0,0;1403;0,1,0,1,0,1,0,0,0,1,0,1,0,1;0,0,0,0,0,0,0;0,0,0,1,0,0,0;0,0,0,0,1,0,0
1657537792047;842a466b-60c4-4153-a9b7-63ed026886f9;28;m;1;0;4;3;2;1;1021;1;1021;1657537859366;New Hires by Month (Full-Time/Part-Time) (lineChart) - Month: Jan, Feb, Mar, Apr, May, Jun, Jul, Aug, Sep, Oct, Nov. FPDesc: Part-Time, Part-Time, Part-Time, Part-Time, Part-Time, Part-Time, Part-Time, Part-Time, Part-Time, Part-Time, Part-Time selected;NewHiresByMonth(Full-Time/Part-Time).Month<categorical>, NewHiresByMonth(Full-Time/Part-Time).FPDesc<categorical>, Region.Region<categorical>, Year.Year<categorical>;NewHiresByRegion.Region<categorical>;1,0,1,0,1,0,1,0,1,0,1,0,1,0,1,0,1,0,1,0,1,0,0,0;0,0,1,0;31,86,24,89,18,71,51,77,55,70,33,103,37,78,39,70,37,115,24,114,22,110,11,38;117,113,89,128,125,136,115,109,152,138,132,49;0,0,0,0,0,0,0,0,0,0,0,0,0,0,0,0,0,0,0,0,0,0,0,0;88,72,77,110,112,86,127,104,102,151,119,76;858,347,66,62,61,7,2;0,0,0,0,0,0,0,0,0,0,0,0,0,0;1403;0,1,0,1,0,1,0,0,0,1,0,1,0,1;0,0,0,0,0,0,0;0,0,0,1,0,0,0;0,0,0,0,1,0,0
1657537793968;842a466b-60c4-4153-a9b7-63ed026886f9;28;m;1;0;4;3;2;1;1021;1;1021;1657537859366;New Hires by Month (Full-Time/Part-Time) (lineChart) - Month: Jan, Feb, Mar, Apr, May, Jun, Jul, Aug, Sep, Oct, Nov, Dec. FPDesc: Part-Time, Part-Time, Part-Time, Part-Time, Part-Time, Part-Time, Part-Time, Part-Time, Part-Time, Part-Time, Part-Time, Part-Time selected;NewHiresByMonth(Full-Time/Part-Time).Month<categorical>, NewHiresByMonth(Full-Time/Part-Time).FPDesc<categorical>, Region.Region<categorical>, Year.Year<categorical>;NewHiresByRegion.Region<categorical>;1,0,1,0,1,0,1,0,1,0,1,0,1,0,1,0,1,0,1,0,1,0,1,0;0,0,1,0;31,86,24,89,18,71,51,77,55,70,33,103,37,78,39,70,37,115,24,114,22,110,11,38;117,113,89,128,125,136,115,109,152,138,132,49;0,0,0,0,0,0,0,0,0,0,0,0,0,0,0,0,0,0,0,0,0,0,0,0;88,72,77,110,112,86,127,104,102,151,119,76;858,347,66,62,61,7,2;0,0,0,0,0,0,0,0,0,0,0,0,0,0;1403;0,1,0,1,0,1,0,0,0,1,0,1,0,1;0,0,0,0,0,0,0;0,0,0,1,0,0,0;0,0,0,0,1,0,0
1657537803598;842a466b-60c4-4153-a9b7-63ed026886f9;28;m;1;0;4;3;2;1;1021;1;1021;1657537859366;New Hires by Month (Full-Time/Part-Time) (lineChart) - Month: Jan, Feb, Mar, Apr, May, Jun, Jul, Aug, Sep, Oct, Nov. FPDesc: Part-Time, Part-Time, Part-Time, Part-Time, Part-Time, Part-Time, Part-Time, Part-Time, Part-Time, Part-Time, Part-Time selected;NewHiresByMonth(Full-Time/Part-Time).Month<categorical>, NewHiresByMonth(Full-Time/Part-Time).FPDesc<categorical>, Region.Region<categorical>, Year.Year<categorical>;NewHiresByRegion.Region<categorical>;1,0,1,0,1,0,1,0,1,0,1,0,1,0,1,0,1,0,1,0,1,0,0,0;0,0,1,0;31,86,24,89,18,71,51,77,55,70,33,103,37,78,39,70,37,115,24,114,22,110,11,38;117,113,89,128,125,136,115,109,152,138,132,49;0,0,0,0,0,0,0,0,0,0,0,0,0,0,0,0,0,0,0,0,0,0,0,0;88,72,77,110,112,86,127,104,102,151,119,76;858,347,66,62,61,7,2;0,0,0,0,0,0,0,0,0,0,0,0,0,0;1403;0,1,0,1,0,1,0,0,0,1,0,1,0,1;0,0,0,0,0,0,0;0,0,0,1,0,0,0;0,0,0,0,1,0,0
1657537805076;842a466b-60c4-4153-a9b7-63ed026886f9;28;m;1;0;4;3;2;1;1021;1;1021;1657537859366;New Hires by Month (Full-Time/Part-Time) (lineChart) - Month: Jan, Feb, Mar, Apr, May, Jun, Jul, Aug, Sep, Oct, Nov, Dec. FPDesc: Part-Time, Part-Time, Part-Time, Part-Time, Part-Time, Part-Time, Part-Time, Part-Time, Part-Time, Part-Time, Part-Time, Part-Time selected;NewHiresByMonth(Full-Time/Part-Time).Month<categorical>, NewHiresByMonth(Full-Time/Part-Time).FPDesc<categorical>, Region.Region<categorical>, Year.Year<categorical>;NewHiresByRegion.Region<categorical>;1,0,1,0,1,0,1,0,1,0,1,0,1,0,1,0,1,0,1,0,1,0,1,0;0,0,1,0;31,86,24,89,18,71,51,77,55,70,33,103,37,78,39,70,37,115,24,114,22,110,11,38;117,113,89,128,125,136,115,109,152,138,132,49;0,0,0,0,0,0,0,0,0,0,0,0,0,0,0,0,0,0,0,0,0,0,0,0;88,72,77,110,112,86,127,104,102,151,119,76;858,347,66,62,61,7,2;0,0,0,0,0,0,0,0,0,0,0,0,0,0;1403;0,1,0,1,0,1,0,0,0,1,0,1,0,1;0,0,0,0,0,0,0;0,0,0,1,0,0,0;0,0,0,0,1,0,0
1657537819992;842a466b-60c4-4153-a9b7-63ed026886f9;28;m;1;0;4;3;2;1;1021;1;1021;1657537859366;New Hires by Month (Full-Time/Part-Time) (lineChart) - Month: Dec. FPDesc: Part-Time selected;NewHiresByMonth(Full-Time/Part-Time).Month<categorical>, NewHiresByMonth(Full-Time/Part-Time).FPDesc<categorical>, Region.Region<categorical>, Year.Year<categorical>;NewHiresByRegion.Region<categorical>;0,0,0,0,0,0,0,0,0,0,0,0,0,0,0,0,0,0,0,0,0,0,1,0;0,0,1,0;31,86,24,89,18,71,51,77,55,70,33,103,37,78,39,70,37,115,24,114,22,110,11,38;117,113,89,128,125,136,115,109,152,138,132,49;0,0,0,0,0,0,0,0,0,0,0,0,0,0,0,0,0,0,0,0,0,0,0,0;88,72,77,110,112,86,127,104,102,151,119,76;858,347,66,62,61,7,2;0,0,0,0,0,0,0,0,0,0,0,0,0,0;1403;0,1,0,1,0,1,0,0,0,1,0,1,0,1;0,0,0,0,0,0,0;0,0,0,1,0,0,0;0,0,0,0,1,0,0
1657537823563;842a466b-60c4-4153-a9b7-63ed026886f9;28;m;1;0;4;3;2;1;1021;1;1021;1657537859366;New Hires by Month (Full-Time/Part-Time) (lineChart) - Month: Dec, Nov. FPDesc: Part-Time, Part-Time selected;NewHiresByMonth(Full-Time/Part-Time).Month<categorical>, NewHiresByMonth(Full-Time/Part-Time).FPDesc<categorical>, Region.Region<categorical>, Year.Year<categorical>;NewHiresByRegion.Region<categorical>;0,0,0,0,0,0,0,0,0,0,0,0,0,0,0,0,0,0,0,0,1,0,1,0;0,0,1,0;31,86,24,89,18,71,51,77,55,70,33,103,37,78,39,70,37,115,24,114,22,110,11,38;117,113,89,128,125,136,115,109,152,138,132,49;0,0,0,0,0,0,0,0,0,0,0,0,0,0,0,0,0,0,0,0,0,0,0,0;88,72,77,110,112,86,127,104,102,151,119,76;858,347,66,62,61,7,2;0,0,0,0,0,0,0,0,0,0,0,0,0,0;1403;0,1,0,1,0,1,0,0,0,1,0,1,0,1;0,0,0,0,0,0,0;0,0,0,1,0,0,0;0,0,0,0,1,0,0
1657537824848;842a466b-60c4-4153-a9b7-63ed026886f9;28;m;1;0;4;3;2;1;1021;1;1021;1657537859366;New Hires by Month (Full-Time/Part-Time) (lineChart) - Month: Dec, Nov, Sep. FPDesc: Part-Time, Part-Time, Part-Time selected;NewHiresByMonth(Full-Time/Part-Time).Month<categorical>, NewHiresByMonth(Full-Time/Part-Time).FPDesc<categorical>, Region.Region<categorical>, Year.Year<categorical>;NewHiresByRegion.Region<categorical>;0,0,0,0,0,0,0,0,0,0,0,0,0,0,0,0,1,0,0,0,1,0,1,0;0,0,1,0;31,86,24,89,18,71,51,77,55,70,33,103,37,78,39,70,37,115,24,114,22,110,11,38;117,113,89,128,125,136,115,109,152,138,132,49;0,0,0,0,0,0,0,0,0,0,0,0,0,0,0,0,0,0,0,0,0,0,0,0;88,72,77,110,112,86,127,104,102,151,119,76;858,347,66,62,61,7,2;0,0,0,0,0,0,0,0,0,0,0,0,0,0;1403;0,1,0,1,0,1,0,0,0,1,0,1,0,1;0,0,0,0,0,0,0;0,0,0,1,0,0,0;0,0,0,0,1,0,0
1657537825816;842a466b-60c4-4153-a9b7-63ed026886f9;28;m;1;0;4;3;2;1;1021;1;1021;1657537859366;New Hires by Month (Full-Time/Part-Time) (lineChart) - Month: Dec, Nov, Sep, Aug. FPDesc: Part-Time, Part-Time, Part-Time, Part-Time selected;NewHiresByMonth(Full-Time/Part-Time).Month<categorical>, NewHiresByMonth(Full-Time/Part-Time).FPDesc<categorical>, Region.Region<categorical>, Year.Year<categorical>;NewHiresByRegion.Region<categorical>;0,0,0,0,0,0,0,0,0,0,0,0,0,0,1,0,1,0,0,0,1,0,1,0;0,0,1,0;31,86,24,89,18,71,51,77,55,70,33,103,37,78,39,70,37,115,24,114,22,110,11,38;117,113,89,128,125,136,115,109,152,138,132,49;0,0,0,0,0,0,0,0,0,0,0,0,0,0,0,0,0,0,0,0,0,0,0,0;88,72,77,110,112,86,127,104,102,151,119,76;858,347,66,62,61,7,2;0,0,0,0,0,0,0,0,0,0,0,0,0,0;1403;0,1,0,1,0,1,0,0,0,1,0,1,0,1;0,0,0,0,0,0,0;0,0,0,1,0,0,0;0,0,0,0,1,0,0
1657537826963;842a466b-60c4-4153-a9b7-63ed026886f9;28;m;1;0;4;3;2;1;1021;1;1021;1657537859366;New Hires by Month (Full-Time/Part-Time) (lineChart) - Month: Dec, Nov, Sep, Aug, Jun. FPDesc: Part-Time, Part-Time, Part-Time, Part-Time, Part-Time selected;NewHiresByMonth(Full-Time/Part-Time).Month<categorical>, NewHiresByMonth(Full-Time/Part-Time).FPDesc<categorical>, Region.Region<categorical>, Year.Year<categorical>;NewHiresByRegion.Region<categorical>;0,0,0,0,0,0,0,0,0,0,1,0,0,0,1,0,1,0,0,0,1,0,1,0;0,0,1,0;31,86,24,89,18,71,51,77,55,70,33,103,37,78,39,70,37,115,24,114,22,110,11,38;117,113,89,128,125,136,115,109,152,138,132,49;0,0,0,0,0,0,0,0,0,0,0,0,0,0,0,0,0,0,0,0,0,0,0,0;88,72,77,110,112,86,127,104,102,151,119,76;858,347,66,62,61,7,2;0,0,0,0,0,0,0,0,0,0,0,0,0,0;1403;0,1,0,1,0,1,0,0,0,1,0,1,0,1;0,0,0,0,0,0,0;0,0,0,1,0,0,0;0,0,0,0,1,0,0
1657537827867;842a466b-60c4-4153-a9b7-63ed026886f9;28;m;1;0;4;3;2;1;1021;1;1021;1657537859366;New Hires by Month (Full-Time/Part-Time) (lineChart) - Month: Dec, Nov, Sep, Aug, Jun, May. FPDesc: Part-Time, Part-Time, Part-Time, Part-Time, Part-Time, Part-Time selected;NewHiresByMonth(Full-Time/Part-Time).Month<categorical>, NewHiresByMonth(Full-Time/Part-Time).FPDesc<categorical>, Region.Region<categorical>, Year.Year<categorical>;NewHiresByRegion.Region<categorical>;0,0,0,0,0,0,0,0,1,0,1,0,0,0,1,0,1,0,0,0,1,0,1,0;0,0,1,0;31,86,24,89,18,71,51,77,55,70,33,103,37,78,39,70,37,115,24,114,22,110,11,38;117,113,89,128,125,136,115,109,152,138,132,49;0,0,0,0,0,0,0,0,0,0,0,0,0,0,0,0,0,0,0,0,0,0,0,0;88,72,77,110,112,86,127,104,102,151,119,76;858,347,66,62,61,7,2;0,0,0,0,0,0,0,0,0,0,0,0,0,0;1403;0,1,0,1,0,1,0,0,0,1,0,1,0,1;0,0,0,0,0,0,0;0,0,0,1,0,0,0;0,0,0,0,1,0,0
1657537828893;842a466b-60c4-4153-a9b7-63ed026886f9;28;m;1;0;4;3;2;1;1021;1;1021;1657537859366;New Hires by Month (Full-Time/Part-Time) (lineChart) - Month: Dec, Nov, Sep, Aug, Jun, May, Apr. FPDesc: Part-Time, Part-Time, Part-Time, Part-Time, Part-Time, Part-Time, Part-Time selected;NewHiresByMonth(Full-Time/Part-Time).Month<categorical>, NewHiresByMonth(Full-Time/Part-Time).FPDesc<categorical>, Region.Region<categorical>, Year.Year<categorical>;NewHiresByRegion.Region<categorical>;0,0,0,0,0,0,1,0,1,0,1,0,0,0,1,0,1,0,0,0,1,0,1,0;0,0,1,0;31,86,24,89,18,71,51,77,55,70,33,103,37,78,39,70,37,115,24,114,22,110,11,38;117,113,89,128,125,136,115,109,152,138,132,49;0,0,0,0,0,0,0,0,0,0,0,0,0,0,0,0,0,0,0,0,0,0,0,0;88,72,77,110,112,86,127,104,102,151,119,76;858,347,66,62,61,7,2;0,0,0,0,0,0,0,0,0,0,0,0,0,0;1403;0,1,0,1,0,1,0,0,0,1,0,1,0,1;0,0,0,0,0,0,0;0,0,0,1,0,0,0;0,0,0,0,1,0,0
1657537829907;842a466b-60c4-4153-a9b7-63ed026886f9;28;m;1;0;4;3;2;1;1021;1;1021;1657537859366;New Hires by Month (Full-Time/Part-Time) (lineChart) - Month: Dec, Nov, Sep, Aug, Jun, May, Apr, Mar. FPDesc: Part-Time, Part-Time, Part-Time, Part-Time, Part-Time, Part-Time, Part-Time, Part-Time selected;NewHiresByMonth(Full-Time/Part-Time).Month<categorical>, NewHiresByMonth(Full-Time/Part-Time).FPDesc<categorical>, Region.Region<categorical>, Year.Year<categorical>;NewHiresByRegion.Region<categorical>;0,0,0,0,1,0,1,0,1,0,1,0,0,0,1,0,1,0,0,0,1,0,1,0;0,0,1,0;31,86,24,89,18,71,51,77,55,70,33,103,37,78,39,70,37,115,24,114,22,110,11,38;117,113,89,128,125,136,115,109,152,138,132,49;0,0,0,0,0,0,0,0,0,0,0,0,0,0,0,0,0,0,0,0,0,0,0,0;88,72,77,110,112,86,127,104,102,151,119,76;858,347,66,62,61,7,2;0,0,0,0,0,0,0,0,0,0,0,0,0,0;1403;0,1,0,1,0,1,0,0,0,1,0,1,0,1;0,0,0,0,0,0,0;0,0,0,1,0,0,0;0,0,0,0,1,0,0
1657537830760;842a466b-60c4-4153-a9b7-63ed026886f9;28;m;1;0;4;3;2;1;1021;1;1021;1657537859366;New Hires by Month (Full-Time/Part-Time) (lineChart) - Month: Dec, Nov, Sep, Aug, Jun, May, Apr, Mar, Feb. FPDesc: Part-Time, Part-Time, Part-Time, Part-Time, Part-Time, Part-Time, Part-Time, Part-Time, Part-Time selected;NewHiresByMonth(Full-Time/Part-Time).Month<categorical>, NewHiresByMonth(Full-Time/Part-Time).FPDesc<categorical>, Region.Region<categorical>, Year.Year<categorical>;NewHiresByRegion.Region<categorical>;0,0,1,0,1,0,1,0,1,0,1,0,0,0,1,0,1,0,0,0,1,0,1,0;0,0,1,0;31,86,24,89,18,71,51,77,55,70,33,103,37,78,39,70,37,115,24,114,22,110,11,38;117,113,89,128,125,136,115,109,152,138,132,49;0,0,0,0,0,0,0,0,0,0,0,0,0,0,0,0,0,0,0,0,0,0,0,0;88,72,77,110,112,86,127,104,102,151,119,76;858,347,66,62,61,7,2;0,0,0,0,0,0,0,0,0,0,0,0,0,0;1403;0,1,0,1,0,1,0,0,0,1,0,1,0,1;0,0,0,0,0,0,0;0,0,0,1,0,0,0;0,0,0,0,1,0,0
1657537832065;842a466b-60c4-4153-a9b7-63ed026886f9;28;m;1;0;4;3;2;1;1021;1;1021;1657537859366;New Hires by Month (Full-Time/Part-Time) (lineChart) - Month: Dec, Nov, Sep, Aug, Jun, May, Apr, Mar, Feb, Jan. FPDesc: Part-Time, Part-Time, Part-Time, Part-Time, Part-Time, Part-Time, Part-Time, Part-Time, Part-Time, Part-Time selected;NewHiresByMonth(Full-Time/Part-Time).Month<categorical>, NewHiresByMonth(Full-Time/Part-Time).FPDesc<categorical>, Region.Region<categorical>, Year.Year<categorical>;NewHiresByRegion.Region<categorical>;1,0,1,0,1,0,1,0,1,0,1,0,0,0,1,0,1,0,0,0,1,0,1,0;0,0,1,0;31,86,24,89,18,71,51,77,55,70,33,103,37,78,39,70,37,115,24,114,22,110,11,38;117,113,89,128,125,136,115,109,152,138,132,49;0,0,0,0,0,0,0,0,0,0,0,0,0,0,0,0,0,0,0,0,0,0,0,0;88,72,77,110,112,86,127,104,102,151,119,76;858,347,66,62,61,7,2;0,0,0,0,0,0,0,0,0,0,0,0,0,0;1403;0,1,0,1,0,1,0,0,0,1,0,1,0,1;0,0,0,0,0,0,0;0,0,0,1,0,0,0;0,0,0,0,1,0,0
1657537836454;842a466b-60c4-4153-a9b7-63ed026886f9;28;m;1;0;4;3;2;1;1021;1;1021;1657537859366;New Hires by Month (Full-Time/Part-Time) (lineChart) - Month: Dec, Nov, Sep, Aug, Jun, May, Apr, Mar, Feb, Jan, Jul. FPDesc: Part-Time, Part-Time, Part-Time, Part-Time, Part-Time, Part-Time, Part-Time, Part-Time, Part-Time, Part-Time, Part-Time selected;NewHiresByMonth(Full-Time/Part-Time).Month<categorical>, NewHiresByMonth(Full-Time/Part-Time).FPDesc<categorical>, Region.Region<categorical>, Year.Year<categorical>;NewHiresByRegion.Region<categorical>;1,0,1,0,1,0,1,0,1,0,1,0,1,0,1,0,1,0,0,0,1,0,1,0;0,0,1,0;31,86,24,89,18,71,51,77,55,70,33,103,37,78,39,70,37,115,24,114,22,110,11,38;117,113,89,128,125,136,115,109,152,138,132,49;0,0,0,0,0,0,0,0,0,0,0,0,0,0,0,0,0,0,0,0,0,0,0,0;88,72,77,110,112,86,127,104,102,151,119,76;858,347,66,62,61,7,2;0,0,0,0,0,0,0,0,0,0,0,0,0,0;1403;0,1,0,1,0,1,0,0,0,1,0,1,0,1;0,0,0,0,0,0,0;0,0,0,1,0,0,0;0,0,0,0,1,0,0
1657537841305;842a466b-60c4-4153-a9b7-63ed026886f9;28;m;1;0;4;3;2;1;1021;1;1021;1657537859366;New Hires by Month (Full-Time/Part-Time) (lineChart) - Month: Jan, Feb, Mar, Apr, May, Jun, Jul, Aug, Sep, Oct, Nov. FPDesc: Part-Time, Part-Time, Part-Time, Part-Time, Part-Time, Part-Time, Part-Time, Part-Time, Part-Time, Part-Time, Part-Time selected;NewHiresByMonth(Full-Time/Part-Time).Month<categorical>, NewHiresByMonth(Full-Time/Part-Time).FPDesc<categorical>, Region.Region<categorical>, Year.Year<categorical>;NewHiresByRegion.Region<categorical>;1,0,1,0,1,0,1,0,1,0,1,0,1,0,1,0,1,0,1,0,1,0,0,0;0,0,1,0;31,86,24,89,18,71,51,77,55,70,33,103,37,78,39,70,37,115,24,114,22,110,11,38;117,113,89,128,125,136,115,109,152,138,132,49;0,0,0,0,0,0,0,0,0,0,0,0,0,0,0,0,0,0,0,0,0,0,0,0;88,72,77,110,112,86,127,104,102,151,119,76;858,347,66,62,61,7,2;0,0,0,0,0,0,0,0,0,0,0,0,0,0;1403;0,1,0,1,0,1,0,0,0,1,0,1,0,1;0,0,0,0,0,0,0;0,0,0,1,0,0,0;0,0,0,0,1,0,0
1657537843390;842a466b-60c4-4153-a9b7-63ed026886f9;28;m;1;0;4;3;2;1;1021;1;1021;1657537859366;New Hires by Month (Full-Time/Part-Time) (lineChart) - Month: Jan, Feb, Mar, Apr, May, Jun, Jul, Aug, Sep, Oct, Nov, Dec. FPDesc: Part-Time, Part-Time, Part-Time, Part-Time, Part-Time, Part-Time, Part-Time, Part-Time, Part-Time, Part-Time, Part-Time, Part-Time selected;NewHiresByMonth(Full-Time/Part-Time).Month<categorical>, NewHiresByMonth(Full-Time/Part-Time).FPDesc<categorical>, Region.Region<categorical>, Year.Year<categorical>;NewHiresByRegion.Region<categorical>;1,0,1,0,1,0,1,0,1,0,1,0,1,0,1,0,1,0,1,0,1,0,1,0;0,0,1,0;31,86,24,89,18,71,51,77,55,70,33,103,37,78,39,70,37,115,24,114,22,110,11,38;117,113,89,128,125,136,115,109,152,138,132,49;0,0,0,0,0,0,0,0,0,0,0,0,0,0,0,0,0,0,0,0,0,0,0,0;88,72,77,110,112,86,127,104,102,151,119,76;858,347,66,62,61,7,2;0,0,0,0,0,0,0,0,0,0,0,0,0,0;1403;0,1,0,1,0,1,0,0,0,1,0,1,0,1;0,0,0,0,0,0,0;0,0,0,1,0,0,0;0,0,0,0,1,0,0
1657537861615;842a466b-60c4-4153-a9b7-63ed026886f9;28;m;1;0;4;3;4;2;Jul 2014;1;Jul 2014;1657538006811;Root;Year.Year<categorical>;;0,0,0,0,0,0,0,0,0,0,0,0,0,0,0,0,0,0,0,0,0,0,0,0;0,0,0,0;51,349,65,523,71,911,103,983,112,1146,89,1115,88,1233,92,1371,82,1194,139,1747,86,1226,56,550;400,588,982,1086,1258,1204,1321,1463,1276,1886,1312,606;0,0,0,0,0,0,0,0,0,0,0,0,0,0,0,0,0,0,0,0,0,0,0,0;225,268,445,420,531,565,477,908,997,1038,1115,418;9571,2416,663,430,220,63,19;0,0,0,0,0,0,0,0,0,0,0,0,0,0;2168,1851,2684,1224,2165,2025,1265;0,0,0,0,0,0,0,0,0,0,0,0,0,0;0,0,0,0,0,0,0;0,0,0,0,0,0,0;0,0,0,1,0,0,0
1657537874114;842a466b-60c4-4153-a9b7-63ed026886f9;28;m;1;0;4;3;4;2;Jul 2014;1;Jul 2014;1657538006811;Region (slicer) - Region: Northwest selected;Region.Region<categorical>, Year.Year<categorical>;NewHiresByRegion.Region<categorical>;0,0,0,0,0,0,0,0,0,0,0,0,0,0,0,0,0,0,0,0,0,0,0,0;0,0,0,0;11,67,19,145,21,207,20,196,21,209,22,212,19,178,24,276,18,228,52,364,25,242,14,94;78,164,228,216,230,234,197,300,246,416,267,108;0,0,0,0,0,0,0,0,0,0,0,0,0,0,0,0,0,0,0,0,0,0,0,0;31,34,65,79,86,110,69,138,141,234,290,77;2003,503,88,45,28,11,6;0,0,0,0,0,0,0,0,0,0,0,0,0,0;2684;0,1,0,1,0,0,0,1,0,1,0,1,0,1;0,0,0,0,0,0,0;0,0,1,0,0,0,0;0,0,0,1,0,0,0
1657537884289;842a466b-60c4-4153-a9b7-63ed026886f9;28;m;1;0;4;3;4;2;Jul 2014;1;Jul 2014;1657538006811;Year (slicer) - Year: 2012 selected;Region.Region<categorical>, Year.Year<categorical>;NewHiresByRegion.Region<categorical>;0,0,0,0,0,0,0,0,0,0,0,0,0,0,0,0,0,0,0,0,0,0,0,0;0,0,0,0;11,20,11,23,18,47,27,52,10,76,20,90,14,55,25,113,14,127,32,202,24,266,9,68;78,164,228,216,230,234,197,300,246,416,267,108;0,0,0,0,0,0,0,0,0,0,0,0,0,0,0,0,0,0,0,0,0,0,0,0;31,34,65,79,86,110,69,138,141,234,290,77;2003,503,88,45,28,11,6;0,0,0,0,0,0,0,0,0,0,0,0,0,0;2684;0,1,0,1,0,0,0,1,0,1,0,1,0,1;0,0,0,0,0,0,0;0,0,1,0,0,0,0;0,0,1,0,0,0,0
1657537914583;842a466b-60c4-4153-a9b7-63ed026886f9;28;m;1;0;4;3;4;2;Jul 2014;1;Jul 2014;1657538006811;New Hires and New Hires Same Period Last Year (SPLY) (clusteredColumnChart) - deselected;Region.Region<categorical>, Year.Year<categorical>;NewHiresByRegion.Region<categorical>;0,0,0,0,0,0,0,0,0,0,0,0,0,0,0,0,0,0,0,0,0,0,0,0;0,0,0,0;11,20,11,23,18,47,27,52,10,76,20,90,14,55,25,113,14,127,32,202,24,266,9,68;31,34,65,79,86,110,69,138,141,234,290,77;0,0,0,0,0,0,0,0,0,0,0,0,0,0,0,0,0,0,0,0,0,0,0,0;13,20,52,53,45,58,34,57,52,53,85,34;1055,216,34,25,18,3,3;0,0,0,0,0,0,0,0,0,0,0,0,0,0;1354;0,1,0,1,0,0,0,1,0,1,0,1,0,1;0,0,0,0,0,0,0;0,0,1,0,0,0,0;0,0,1,0,0,0,0
1657537914727;842a466b-60c4-4153-a9b7-63ed026886f9;28;m;1;0;4;3;4;2;Jul 2014;1;Jul 2014;1657538006811;New Hires and New Hires Same Period Last Year (SPLY) (clusteredColumnChart) - Month: Dec, Dec selected;NewHiresAndNewHiresSamePeriodLastYear(SPLY).Month<categorical>, Region.Region<categorical>, Year.Year<categorical>;NewHiresByMonth(Full-Time/Part-Time).Month<categorical>, NewHiresByRegion.Region<categorical>;0,1,0,1,0,1,0,1,0,1,0,1,0,1,0,1,0,1,0,1,0,1,0,0;0,0,0,0;9,68;31,34,65,79,86,110,69,138,141,234,290,77;0,0,0,0,0,0,0,0,0,0,0,0,0,0,0,0,0,0,0,0,0,0,1,0;13,20,52,53,45,58,34,57,52,53,85,34;1055,216,34,25,18,3,3;0,0,0,0,0,0,0,0,0,0,0,0,0,0;1354;0,1,0,1,0,0,0,1,0,1,0,1,0,1;0,0,0,0,0,0,0;0,0,1,0,0,0,0;0,0,1,0,0,0,0
1657537935791;842a466b-60c4-4153-a9b7-63ed026886f9;28;m;1;0;4;3;4;2;Jul 2014;1;Jul 2014;1657538006811;New Hires and New Hires Same Period Last Year (SPLY) (clusteredColumnChart) - Month: Nov selected;NewHiresAndNewHiresSamePeriodLastYear(SPLY).Month<categorical>, Region.Region<categorical>, Year.Year<categorical>;NewHiresByMonth(Full-Time/Part-Time).Month<categorical>, NewHiresByRegion.Region<categorical>;0,1,0,1,0,1,0,1,0,1,0,1,0,1,0,1,0,1,0,1,0,0,0,1;0,0,0,0;24,266;31,34,65,79,86,110,69,138,141,234,290,77;0,0,0,0,0,0,0,0,0,0,0,0,0,0,0,0,0,0,0,0,1,0,0,0;13,20,52,53,45,58,34,57,52,53,85,34;1055,216,34,25,18,3,3;0,0,0,0,0,0,0,0,0,0,0,0,0,0;1354;0,1,0,1,0,0,0,1,0,1,0,1,0,1;0,0,0,0,0,0,0;0,0,1,0,0,0,0;0,0,1,0,0,0,0
1657537938656;842a466b-60c4-4153-a9b7-63ed026886f9;28;m;1;0;4;3;4;2;Jul 2014;1;Jul 2014;1657538006811;New Hires and New Hires Same Period Last Year (SPLY) (clusteredColumnChart) - deselected;Region.Region<categorical>, Year.Year<categorical>;NewHiresByRegion.Region<categorical>;0,0,0,0,0,0,0,0,0,0,0,0,0,0,0,0,0,0,0,0,0,0,0,0;0,0,0,0;11,20,11,23,18,47,27,52,10,76,20,90,14,55,25,113,14,127,32,202,24,266,9,68;31,34,65,79,86,110,69,138,141,234,290,77;0,0,0,0,0,0,0,0,0,0,0,0,0,0,0,0,0,0,0,0,0,0,0,0;13,20,52,53,45,58,34,57,52,53,85,34;1055,216,34,25,18,3,3;0,0,0,0,0,0,0,0,0,0,0,0,0,0;1354;0,1,0,1,0,0,0,1,0,1,0,1,0,1;0,0,0,0,0,0,0;0,0,1,0,0,0,0;0,0,1,0,0,0,0
1657537940726;842a466b-60c4-4153-a9b7-63ed026886f9;28;m;1;0;4;3;4;2;Jul 2014;1;Jul 2014;1657538006811;New Hires and New Hires Same Period Last Year (SPLY) (clusteredColumnChart) - Month: Oct selected;NewHiresAndNewHiresSamePeriodLastYear(SPLY).Month<categorical>, Region.Region<categorical>, Year.Year<categorical>;NewHiresByMonth(Full-Time/Part-Time).Month<categorical>, NewHiresByRegion.Region<categorical>;0,1,0,1,0,1,0,1,0,1,0,1,0,1,0,1,0,1,0,0,0,1,0,1;0,0,0,0;32,202;31,34,65,79,86,110,69,138,141,234,290,77;0,0,0,0,0,0,0,0,0,0,0,0,0,0,0,0,0,0,1,0,0,0,0,0;13,20,52,53,45,58,34,57,52,53,85,34;1055,216,34,25,18,3,3;0,0,0,0,0,0,0,0,0,0,0,0,0,0;1354;0,1,0,1,0,0,0,1,0,1,0,1,0,1;0,0,0,0,0,0,0;0,0,1,0,0,0,0;0,0,1,0,0,0,0
1657537945008;842a466b-60c4-4153-a9b7-63ed026886f9;28;m;1;0;4;3;4;2;Jul 2014;1;Jul 2014;1657538006811;New Hires and New Hires Same Period Last Year (SPLY) (clusteredColumnChart) - deselected;Region.Region<categorical>, Year.Year<categorical>;NewHiresByRegion.Region<categorical>;0,0,0,0,0,0,0,0,0,0,0,0,0,0,0,0,0,0,0,0,0,0,0,0;0,0,0,0;11,20,11,23,18,47,27,52,10,76,20,90,14,55,25,113,14,127,32,202,24,266,9,68;31,34,65,79,86,110,69,138,141,234,290,77;0,0,0,0,0,0,0,0,0,0,0,0,0,0,0,0,0,0,0,0,0,0,0,0;13,20,52,53,45,58,34,57,52,53,85,34;1055,216,34,25,18,3,3;0,0,0,0,0,0,0,0,0,0,0,0,0,0;1354;0,1,0,1,0,0,0,1,0,1,0,1,0,1;0,0,0,0,0,0,0;0,0,1,0,0,0,0;0,0,1,0,0,0,0
1657537948494;842a466b-60c4-4153-a9b7-63ed026886f9;28;m;1;0;4;3;4;2;Jul 2014;1;Jul 2014;1657538006811;New Hires and New Hires Same Period Last Year (SPLY) (clusteredColumnChart) - Month: Nov selected;NewHiresAndNewHiresSamePeriodLastYear(SPLY).Month<categorical>, Region.Region<categorical>, Year.Year<categorical>;NewHiresByMonth(Full-Time/Part-Time).Month<categorical>, NewHiresByRegion.Region<categorical>;0,1,0,1,0,1,0,1,0,1,0,1,0,1,0,1,0,1,0,1,0,0,0,1;0,0,0,0;24,266;31,34,65,79,86,110,69,138,141,234,290,77;0,0,0,0,0,0,0,0,0,0,0,0,0,0,0,0,0,0,0,0,1,0,0,0;13,20,52,53,45,58,34,57,52,53,85,34;1055,216,34,25,18,3,3;0,0,0,0,0,0,0,0,0,0,0,0,0,0;1354;0,1,0,1,0,0,0,1,0,1,0,1,0,1;0,0,0,0,0,0,0;0,0,1,0,0,0,0;0,0,1,0,0,0,0
1657537955782;842a466b-60c4-4153-a9b7-63ed026886f9;28;m;1;0;4;3;4;2;Jul 2014;1;Jul 2014;1657538006811;Year (slicer) - Year: 2014 selected;NewHiresAndNewHiresSamePeriodLastYear(SPLY).Month<categorical>, Region.Region<categorical>, Year.Year<categorical>;NewHiresByMonth(Full-Time/Part-Time).Month<categorical>, NewHiresByRegion.Region<categorical>;0,1,0,1,0,1,0,1,0,1,0,1,0,1,0,1,0,1,0,1,0,0,0,1;0,0,0,0;6,198;31,34,65,79,86,110,69,138,141,234,290,77;0,0,0,0,0,0,0,0,0,0,0,0,0,0,0,0,0,0,0,0,1,0,0,0;13,20,52,53,45,58,34,57,52,53,85,34;1055,216,34,25,18,3,3;0,0,0,0,0,0,0,0,0,0,0,0,0,0;1354;0,1,0,1,0,0,0,1,0,1,0,1,0,1;0,0,0,0,0,0,0;0,0,1,0,0,0,0;0,0,0,0,1,0,0
1657537958357;842a466b-60c4-4153-a9b7-63ed026886f9;28;m;1;0;4;3;4;2;Jul 2014;1;Jul 2014;1657538006811;New Hires and New Hires Same Period Last Year (SPLY) (clusteredColumnChart) - deselected;Region.Region<categorical>, Year.Year<categorical>;NewHiresByRegion.Region<categorical>;0,0,0,0,0,0,0,0,0,0,0,0,0,0,0,0,0,0,0,0,0,0,0,0;0,0,0,0;16,161,23,214,21,146,19,249,19,273,20,326,18,391,19,346,10,360,9,286,6,198,1,39;177,237,167,268,292,346,409,365,370,295,204,40;0,0,0,0,0,0,0,0,0,0,0,0,0,0,0,0,0,0,0,0,0,0,0,0;78,164,228,216,230,234,197,300,246,416,267,108;2277,595,152,63,61,18,4;0,0,0,0,0,0,0,0,0,0,0,0,0,0;3170;0,1,0,1,0,0,0,1,0,1,0,1,0,1;0,0,0,0,0,0,0;0,0,1,0,0,0,0;0,0,0,0,1,0,0
1657537960659;842a466b-60c4-4153-a9b7-63ed026886f9;28;m;1;0;4;3;4;2;Jul 2014;1;Jul 2014;1657538006811;New Hires and New Hires Same Period Last Year (SPLY) (clusteredColumnChart) - Month: Jul selected;NewHiresAndNewHiresSamePeriodLastYear(SPLY).Month<categorical>, Region.Region<categorical>, Year.Year<categorical>;NewHiresByMonth(Full-Time/Part-Time).Month<categorical>, NewHiresByRegion.Region<categorical>;0,1,0,1,0,1,0,1,0,1,0,1,0,0,0,1,0,1,0,1,0,1,0,1;0,0,0,0;18,391;177,237,167,268,292,346,409,365,370,295,204,40;0,0,0,0,0,0,0,0,0,0,0,0,1,0,0,0,0,0,0,0,0,0,0,0;78,164,228,216,230,234,197,300,246,416,267,108;2277,595,152,63,61,18,4;0,0,0,0,0,0,0,0,0,0,0,0,0,0;3170;0,1,0,1,0,0,0,1,0,1,0,1,0,1;0,0,0,0,0,0,0;0,0,1,0,0,0,0;0,0,0,0,1,0,0
1657537962077;842a466b-60c4-4153-a9b7-63ed026886f9;28;m;1;0;4;3;4;2;Jul 2014;1;Jul 2014;1657538006811;New Hires and New Hires Same Period Last Year (SPLY) (clusteredColumnChart) - deselected;Region.Region<categorical>, Year.Year<categorical>;NewHiresByRegion.Region<categorical>;0,0,0,0,0,0,0,0,0,0,0,0,0,0,0,0,0,0,0,0,0,0,0,0;0,0,0,0;16,161,23,214,21,146,19,249,19,273,20,326,18,391,19,346,10,360,9,286,6,198,1,39;177,237,167,268,292,346,409,365,370,295,204,40;0,0,0,0,0,0,0,0,0,0,0,0,0,0,0,0,0,0,0,0,0,0,0,0;78,164,228,216,230,234,197,300,246,416,267,108;2277,595,152,63,61,18,4;0,0,0,0,0,0,0,0,0,0,0,0,0,0;3170;0,1,0,1,0,0,0,1,0,1,0,1,0,1;0,0,0,0,0,0,0;0,0,1,0,0,0,0;0,0,0,0,1,0,0
1657537963098;842a466b-60c4-4153-a9b7-63ed026886f9;28;m;1;0;4;3;4;2;Jul 2014;1;Jul 2014;1657538006811;New Hires and New Hires Same Period Last Year (SPLY) (clusteredColumnChart) - Month: Oct selected;NewHiresAndNewHiresSamePeriodLastYear(SPLY).Month<categorical>, Region.Region<categorical>, Year.Year<categorical>;NewHiresByMonth(Full-Time/Part-Time).Month<categorical>, NewHiresByRegion.Region<categorical>;0,1,0,1,0,1,0,1,0,1,0,1,0,1,0,1,0,1,0,0,0,1,0,1;0,0,0,0;9,286;177,237,167,268,292,346,409,365,370,295,204,40;0,0,0,0,0,0,0,0,0,0,0,0,0,0,0,0,0,0,1,0,0,0,0,0;78,164,228,216,230,234,197,300,246,416,267,108;2277,595,152,63,61,18,4;0,0,0,0,0,0,0,0,0,0,0,0,0,0;3170;0,1,0,1,0,0,0,1,0,1,0,1,0,1;0,0,0,0,0,0,0;0,0,1,0,0,0,0;0,0,0,0,1,0,0
1657537965853;842a466b-60c4-4153-a9b7-63ed026886f9;28;m;1;0;4;3;4;2;Jul 2014;1;Jul 2014;1657538006811;Year (slicer) - Year: 2012 selected;NewHiresAndNewHiresSamePeriodLastYear(SPLY).Month<categorical>, Region.Region<categorical>, Year.Year<categorical>;NewHiresByMonth(Full-Time/Part-Time).Month<categorical>, NewHiresByRegion.Region<categorical>;0,1,0,1,0,1,0,1,0,1,0,1,0,1,0,1,0,1,0,0,0,1,0,1;0,0,0,0;32,202;31,34,65,79,86,110,69,138,141,234,290,77;0,0,0,0,0,0,0,0,0,0,0,0,0,0,0,0,0,0,1,0,0,0,0,0;13,20,52,53,45,58,34,57,52,53,85,34;1055,216,34,25,18,3,3;0,0,0,0,0,0,0,0,0,0,0,0,0,0;1354;0,1,0,1,0,0,0,1,0,1,0,1,0,1;0,0,0,0,0,0,0;0,0,1,0,0,0,0;0,0,1,0,0,0,0
1657537967757;842a466b-60c4-4153-a9b7-63ed026886f9;28;m;1;0;4;3;4;2;Jul 2014;1;Jul 2014;1657538006811;Year (slicer) - Year: 2012, 2014 selected;NewHiresAndNewHiresSamePeriodLastYear(SPLY).Month<categorical>, Region.Region<categorical>, Year.Year<categorical>;NewHiresByMonth(Full-Time/Part-Time).Month<categorical>, NewHiresByRegion.Region<categorical>;0,1,0,1,0,1,0,1,0,1,0,1,0,1,0,1,0,1,0,0,0,1,0,1;0,0,0,0;41,488;31,34,65,79,86,110,69,138,141,234,290,77;0,0,0,0,0,0,0,0,0,0,0,0,0,0,0,0,0,0,1,0,0,0,0,0;13,20,52,53,45,58,34,57,52,53,85,34;1055,216,34,25,18,3,3;0,0,0,0,0,0,0,0,0,0,0,0,0,0;1354;0,1,0,1,0,0,0,1,0,1,0,1,0,1;0,0,0,0,0,0,0;0,0,1,0,0,0,0;0,0,1,0,1,0,0
1657537971703;842a466b-60c4-4153-a9b7-63ed026886f9;28;m;1;0;4;3;4;2;Jul 2014;1;Jul 2014;1657538006811;New Hires and New Hires Same Period Last Year (SPLY) (clusteredColumnChart) - deselected;Region.Region<categorical>, Year.Year<categorical>;NewHiresByRegion.Region<categorical>;0,0,0,0,0,0,0,0,0,0,0,0,0,0,0,0,0,0,0,0,0,0,0,0;0,0,0,0;27,181,34,237,39,193,46,301,29,349,40,416,32,446,44,459,24,487,41,488,30,464,10,107;208,271,232,347,378,456,478,503,511,529,494,117;0,0,0,0,0,0,0,0,0,0,0,0,0,0,0,0,0,0,0,0,0,0,0,0;91,184,280,269,275,292,231,357,298,469,352,142;3332,811,186,88,79,21,7;0,0,0,0,0,0,0,0,0,0,0,0,0,0;4524;0,1,0,1,0,0,0,1,0,1,0,1,0,1;0,0,0,0,0,0,0;0,0,1,0,0,0,0;0,0,1,0,1,0,0
1657537975823;842a466b-60c4-4153-a9b7-63ed026886f9;28;m;1;0;4;3;4;2;Jul 2014;1;Jul 2014;1657538006811;Year (slicer) - deselected;Region.Region<categorical>;NewHiresByRegion.Region<categorical>;0,0,0,0,0,0,0,0,0,0,0,0,0,0,0,0,0,0,0,0,0,0,0,0;0,0,0,0;43,256,63,392,79,433,86,530,67,586,78,670,62,647,86,774,60,749,109,889,78,768,31,228;208,271,232,347,378,456,478,503,511,529,494,117;0,0,0,0,0,0,0,0,0,0,0,0,0,0,0,0,0,0,0,0,0,0,0,0;91,184,280,269,275,292,231,357,298,469,352,142;3332,811,186,88,79,21,7;0,0,0,0,0,0,0,0,0,0,0,0,0,0;4524;0,1,0,1,0,0,0,1,0,1,0,1,0,1;0,0,0,0,0,0,0;0,0,1,0,0,0,0;0,0,0,0,0,0,0
1657537977798;842a466b-60c4-4153-a9b7-63ed026886f9;28;m;1;0;4;3;4;2;Jul 2014;1;Jul 2014;1657538006811;Year (slicer) - Year: 2014 selected;Region.Region<categorical>, Year.Year<categorical>;NewHiresByRegion.Region<categorical>;0,0,0,0,0,0,0,0,0,0,0,0,0,0,0,0,0,0,0,0,0,0,0,0;0,0,0,0;16,161,23,214,21,146,19,249,19,273,20,326,18,391,19,346,10,360,9,286,6,198,1,39;177,237,167,268,292,346,409,365,370,295,204,40;0,0,0,0,0,0,0,0,0,0,0,0,0,0,0,0,0,0,0,0,0,0,0,0;78,164,228,216,230,234,197,300,246,416,267,108;2277,595,152,63,61,18,4;0,0,0,0,0,0,0,0,0,0,0,0,0,0;3170;0,1,0,1,0,0,0,1,0,1,0,1,0,1;0,0,0,0,0,0,0;0,0,1,0,0,0,0;0,0,0,0,1,0,0
1657537985472;842a466b-60c4-4153-a9b7-63ed026886f9;28;m;1;0;4;3;4;2;Jul 2014;1;Jul 2014;1657538006811;New Hires and New Hires Same Period Last Year (SPLY) (clusteredColumnChart) - Month: Jul selected;NewHiresAndNewHiresSamePeriodLastYear(SPLY).Month<categorical>, Region.Region<categorical>, Year.Year<categorical>;NewHiresByMonth(Full-Time/Part-Time).Month<categorical>, NewHiresByRegion.Region<categorical>;0,1,0,1,0,1,0,1,0,1,0,1,0,0,0,1,0,1,0,1,0,1,0,1;0,0,0,0;18,391;177,237,167,268,292,346,409,365,370,295,204,40;0,0,0,0,0,0,0,0,0,0,0,0,1,0,0,0,0,0,0,0,0,0,0,0;78,164,228,216,230,234,197,300,246,416,267,108;2277,595,152,63,61,18,4;0,0,0,0,0,0,0,0,0,0,0,0,0,0;3170;0,1,0,1,0,0,0,1,0,1,0,1,0,1;0,0,0,0,0,0,0;0,0,1,0,0,0,0;0,0,0,0,1,0,0
1657537986656;842a466b-60c4-4153-a9b7-63ed026886f9;28;m;1;0;4;3;4;2;Jul 2014;1;Jul 2014;1657538006811;New Hires and New Hires Same Period Last Year (SPLY) (clusteredColumnChart) - deselected;Region.Region<categorical>, Year.Year<categorical>;NewHiresByRegion.Region<categorical>;0,0,0,0,0,0,0,0,0,0,0,0,0,0,0,0,0,0,0,0,0,0,0,0;0,0,0,0;16,161,23,214,21,146,19,249,19,273,20,326,18,391,19,346,10,360,9,286,6,198,1,39;177,237,167,268,292,346,409,365,370,295,204,40;0,0,0,0,0,0,0,0,0,0,0,0,0,0,0,0,0,0,0,0,0,0,0,0;78,164,228,216,230,234,197,300,246,416,267,108;2277,595,152,63,61,18,4;0,0,0,0,0,0,0,0,0,0,0,0,0,0;3170;0,1,0,1,0,0,0,1,0,1,0,1,0,1;0,0,0,0,0,0,0;0,0,1,0,0,0,0;0,0,0,0,1,0,0
1657537987464;842a466b-60c4-4153-a9b7-63ed026886f9;28;m;1;0;4;3;4;2;Jul 2014;1;Jul 2014;1657538006811;New Hires and New Hires Same Period Last Year (SPLY) (clusteredColumnChart) - Month: Aug selected;NewHiresAndNewHiresSamePeriodLastYear(SPLY).Month<categorical>, Region.Region<categorical>, Year.Year<categorical>;NewHiresByMonth(Full-Time/Part-Time).Month<categorical>, NewHiresByRegion.Region<categorical>;0,1,0,1,0,1,0,1,0,1,0,1,0,1,0,0,0,1,0,1,0,1,0,1;0,0,0,0;19,346;177,237,167,268,292,346,409,365,370,295,204,40;0,0,0,0,0,0,0,0,0,0,0,0,0,0,1,0,0,0,0,0,0,0,0,0;78,164,228,216,230,234,197,300,246,416,267,108;2277,595,152,63,61,18,4;0,0,0,0,0,0,0,0,0,0,0,0,0,0;3170;0,1,0,1,0,0,0,1,0,1,0,1,0,1;0,0,0,0,0,0,0;0,0,1,0,0,0,0;0,0,0,0,1,0,0
1657537988507;842a466b-60c4-4153-a9b7-63ed026886f9;28;m;1;0;4;3;4;2;Jul 2014;1;Jul 2014;1657538006811;New Hires and New Hires Same Period Last Year (SPLY) (clusteredColumnChart) - deselected;Region.Region<categorical>, Year.Year<categorical>;NewHiresByRegion.Region<categorical>;0,0,0,0,0,0,0,0,0,0,0,0,0,0,0,0,0,0,0,0,0,0,0,0;0,0,0,0;16,161,23,214,21,146,19,249,19,273,20,326,18,391,19,346,10,360,9,286,6,198,1,39;177,237,167,268,292,346,409,365,370,295,204,40;0,0,0,0,0,0,0,0,0,0,0,0,0,0,0,0,0,0,0,0,0,0,0,0;78,164,228,216,230,234,197,300,246,416,267,108;2277,595,152,63,61,18,4;0,0,0,0,0,0,0,0,0,0,0,0,0,0;3170;0,1,0,1,0,0,0,1,0,1,0,1,0,1;0,0,0,0,0,0,0;0,0,1,0,0,0,0;0,0,0,0,1,0,0
1657537990060;842a466b-60c4-4153-a9b7-63ed026886f9;28;m;1;0;4;3;4;2;Jul 2014;1;Jul 2014;1657538006811;New Hires and New Hires Same Period Last Year (SPLY) (clusteredColumnChart) - Month: Oct, Oct selected;NewHiresAndNewHiresSamePeriodLastYear(SPLY).Month<categorical>, Region.Region<categorical>, Year.Year<categorical>;NewHiresByMonth(Full-Time/Part-Time).Month<categorical>, NewHiresByRegion.Region<categorical>;0,1,0,1,0,1,0,1,0,1,0,1,0,1,0,1,0,1,0,0,0,1,0,1;0,0,0,0;9,286;177,237,167,268,292,346,409,365,370,295,204,40;0,0,0,0,0,0,0,0,0,0,0,0,0,0,0,0,0,0,1,0,0,0,0,0;78,164,228,216,230,234,197,300,246,416,267,108;2277,595,152,63,61,18,4;0,0,0,0,0,0,0,0,0,0,0,0,0,0;3170;0,1,0,1,0,0,0,1,0,1,0,1,0,1;0,0,0,0,0,0,0;0,0,1,0,0,0,0;0,0,0,0,1,0,0
1657537991085;842a466b-60c4-4153-a9b7-63ed026886f9;28;m;1;0;4;3;4;2;Jul 2014;1;Jul 2014;1657538006811;New Hires and New Hires Same Period Last Year (SPLY) (clusteredColumnChart) - deselected;Region.Region<categorical>, Year.Year<categorical>;NewHiresByRegion.Region<categorical>;0,0,0,0,0,0,0,0,0,0,0,0,0,0,0,0,0,0,0,0,0,0,0,0;0,0,0,0;16,161,23,214,21,146,19,249,19,273,20,326,18,391,19,346,10,360,9,286,6,198,1,39;177,237,167,268,292,346,409,365,370,295,204,40;0,0,0,0,0,0,0,0,0,0,0,0,0,0,0,0,0,0,0,0,0,0,0,0;78,164,228,216,230,234,197,300,246,416,267,108;2277,595,152,63,61,18,4;0,0,0,0,0,0,0,0,0,0,0,0,0,0;3170;0,1,0,1,0,0,0,1,0,1,0,1,0,1;0,0,0,0,0,0,0;0,0,1,0,0,0,0;0,0,0,0,1,0,0
1657537993018;842a466b-60c4-4153-a9b7-63ed026886f9;28;m;1;0;4;3;4;2;Jul 2014;1;Jul 2014;1657538006811;New Hires and New Hires Same Period Last Year (SPLY) (clusteredColumnChart) - Month: Jun selected;NewHiresAndNewHiresSamePeriodLastYear(SPLY).Month<categorical>, Region.Region<categorical>, Year.Year<categorical>;NewHiresByMonth(Full-Time/Part-Time).Month<categorical>, NewHiresByRegion.Region<categorical>;0,1,0,1,0,1,0,1,0,1,0,0,0,1,0,1,0,1,0,1,0,1,0,1;0,0,0,0;20,326;177,237,167,268,292,346,409,365,370,295,204,40;0,0,0,0,0,0,0,0,0,0,1,0,0,0,0,0,0,0,0,0,0,0,0,0;78,164,228,216,230,234,197,300,246,416,267,108;2277,595,152,63,61,18,4;0,0,0,0,0,0,0,0,0,0,0,0,0,0;3170;0,1,0,1,0,0,0,1,0,1,0,1,0,1;0,0,0,0,0,0,0;0,0,1,0,0,0,0;0,0,0,0,1,0,0
1657537995129;842a466b-60c4-4153-a9b7-63ed026886f9;28;m;1;0;4;3;4;2;Jul 2014;1;Jul 2014;1657538006811;New Hires and New Hires Same Period Last Year (SPLY) (clusteredColumnChart) - deselected;Region.Region<categorical>, Year.Year<categorical>;NewHiresByRegion.Region<categorical>;0,0,0,0,0,0,0,0,0,0,0,0,0,0,0,0,0,0,0,0,0,0,0,0;0,0,0,0;16,161,23,214,21,146,19,249,19,273,20,326,18,391,19,346,10,360,9,286,6,198,1,39;177,237,167,268,292,346,409,365,370,295,204,40;0,0,0,0,0,0,0,0,0,0,0,0,0,0,0,0,0,0,0,0,0,0,0,0;78,164,228,216,230,234,197,300,246,416,267,108;2277,595,152,63,61,18,4;0,0,0,0,0,0,0,0,0,0,0,0,0,0;3170;0,1,0,1,0,0,0,1,0,1,0,1,0,1;0,0,0,0,0,0,0;0,0,1,0,0,0,0;0,0,0,0,1,0,0
1657537996060;842a466b-60c4-4153-a9b7-63ed026886f9;28;m;1;0;4;3;4;2;Jul 2014;1;Jul 2014;1657538006811;New Hires and New Hires Same Period Last Year (SPLY) (clusteredColumnChart) - Month: Jul selected;NewHiresAndNewHiresSamePeriodLastYear(SPLY).Month<categorical>, Region.Region<categorical>, Year.Year<categorical>;NewHiresByMonth(Full-Time/Part-Time).Month<categorical>, NewHiresByRegion.Region<categorical>;0,1,0,1,0,1,0,1,0,1,0,1,0,0,0,1,0,1,0,1,0,1,0,1;0,0,0,0;18,391;177,237,167,268,292,346,409,365,370,295,204,40;0,0,0,0,0,0,0,0,0,0,0,0,1,0,0,0,0,0,0,0,0,0,0,0;78,164,228,216,230,234,197,300,246,416,267,108;2277,595,152,63,61,18,4;0,0,0,0,0,0,0,0,0,0,0,0,0,0;3170;0,1,0,1,0,0,0,1,0,1,0,1,0,1;0,0,0,0,0,0,0;0,0,1,0,0,0,0;0,0,0,0,1,0,0
1657538009199;842a466b-60c4-4153-a9b7-63ed026886f9;28;m;1;0;4;3;5;3;22;1;315;1657538042872;Root;Year.Year<categorical>;;0,0,0,0,0,0,0,0,0,0,0,0,0,0,0,0,0,0,0,0,0,0,0,0;0,0,0,0;51,349,65,523,71,911,103,983,112,1146,89,1115,88,1233,92,1371,82,1194,139,1747,86,1226,56,550;400,588,982,1086,1258,1204,1321,1463,1276,1886,1312,606;0,0,0,0,0,0,0,0,0,0,0,0,0,0,0,0,0,0,0,0,0,0,0,0;225,268,445,420,531,565,477,908,997,1038,1115,418;9571,2416,663,430,220,63,19;0,0,0,0,0,0,0,0,0,0,0,0,0,0;2168,1851,2684,1224,2165,2025,1265;0,0,0,0,0,0,0,0,0,0,0,0,0,0;0,0,0,0,0,0,0;0,0,0,0,0,0,0;0,0,0,1,0,0,0
1657538019292;842a466b-60c4-4153-a9b7-63ed026886f9;28;m;1;0;4;3;5;3;22;1;315;1657538042872;Year (slicer) - Year: 2012 selected;Year.Year<categorical>;;0,0,0,0,0,0,0,0,0,0,0,0,0,0,0,0,0,0,0,0,0,0,0,0;0,0,0,0;62,163,58,210,93,352,93,327,87,444,87,478,58,419,106,802,98,899,107,931,96,1019,42,376;400,588,982,1086,1258,1204,1321,1463,1276,1886,1312,606;0,0,0,0,0,0,0,0,0,0,0,0,0,0,0,0,0,0,0,0,0,0,0,0;225,268,445,420,531,565,477,908,997,1038,1115,418;9571,2416,663,430,220,63,19;0,0,0,0,0,0,0,0,0,0,0,0,0,0;2168,1851,2684,1224,2165,2025,1265;0,0,0,0,0,0,0,0,0,0,0,0,0,0;0,0,0,0,0,0,0;0,0,0,0,0,0,0;0,0,1,0,0,0,0
1657538020890;842a466b-60c4-4153-a9b7-63ed026886f9;28;m;1;0;4;3;5;3;22;1;315;1657538042872;Ethnicity (slicer) - Ethnicity: Group B selected;Ethnicity.Ethnicity<categorical>, Year.Year<categorical>;NewHiresByEthnicity.Ethnicity<categorical>;0,0,0,0,0,0,0,0,0,0,0,0,0,0,0,0,0,0,0,0,0,0,0,0;0,0,0,0;4,13,11,26,3,40,9,39,80,4,86,9,87,9,123,8,152,8,168,9,199,8,67;17,37,43,48,80,90,96,132,160,176,208,75;0,0,0,0,0,0,0,0,0,0,0,0,0,0,0,0,0,0,0,0,0,0,0,0;5,6,16,23,18,37,32,45,29,38,48,19;1162;0,1,0,0,0,1,0,1,0,1,0,1,0,1;138,102,216,83,187,297,139;0,0,0,0,0,0,0,0,0,0,0,0,0,0;0,1,0,0,0,0,0;0,0,0,0,0,0,0;0,0,1,0,0,0,0
1657538031918;842a466b-60c4-4153-a9b7-63ed026886f9;28;m;1;0;4;3;5;3;22;1;315;1657538042872;New Hires and New Hires Same Period Last Year (SPLY) (clusteredColumnChart) - Month: Jan, Feb, Mar, Apr, May, Jun, Jan, Feb, Mar, Apr, May, Jun selected;NewHiresAndNewHiresSamePeriodLastYear(SPLY).Month<categorical>, Ethnicity.Ethnicity<categorical>, Year.Year<categorical>;NewHiresByMonth(Full-Time/Part-Time).Month<categorical>, NewHiresByEthnicity.Ethnicity<categorical>;0,0,0,0,0,0,0,0,0,0,0,0,0,1,0,1,0,1,0,1,0,1,0,1;0,0,0,0;4,13,11,26,3,40,9,39,80,4,86;17,37,43,48,80,90,96,132,160,176,208,75;1,0,1,0,1,0,1,0,1,0,1,0,0,0,0,0,0,0,0,0,0,0,0,0;5,6,16,23,18,37,32,45,29,38,48,19;1162;0,1,0,0,0,1,0,1,0,1,0,1,0,1;138,102,216,83,187,297,139;0,0,0,0,0,0,0,0,0,0,0,0,0,0;0,1,0,0,0,0,0;0,0,0,0,0,0,0;0,0,1,0,0,0,0
1657538044993;842a466b-60c4-4153-a9b7-63ed026886f9;28;m;1;0;4;3;6;3;768;1;768;1657538079241;Root;Year.Year<categorical>;;0,0,0,0,0,0,0,0,0,0,0,0,0,0,0,0,0,0,0,0,0,0,0,0;0,0,0,0;51,349,65,523,71,911,103,983,112,1146,89,1115,88,1233,92,1371,82,1194,139,1747,86,1226,56,550;400,588,982,1086,1258,1204,1321,1463,1276,1886,1312,606;0,0,0,0,0,0,0,0,0,0,0,0,0,0,0,0,0,0,0,0,0,0,0,0;225,268,445,420,531,565,477,908,997,1038,1115,418;9571,2416,663,430,220,63,19;0,0,0,0,0,0,0,0,0,0,0,0,0,0;2168,1851,2684,1224,2165,2025,1265;0,0,0,0,0,0,0,0,0,0,0,0,0,0;0,0,0,0,0,0,0;0,0,0,0,0,0,0;0,0,0,1,0,0,0
1657538049747;842a466b-60c4-4153-a9b7-63ed026886f9;28;m;1;0;4;3;6;3;768;1;768;1657538079241;Region (slicer) - Region: South selected;Region.Region<categorical>, Year.Year<categorical>;NewHiresByRegion.Region<categorical>;0,0,0,0,0,0,0,0,0,0,0,0,0,0,0,0,0,0,0,0,0,0,0,0;0,0,0,0;5,51,5,70,5,104,9,132,6,166,2,194,8,214,8,223,5,171,11,313,8,226,3,86;56,75,109,141,172,196,222,231,176,324,234,89;0,0,0,0,0,0,0,0,0,0,0,0,0,0,0,0,0,0,0,0,0,0,0,0;35,58,77,55,83,88,76,153,225,142,132,66;1257,565,81,75,36,8,3;0,0,0,0,0,0,0,0,0,0,0,0,0,0;2025;0,1,0,1,0,1,0,1,0,1,0,0,0,1;0,0,0,0,0,0,0;0,0,0,0,0,1,0;0,0,0,1,0,0,0
1657538057105;842a466b-60c4-4153-a9b7-63ed026886f9;28;m;1;0;4;3;6;3;768;1;768;1657538079241;Ethnicity (slicer) - Ethnicity: Group B selected;Ethnicity.Ethnicity<categorical>, Region.Region<categorical>, Year.Year<categorical>;NewHiresByEthnicity.Ethnicity<categorical>, NewHiresByRegion.Region<categorical>;0,0,0,0,0,0,0,0,0,0,0,0,0,0,0,0,0,0,0,0,0,0,0,0;0,0,0,0;2,4,3,2,3,1,6,5,11,7,7,13,11,6;17,17,29,39,39,54,57,44,49,113,83,24;0,0,0,0,0,0,0,0,0,0,0,0,0,0,0,0,0,0,0,0,0,0,0,0;4,12,14,7,20,19,17,33,61,47,41,22;565;0,1,0,0,0,1,0,1,0,1,0,1,0,1;565;0,1,0,1,0,1,0,1,0,1,0,0,0,1;0,1,0,0,0,0,0;0,0,0,0,0,1,0;0,0,0,1,0,0,0
1657538057285;842a466b-60c4-4153-a9b7-63ed026886f9;28;m;1;0;4;3;6;3;768;1;768;1657538079241;Ethnicity (slicer) - Ethnicity: Group C selected;Ethnicity.Ethnicity<categorical>, Region.Region<categorical>, Year.Year<categorical>;NewHiresByEthnicity.Ethnicity<categorical>, NewHiresByRegion.Region<categorical>;0,0,0,0,0,0,0,0,0,0,0,0,0,0,0,0,0,0,0,0,0,0,0,0;0,0,0,0;2,4,3,2,3,1,6,5,11,7,7,13,11,6;2,4,3,5,7,5,11,7,7,13,11,6;0,0,0,0,0,0,0,0,0,0,0,0,0,0,0,0,0,0,0,0,0,0,0,0;1,1,6,2,2,2,4,9,8,8,9,3;81;0,1,0,1,0,0,0,1,0,1,0,1,0,1;81;0,1,0,1,0,1,0,1,0,1,0,0,0,1;0,0,1,0,0,0,0;0,0,0,0,0,1,0;0,0,0,1,0,0,0
1657538057848;842a466b-60c4-4153-a9b7-63ed026886f9;28;m;1;0;4;3;6;3;768;1;768;1657538079241;Ethnicity (slicer) - Ethnicity: Group D selected;Ethnicity.Ethnicity<categorical>, Region.Region<categorical>, Year.Year<categorical>;NewHiresAndNewHiresSamePeriodLastYear(SPLY).Month<categorical>, NewHiresByMonth(Full-Time/Part-Time).Month<categorical>, NewHiresByEthnicity.Ethnicity<categorical>, NewHiresByRegion.Region<categorical>;0,1,0,1,0,0,0,0,0,0,0,0,0,0,0,0,0,0,0,0,0,0,0,0;0,0,0,0;1,1,3,1,4,5,1,5,2,4,8,1;1,1,3,1,4,5,6,6,8,1;0,1,0,1,0,0,0,0,0,0,0,0,0,0,0,0,0,0,0,0,0,0,0,0;1,2,3,1,4,2,1,4,1;36;0,1,0,1,0,1,0,1,0,0,0,1,0,1;36;0,1,0,1,0,1,0,1,0,1,0,0,0,1;0,0,0,1,0,0,0;0,0,0,0,0,1,0;0,0,0,1,0,0,0
1657538058684;842a466b-60c4-4153-a9b7-63ed026886f9;28;m;1;0;4;3;6;3;768;1;768;1657538079241;Ethnicity (slicer) - Ethnicity: Group D, Group C selected;Ethnicity.Ethnicity<categorical>, Region.Region<categorical>, Year.Year<categorical>;NewHiresByEthnicity.Ethnicity<categorical>, NewHiresByRegion.Region<categorical>;0,0,0,0,0,0,0,0,0,0,0,0,0,0,0,0,0,0,0,0,0,0,0,0;0,0,0,0;2,4,4,2,4,1,9,6,15,12,1,12,2,17,19,7;2,4,4,6,10,6,15,12,13,19,19,7;0,0,0,0,0,0,0,0,0,0,0,0,0,0,0,0,0,0,0,0,0,0,0,0;1,1,7,2,4,5,5,13,10,9,13,4;81,36;0,1,0,1,0,0,0,1,0,0,0,1,0,1;117;0,1,0,1,0,1,0,1,0,1,0,0,0,1;0,0,1,1,0,0,0;0,0,0,0,0,1,0;0,0,0,1,0,0,0
1657538059132;842a466b-60c4-4153-a9b7-63ed026886f9;28;m;1;0;4;3;6;3;768;1;768;1657538079241;Ethnicity (slicer) - Ethnicity: Group C, Group D, Group B selected;Ethnicity.Ethnicity<categorical>, Region.Region<categorical>, Year.Year<categorical>;NewHiresByEthnicity.Ethnicity<categorical>, NewHiresByRegion.Region<categorical>;0,0,0,0,0,0,0,0,0,0,0,0,0,0,0,0,0,0,0,0,0,0,0,0;0,0,0,0;1,18,21,2,31,4,41,2,47,60,1,71,56,2,60,5,127,2,100,1,30;19,21,33,45,49,60,72,56,62,132,102,31;0,0,0,0,0,0,0,0,0,0,0,0,0,0,0,0,0,0,0,0,0,0,0,0;5,13,21,9,24,24,22,46,71,56,54,26;565,81,36;0,1,0,0,0,0,0,1,0,0,0,1,0,1;682;0,1,0,1,0,1,0,1,0,1,0,0,0,1;0,1,1,1,0,0,0;0,0,0,0,0,1,0;0,0,0,1,0,0,0
1657538059859;842a466b-60c4-4153-a9b7-63ed026886f9;28;m;1;0;4;3;6;3;768;1;768;1657538079241;Ethnicity (slicer) - Ethnicity: Group B, Group C, Group D, Group E selected;Ethnicity.Ethnicity<categorical>, Region.Region<categorical>, Year.Year<categorical>;NewHiresByEthnicity.Ethnicity<categorical>, NewHiresByRegion.Region<categorical>;0,0,0,0,0,0,0,0,0,0,0,0,0,0,0,0,0,0,0,0,0,0,0,0;0,0,0,0;1,21,21,2,31,4,42,2,47,61,1,73,57,2,60,5,127,2,100,1,30;22,21,33,46,49,61,74,57,62,132,102,31;0,0,0,0,0,0,0,0,0,0,0,0,0,0,0,0,0,0,0,0,0,0,0,0;5,14,21,9,24,24,23,48,71,56,54,26;565,81,36,8;0,1,0,0,0,0,0,1,0,0,0,0,0,1;690;0,1,0,1,0,1,0,1,0,1,0,0,0,1;0,1,1,1,1,0,0;0,0,0,0,0,1,0;0,0,0,1,0,0,0
1657538060267;842a466b-60c4-4153-a9b7-63ed026886f9;28;m;1;0;4;3;6;3;768;1;768;1657538079241;Ethnicity (slicer) - Ethnicity: Group B, Group C, Group D, Group E, Group F selected;Ethnicity.Ethnicity<categorical>, Region.Region<categorical>, Year.Year<categorical>;NewHiresByEthnicity.Ethnicity<categorical>, NewHiresByRegion.Region<categorical>;0,0,0,0,0,0,0,0,0,0,0,0,0,0,0,0,0,0,0,0,0,0,0,0;0,0,0,0;1,22,25,2,34,4,48,2,49,1,67,1,78,1,73,2,64,5,139,3,112,1,31;22,21,33,46,49,61,74,57,62,132,102,31;0,0,0,0,0,0,0,0,0,0,0,0,0,0,0,0,0,0,0,0,0,0,0,0;5,14,21,9,24,24,23,48,71,56,54,26;565,81,36,8;0,1,0,0,0,0,0,1,0,0,0,0,0,1;690;0,1,0,1,0,1,0,1,0,1,0,0,0,1;0,1,1,1,1,1,0;0,0,0,0,0,1,0;0,0,0,1,0,0,0
1657538060881;842a466b-60c4-4153-a9b7-63ed026886f9;28;m;1;0;4;3;6;3;768;1;768;1657538079241;Ethnicity (slicer) - Ethnicity: Group B, Group C, Group D, Group E, Group F, Group G selected;Ethnicity.Ethnicity<categorical>, Region.Region<categorical>, Year.Year<categorical>;NewHiresByEthnicity.Ethnicity<categorical>, NewHiresByRegion.Region<categorical>;0,0,0,0,0,0,0,0,0,0,0,0,0,0,0,0,0,0,0,0,0,0,0,0;0,0,0,0;1,22,27,2,34,4,48,2,49,1,67,1,78,1,74,2,64,5,139,3,112,1,31;23,27,36,52,51,68,79,75,66,144,115,32;0,0,0,0,0,0,0,0,0,0,0,0,0,0,0,0,0,0,0,0,0,0,0,0;6,15,28,10,26,27,23,54,83,63,59,26;565,81,75,36,8,3;0,1,0,0,0,0,0,0,0,0,0,0,0,0;768;0,1,0,1,0,1,0,1,0,1,0,0,0,1;0,1,1,1,1,1,1;0,0,0,0,0,1,0;0,0,0,1,0,0,0
1657538066572;842a466b-60c4-4153-a9b7-63ed026886f9;28;m;1;0;4;3;6;3;768;1;768;1657538079241;Ethnicity (slicer) - Ethnicity: Group B, Group C, Group D, Group E, Group F, Group G, Group A selected;Ethnicity.Ethnicity<categorical>, Region.Region<categorical>, Year.Year<categorical>;NewHiresByRegion.Region<categorical>;0,0,0,0,0,0,0,0,0,0,0,0,0,0,0,0,0,0,0,0,0,0,0,0;0,0,0,0;5,51,5,70,5,104,9,132,6,166,2,194,8,214,8,223,5,171,11,313,8,226,3,86;56,75,109,141,172,196,222,231,176,324,234,89;0,0,0,0,0,0,0,0,0,0,0,0,0,0,0,0,0,0,0,0,0,0,0,0;35,58,77,55,83,88,76,153,225,142,132,66;1257,565,81,75,36,8,3;0,0,0,0,0,0,0,0,0,0,0,0,0,0;2025;0,1,0,1,0,1,0,1,0,1,0,0,0,1;1,1,1,1,1,1,1;0,0,0,0,0,1,0;0,0,0,1,0,0,0
1657538067322;842a466b-60c4-4153-a9b7-63ed026886f9;28;m;1;0;4;3;6;3;768;1;768;1657538079241;Ethnicity (slicer) - Ethnicity: Group B, Group C, Group D, Group E, Group F, Group G selected;Ethnicity.Ethnicity<categorical>, Region.Region<categorical>, Year.Year<categorical>;NewHiresByEthnicity.Ethnicity<categorical>, NewHiresByRegion.Region<categorical>;0,0,0,0,0,0,0,0,0,0,0,0,0,0,0,0,0,0,0,0,0,0,0,0;0,0,0,0;1,22,27,2,34,4,48,2,49,1,67,1,78,1,74,2,64,5,139,3,112,1,31;23,27,36,52,51,68,79,75,66,144,115,32;0,0,0,0,0,0,0,0,0,0,0,0,0,0,0,0,0,0,0,0,0,0,0,0;6,15,28,10,26,27,23,54,83,63,59,26;565,81,75,36,8,3;0,1,0,0,0,0,0,0,0,0,0,0,0,0;768;0,1,0,1,0,1,0,1,0,1,0,0,0,1;0,1,1,1,1,1,1;0,0,0,0,0,1,0;0,0,0,1,0,0,0
1657538069236;842a466b-60c4-4153-a9b7-63ed026886f9;28;m;1;0;4;3;6;3;768;1;768;1657538079241;Ethnicity (slicer) - Ethnicity: Group B, Group C, Group D, Group E, Group F, Group G, Group A selected;Ethnicity.Ethnicity<categorical>, Region.Region<categorical>, Year.Year<categorical>;NewHiresByRegion.Region<categorical>;0,0,0,0,0,0,0,0,0,0,0,0,0,0,0,0,0,0,0,0,0,0,0,0;0,0,0,0;5,51,5,70,5,104,9,132,6,166,2,194,8,214,8,223,5,171,11,313,8,226,3,86;56,75,109,141,172,196,222,231,176,324,234,89;0,0,0,0,0,0,0,0,0,0,0,0,0,0,0,0,0,0,0,0,0,0,0,0;35,58,77,55,83,88,76,153,225,142,132,66;1257,565,81,75,36,8,3;0,0,0,0,0,0,0,0,0,0,0,0,0,0;2025;0,1,0,1,0,1,0,1,0,1,0,0,0,1;1,1,1,1,1,1,1;0,0,0,0,0,1,0;0,0,0,1,0,0,0
1657538070295;842a466b-60c4-4153-a9b7-63ed026886f9;28;m;1;0;4;3;6;3;768;1;768;1657538079241;Ethnicity (slicer) - Ethnicity: Group B, Group C, Group D, Group E, Group F, Group G selected;Ethnicity.Ethnicity<categorical>, Region.Region<categorical>, Year.Year<categorical>;NewHiresByEthnicity.Ethnicity<categorical>, NewHiresByRegion.Region<categorical>;0,0,0,0,0,0,0,0,0,0,0,0,0,0,0,0,0,0,0,0,0,0,0,0;0,0,0,0;1,22,27,2,34,4,48,2,49,1,67,1,78,1,74,2,64,5,139,3,112,1,31;23,27,36,52,51,68,79,75,66,144,115,32;0,0,0,0,0,0,0,0,0,0,0,0,0,0,0,0,0,0,0,0,0,0,0,0;6,15,28,10,26,27,23,54,83,63,59,26;565,81,75,36,8,3;0,1,0,0,0,0,0,0,0,0,0,0,0,0;768;0,1,0,1,0,1,0,1,0,1,0,0,0,1;0,1,1,1,1,1,1;0,0,0,0,0,1,0;0,0,0,1,0,0,0
1657538081311;842a466b-60c4-4153-a9b7-63ed026886f9;28;m;1;0;4;3;1;1;Jul;1;Jul;1657538158149;Root;Year.Year<categorical>;;0,0,0,0,0,0,0,0,0,0,0,0,0,0,0,0,0,0,0,0,0,0,0,0;0,0,0,0;51,349,65,523,71,911,103,983,112,1146,89,1115,88,1233,92,1371,82,1194,139,1747,86,1226,56,550;400,588,982,1086,1258,1204,1321,1463,1276,1886,1312,606;0,0,0,0,0,0,0,0,0,0,0,0,0,0,0,0,0,0,0,0,0,0,0,0;225,268,445,420,531,565,477,908,997,1038,1115,418;9571,2416,663,430,220,63,19;0,0,0,0,0,0,0,0,0,0,0,0,0,0;2168,1851,2684,1224,2165,2025,1265;0,0,0,0,0,0,0,0,0,0,0,0,0,0;0,0,0,0,0,0,0;0,0,0,0,0,0,0;0,0,0,1,0,0,0
1657538089403;842a466b-60c4-4153-a9b7-63ed026886f9;28;m;1;0;4;3;1;1;Jul;1;Jul;1657538158149;Ethnicity (slicer) - Ethnicity: Group A selected;Ethnicity.Ethnicity<categorical>, Year.Year<categorical>;NewHiresByEthnicity.Ethnicity<categorical>;0,0,0,0,0,0,0,0,0,0,0,0,0,0,0,0,0,0,0,0,0,0,0,0;0,0,0,0;42,259,55,402,57,686,80,723,95,834,70,786,71,852,71,968,66,837,110,1171,71,831,41,393;301,457,743,803,929,856,923,1039,903,1281,902,434;0,0,0,0,0,0,0,0,0,0,0,0,0,0,0,0,0,0,0,0,0,0,0,0;185,205,352,336,407,425,331,684,724,762,796,301;9571;0,0,0,1,0,1,0,1,0,1,0,1,0,1;1722,1523,2003,802,1577,1257,687;0,0,0,0,0,0,0,0,0,0,0,0,0,0;1,0,0,0,0,0,0;0,0,0,0,0,0,0;0,0,0,1,0,0,0
1657538092057;842a466b-60c4-4153-a9b7-63ed026886f9;28;m;1;0;4;3;1;1;Jul;1;Jul;1657538158149;Region (slicer) - Region: Northwest selected;Ethnicity.Ethnicity<categorical>, Region.Region<categorical>, Year.Year<categorical>;NewHiresByEthnicity.Ethnicity<categorical>, NewHiresByRegion.Region<categorical>;0,0,0,0,0,0,0,0,0,0,0,0,0,0,0,0,0,0,0,0,0,0,0,0;0,0,0,0;11,56,17,118,16,169,17,148,18,149,19,161,17,130,20,183,16,163,43,257,23,169,11,72;67,135,185,165,167,180,147,203,179,300,192,83;0,0,0,0,0,0,0,0,0,0,0,0,0,0,0,0,0,0,0,0,0,0,0,0;27,30,56,61,64,85,51,109,109,184,220,59;2003;0,0,0,1,0,1,0,1,0,1,0,1,0,1;2003;0,1,0,1,0,0,0,1,0,1,0,1,0,1;1,0,0,0,0,0,0;0,0,1,0,0,0,0;0,0,0,1,0,0,0
1657538094685;842a466b-60c4-4153-a9b7-63ed026886f9;28;m;1;0;4;3;1;1;Jul;1;Jul;1657538158149;Year (slicer) - Year: 2014 selected;Ethnicity.Ethnicity<categorical>, Region.Region<categorical>, Year.Year<categorical>;NewHiresByEthnicity.Ethnicity<categorical>, NewHiresByRegion.Region<categorical>;0,0,0,0,0,0,0,0,0,0,0,0,0,0,0,0,0,0,0,0,0,0,0,0;0,0,0,0;13,125,20,155,16,113,16,176,16,197,19,223,16,261,15,238,8,258,9,204,6,141,1,31;67,135,185,165,167,180,147,203,179,300,192,83;0,0,0,0,0,0,0,0,0,0,0,0,0,0,0,0,0,0,0,0,0,0,0,0;27,30,56,61,64,85,51,109,109,184,220,59;2003;0,0,0,1,0,1,0,1,0,1,0,1,0,1;2003;0,1,0,1,0,0,0,1,0,1,0,1,0,1;1,0,0,0,0,0,0;0,0,1,0,0,0,0;0,0,0,0,1,0,0
1657538123197;842a466b-60c4-4153-a9b7-63ed026886f9;28;m;1;0;4;3;1;1;Jul;1;Jul;1657538158149;New Hires and New Hires Same Period Last Year (SPLY) (clusteredColumnChart) - Month: Oct selected;NewHiresAndNewHiresSamePeriodLastYear(SPLY).Month<categorical>, Ethnicity.Ethnicity<categorical>, Region.Region<categorical>, Year.Year<categorical>;NewHiresByMonth(Full-Time/Part-Time).Month<categorical>, NewHiresByEthnicity.Ethnicity<categorical>, NewHiresByRegion.Region<categorical>;0,1,0,1,0,1,0,1,0,1,0,1,0,1,0,1,0,1,0,0,0,1,0,1;0,0,0,0;9,204;138,175,129,192,213,242,277,253,266,213,147,32;0,0,0,0,0,0,0,0,0,0,0,0,0,0,0,0,0,0,1,0,0,0,0,0;67,135,185,165,167,180,147,203,179,300,192,83;2277;0,0,0,1,0,1,0,1,0,1,0,1,0,1;2277;0,1,0,1,0,0,0,1,0,1,0,1,0,1;1,0,0,0,0,0,0;0,0,1,0,0,0,0;0,0,0,0,1,0,0
1657538128834;842a466b-60c4-4153-a9b7-63ed026886f9;28;m;1;0;4;3;1;1;Jul;1;Jul;1657538158149;New Hires and New Hires Same Period Last Year (SPLY) (clusteredColumnChart) - deselected;Ethnicity.Ethnicity<categorical>, Region.Region<categorical>, Year.Year<categorical>;NewHiresByEthnicity.Ethnicity<categorical>, NewHiresByRegion.Region<categorical>;0,0,0,0,0,0,0,0,0,0,0,0,0,0,0,0,0,0,0,0,0,0,0,0;0,0,0,0;13,125,20,155,16,113,16,176,16,197,19,223,16,261,15,238,8,258,9,204,6,141,1,31;138,175,129,192,213,242,277,253,266,213,147,32;0,0,0,0,0,0,0,0,0,0,0,0,0,0,0,0,0,0,0,0,0,0,0,0;67,135,185,165,167,180,147,203,179,300,192,83;2277;0,0,0,1,0,1,0,1,0,1,0,1,0,1;2277;0,1,0,1,0,0,0,1,0,1,0,1,0,1;1,0,0,0,0,0,0;0,0,1,0,0,0,0;0,0,0,0,1,0,0
1657538130611;842a466b-60c4-4153-a9b7-63ed026886f9;28;m;1;0;4;3;1;1;Jul;1;Jul;1657538158149;New Hires and New Hires Same Period Last Year (SPLY) (clusteredColumnChart) - Month: Jul selected;NewHiresAndNewHiresSamePeriodLastYear(SPLY).Month<categorical>, Ethnicity.Ethnicity<categorical>, Region.Region<categorical>, Year.Year<categorical>;NewHiresByMonth(Full-Time/Part-Time).Month<categorical>, NewHiresByEthnicity.Ethnicity<categorical>, NewHiresByRegion.Region<categorical>;0,1,0,1,0,1,0,1,0,1,0,1,0,0,0,1,0,1,0,1,0,1,0,1;0,0,0,0;16,261;138,175,129,192,213,242,277,253,266,213,147,32;0,0,0,0,0,0,0,0,0,0,0,0,1,0,0,0,0,0,0,0,0,0,0,0;67,135,185,165,167,180,147,203,179,300,192,83;2277;0,0,0,1,0,1,0,1,0,1,0,1,0,1;2277;0,1,0,1,0,0,0,1,0,1,0,1,0,1;1,0,0,0,0,0,0;0,0,1,0,0,0,0;0,0,0,0,1,0,0
1657538131702;842a466b-60c4-4153-a9b7-63ed026886f9;28;m;1;0;4;3;1;1;Jul;1;Jul;1657538158149;New Hires and New Hires Same Period Last Year (SPLY) (clusteredColumnChart) - deselected;Ethnicity.Ethnicity<categorical>, Region.Region<categorical>, Year.Year<categorical>;NewHiresByEthnicity.Ethnicity<categorical>, NewHiresByRegion.Region<categorical>;0,0,0,0,0,0,0,0,0,0,0,0,0,0,0,0,0,0,0,0,0,0,0,0;0,0,0,0;13,125,20,155,16,113,16,176,16,197,19,223,16,261,15,238,8,258,9,204,6,141,1,31;138,175,129,192,213,242,277,253,266,213,147,32;0,0,0,0,0,0,0,0,0,0,0,0,0,0,0,0,0,0,0,0,0,0,0,0;67,135,185,165,167,180,147,203,179,300,192,83;2277;0,0,0,1,0,1,0,1,0,1,0,1,0,1;2277;0,1,0,1,0,0,0,1,0,1,0,1,0,1;1,0,0,0,0,0,0;0,0,1,0,0,0,0;0,0,0,0,1,0,0
1657538133383;842a466b-60c4-4153-a9b7-63ed026886f9;28;m;1;0;4;3;1;1;Jul;1;Jul;1657538158149;New Hires and New Hires Same Period Last Year (SPLY) (clusteredColumnChart) - Month: Oct selected;NewHiresAndNewHiresSamePeriodLastYear(SPLY).Month<categorical>, Ethnicity.Ethnicity<categorical>, Region.Region<categorical>, Year.Year<categorical>;NewHiresByMonth(Full-Time/Part-Time).Month<categorical>, NewHiresByEthnicity.Ethnicity<categorical>, NewHiresByRegion.Region<categorical>;0,1,0,1,0,1,0,1,0,1,0,1,0,1,0,1,0,1,0,0,0,1,0,1;0,0,0,0;9,204;138,175,129,192,213,242,277,253,266,213,147,32;0,0,0,0,0,0,0,0,0,0,0,0,0,0,0,0,0,0,1,0,0,0,0,0;67,135,185,165,167,180,147,203,179,300,192,83;2277;0,0,0,1,0,1,0,1,0,1,0,1,0,1;2277;0,1,0,1,0,0,0,1,0,1,0,1,0,1;1,0,0,0,0,0,0;0,0,1,0,0,0,0;0,0,0,0,1,0,0
1657538134947;842a466b-60c4-4153-a9b7-63ed026886f9;28;m;1;0;4;3;1;1;Jul;1;Jul;1657538158149;New Hires and New Hires Same Period Last Year (SPLY) (clusteredColumnChart) - deselected;Ethnicity.Ethnicity<categorical>, Region.Region<categorical>, Year.Year<categorical>;NewHiresByEthnicity.Ethnicity<categorical>, NewHiresByRegion.Region<categorical>;0,0,0,0,0,0,0,0,0,0,0,0,0,0,0,0,0,0,0,0,0,0,0,0;0,0,0,0;13,125,20,155,16,113,16,176,16,197,19,223,16,261,15,238,8,258,9,204,6,141,1,31;138,175,129,192,213,242,277,253,266,213,147,32;0,0,0,0,0,0,0,0,0,0,0,0,0,0,0,0,0,0,0,0,0,0,0,0;67,135,185,165,167,180,147,203,179,300,192,83;2277;0,0,0,1,0,1,0,1,0,1,0,1,0,1;2277;0,1,0,1,0,0,0,1,0,1,0,1,0,1;1,0,0,0,0,0,0;0,0,1,0,0,0,0;0,0,0,0,1,0,0
1657538138483;842a466b-60c4-4153-a9b7-63ed026886f9;28;m;1;0;4;3;1;1;Jul;1;Jul;1657538158149;New Hires and New Hires Same Period Last Year (SPLY) (clusteredColumnChart) - Month: Oct, Oct selected;NewHiresAndNewHiresSamePeriodLastYear(SPLY).Month<categorical>, Ethnicity.Ethnicity<categorical>, Region.Region<categorical>, Year.Year<categorical>;NewHiresByMonth(Full-Time/Part-Time).Month<categorical>, NewHiresByEthnicity.Ethnicity<categorical>, NewHiresByRegion.Region<categorical>;0,1,0,1,0,1,0,1,0,1,0,1,0,1,0,1,0,1,0,0,0,1,0,1;0,0,0,0;9,204;138,175,129,192,213,242,277,253,266,213,147,32;0,0,0,0,0,0,0,0,0,0,0,0,0,0,0,0,0,0,1,0,0,0,0,0;67,135,185,165,167,180,147,203,179,300,192,83;2277;0,0,0,1,0,1,0,1,0,1,0,1,0,1;2277;0,1,0,1,0,0,0,1,0,1,0,1,0,1;1,0,0,0,0,0,0;0,0,1,0,0,0,0;0,0,0,0,1,0,0
1657538141601;842a466b-60c4-4153-a9b7-63ed026886f9;28;m;1;0;4;3;1;1;Jul;1;Jul;1657538158149;New Hires and New Hires Same Period Last Year (SPLY) (clusteredColumnChart) - deselected;Ethnicity.Ethnicity<categorical>, Region.Region<categorical>, Year.Year<categorical>;NewHiresByEthnicity.Ethnicity<categorical>, NewHiresByRegion.Region<categorical>;0,0,0,0,0,0,0,0,0,0,0,0,0,0,0,0,0,0,0,0,0,0,0,0;0,0,0,0;13,125,20,155,16,113,16,176,16,197,19,223,16,261,15,238,8,258,9,204,6,141,1,31;138,175,129,192,213,242,277,253,266,213,147,32;0,0,0,0,0,0,0,0,0,0,0,0,0,0,0,0,0,0,0,0,0,0,0,0;67,135,185,165,167,180,147,203,179,300,192,83;2277;0,0,0,1,0,1,0,1,0,1,0,1,0,1;2277;0,1,0,1,0,0,0,1,0,1,0,1,0,1;1,0,0,0,0,0,0;0,0,1,0,0,0,0;0,0,0,0,1,0,0
1657538160318;842a466b-60c4-4153-a9b7-63ed026886f9;28;m;1;0;4;3;7;4;Sep 2014;1;Sep 2014;1657538282206;Root;Year.Year<categorical>;;0,0,0,0,0,0,0,0,0,0,0,0,0,0,0,0,0,0,0,0,0,0,0,0;0,0,0,0;51,349,65,523,71,911,103,983,112,1146,89,1115,88,1233,92,1371,82,1194,139,1747,86,1226,56,550;400,588,982,1086,1258,1204,1321,1463,1276,1886,1312,606;0,0,0,0,0,0,0,0,0,0,0,0,0,0,0,0,0,0,0,0,0,0,0,0;225,268,445,420,531,565,477,908,997,1038,1115,418;9571,2416,663,430,220,63,19;0,0,0,0,0,0,0,0,0,0,0,0,0,0;2168,1851,2684,1224,2165,2025,1265;0,0,0,0,0,0,0,0,0,0,0,0,0,0;0,0,0,0,0,0,0;0,0,0,0,0,0,0;0,0,0,1,0,0,0
1657538168369;842a466b-60c4-4153-a9b7-63ed026886f9;28;m;1;0;4;3;7;4;Sep 2014;1;Sep 2014;1657538282206;New Hires by Month (Full-Time/Part-Time) (lineChart) - Month: Jun. FPDesc: Part-Time selected;NewHiresByMonth(Full-Time/Part-Time).Month<categorical>, NewHiresByMonth(Full-Time/Part-Time).FPDesc<categorical>, Year.Year<categorical>;;0,0,0,0,0,0,0,0,0,0,1,0,0,0,0,0,0,0,0,0,0,0,0,0;0,0,1,0;51,349,65,523,71,911,103,983,112,1146,89,1115,88,1233,92,1371,82,1194,139,1747,86,1226,56,550;400,588,982,1086,1258,1204,1321,1463,1276,1886,1312,606;0,0,0,0,0,0,0,0,0,0,0,0,0,0,0,0,0,0,0,0,0,0,0,0;225,268,445,420,531,565,477,908,997,1038,1115,418;9571,2416,663,430,220,63,19;0,0,0,0,0,0,0,0,0,0,0,0,0,0;2168,1851,2684,1224,2165,2025,1265;0,0,0,0,0,0,0,0,0,0,0,0,0,0;0,0,0,0,0,0,0;0,0,0,0,0,0,0;0,0,0,1,0,0,0
1657538169700;842a466b-60c4-4153-a9b7-63ed026886f9;28;m;1;0;4;3;7;4;Sep 2014;1;Sep 2014;1657538282206;New Hires by Month (Full-Time/Part-Time) (lineChart) - deselected;Year.Year<categorical>;;0,0,0,0,0,0,0,0,0,0,0,0,0,0,0,0,0,0,0,0,0,0,0,0;0,0,0,0;51,349,65,523,71,911,103,983,112,1146,89,1115,88,1233,92,1371,82,1194,139,1747,86,1226,56,550;400,588,982,1086,1258,1204,1321,1463,1276,1886,1312,606;0,0,0,0,0,0,0,0,0,0,0,0,0,0,0,0,0,0,0,0,0,0,0,0;225,268,445,420,531,565,477,908,997,1038,1115,418;9571,2416,663,430,220,63,19;0,0,0,0,0,0,0,0,0,0,0,0,0,0;2168,1851,2684,1224,2165,2025,1265;0,0,0,0,0,0,0,0,0,0,0,0,0,0;0,0,0,0,0,0,0;0,0,0,0,0,0,0;0,0,0,1,0,0,0
1657538174834;842a466b-60c4-4153-a9b7-63ed026886f9;28;m;1;0;4;3;7;4;Sep 2014;1;Sep 2014;1657538282206;New Hires by Month (Full-Time/Part-Time) (lineChart) - FPDesc: Part-Time selected;NewHiresByMonth(Full-Time/Part-Time).FPDesc<categorical>, Year.Year<categorical>;;0,0,0,0,0,0,0,0,0,0,0,0,0,0,0,0,0,0,0,0,0,0,0,0;0,0,1,0;51,349,65,523,71,911,103,983,112,1146,89,1115,88,1233,92,1371,82,1194,139,1747,86,1226,56,550;400,588,982,1086,1258,1204,1321,1463,1276,1886,1312,606;0,0,0,0,0,0,0,0,0,0,0,0,0,0,0,0,0,0,0,0,0,0,0,0;225,268,445,420,531,565,477,908,997,1038,1115,418;9571,2416,663,430,220,63,19;0,0,0,0,0,0,0,0,0,0,0,0,0,0;2168,1851,2684,1224,2165,2025,1265;0,0,0,0,0,0,0,0,0,0,0,0,0,0;0,0,0,0,0,0,0;0,0,0,0,0,0,0;0,0,0,1,0,0,0
1657538174869;842a466b-60c4-4153-a9b7-63ed026886f9;28;m;1;0;4;3;7;4;Sep 2014;1;Sep 2014;1657538282206;New Hires by Month (Full-Time/Part-Time) (lineChart) - deselected;Year.Year<categorical>;;0,0,0,0,0,0,0,0,0,0,0,0,0,0,0,0,0,0,0,0,0,0,0,0;0,0,0,0;51,349,65,523,71,911,103,983,112,1146,89,1115,88,1233,92,1371,82,1194,139,1747,86,1226,56,550;400,588,982,1086,1258,1204,1321,1463,1276,1886,1312,606;0,0,0,0,0,0,0,0,0,0,0,0,0,0,0,0,0,0,0,0,0,0,0,0;225,268,445,420,531,565,477,908,997,1038,1115,418;9571,2416,663,430,220,63,19;0,0,0,0,0,0,0,0,0,0,0,0,0,0;2168,1851,2684,1224,2165,2025,1265;0,0,0,0,0,0,0,0,0,0,0,0,0,0;0,0,0,0,0,0,0;0,0,0,0,0,0,0;0,0,0,1,0,0,0
1657538175772;842a466b-60c4-4153-a9b7-63ed026886f9;28;m;1;0;4;3;7;4;Sep 2014;1;Sep 2014;1657538282206;New Hires by Month (Full-Time/Part-Time) (lineChart) - FPDesc: Part-Time selected;NewHiresByMonth(Full-Time/Part-Time).FPDesc<categorical>, Year.Year<categorical>;;0,0,0,0,0,0,0,0,0,0,0,0,0,0,0,0,0,0,0,0,0,0,0,0;0,0,1,0;51,349,65,523,71,911,103,983,112,1146,89,1115,88,1233,92,1371,82,1194,139,1747,86,1226,56,550;400,588,982,1086,1258,1204,1321,1463,1276,1886,1312,606;0,0,0,0,0,0,0,0,0,0,0,0,0,0,0,0,0,0,0,0,0,0,0,0;225,268,445,420,531,565,477,908,997,1038,1115,418;9571,2416,663,430,220,63,19;0,0,0,0,0,0,0,0,0,0,0,0,0,0;2168,1851,2684,1224,2165,2025,1265;0,0,0,0,0,0,0,0,0,0,0,0,0,0;0,0,0,0,0,0,0;0,0,0,0,0,0,0;0,0,0,1,0,0,0
1657538184885;842a466b-60c4-4153-a9b7-63ed026886f9;28;m;1;0;4;3;7;4;Sep 2014;1;Sep 2014;1657538282206;Year (slicer) - Year: 2013, 2010 selected;NewHiresByMonth(Full-Time/Part-Time).FPDesc<categorical>, Year.Year<categorical>;;0,0,0,0,0,0,0,0,0,0,0,0,0,0,0,0,0,0,0,0,0,0,0,0;0,0,1,0;51,349,65,523,71,911,103,983,112,1146,89,1115,88,1233,92,1371,82,1194,139,1747,86,1226,56,550;400,588,982,1086,1258,1204,1321,1463,1276,1886,1312,606;0,0,0,0,0,0,0,0,0,0,0,0,0,0,0,0,0,0,0,0,0,0,0,0;225,268,445,420,531,565,477,908,997,1038,1115,418;9571,2416,663,430,220,63,19;0,0,0,0,0,0,0,0,0,0,0,0,0,0;2168,1851,2684,1224,2165,2025,1265;0,0,0,0,0,0,0,0,0,0,0,0,0,0;0,0,0,0,0,0,0;0,0,0,0,0,0,0;1,0,0,1,0,0,0
1657538185404;842a466b-60c4-4153-a9b7-63ed026886f9;28;m;1;0;4;3;7;4;Sep 2014;1;Sep 2014;1657538282206;Year (slicer) - Year: 2010, 2013, 2011 selected;NewHiresByMonth(Full-Time/Part-Time).FPDesc<categorical>, Year.Year<categorical>;;0,0,0,0,0,0,0,0,0,0,0,0,0,0,0,0,0,0,0,0,0,0,0,0;0,0,1,0;82,395,105,586,138,1056,187,1159,209,1347,170,1366,161,1418,189,1669,184,1475,214,2047,184,1536,92,671;400,588,982,1086,1258,1204,1321,1463,1276,1886,1312,606;0,0,0,0,0,0,0,0,0,0,0,0,0,0,0,0,0,0,0,0,0,0,0,0;225,268,445,420,531,565,477,908,997,1038,1115,418;9571,2416,663,430,220,63,19;0,0,0,0,0,0,0,0,0,0,0,0,0,0;2168,1851,2684,1224,2165,2025,1265;0,0,0,0,0,0,0,0,0,0,0,0,0,0;0,0,0,0,0,0,0;0,0,0,0,0,0,0;1,1,0,1,0,0,0
1657538185893;842a466b-60c4-4153-a9b7-63ed026886f9;28;m;1;0;4;3;7;4;Sep 2014;1;Sep 2014;1657538282206;Year (slicer) - Year: 2010, 2011, 2013, 2012 selected;NewHiresByMonth(Full-Time/Part-Time).FPDesc<categorical>, Year.Year<categorical>;;0,0,0,0,0,0,0,0,0,0,0,0,0,0,0,0,0,0,0,0,0,0,0,0;0,0,1,0;144,558,163,796,231,1408,280,1486,296,1791,257,1844,219,1837,295,2471,282,2374,321,2978,280,2555,134,1047;477,691,1194,1346,1556,1536,1579,1858,1659,2261,1720,763;0,0,0,0,0,0,0,0,0,0,0,0,0,0,0,0,0,0,0,0,0,0,0,0;225,268,445,420,531,565,477,908,997,1038,1115,418;12205,2732,796,516,290,78,23;0,0,0,0,0,0,0,0,0,0,0,0,0,0;2771,2330,3240,1505,2665,2521,1608;0,0,0,0,0,0,0,0,0,0,0,0,0,0;0,0,0,0,0,0,0;0,0,0,0,0,0,0;1,1,1,1,0,0,0
1657538186661;842a466b-60c4-4153-a9b7-63ed026886f9;28;m;1;0;4;3;7;4;Sep 2014;1;Sep 2014;1657538282206;Year (slicer) - Year: 2010, 2011, 2012, 2013, 2014 selected;NewHiresByMonth(Full-Time/Part-Time).FPDesc<categorical>, Year.Year<categorical>;;0,0,0,0,0,0,0,0,0,0,0,0,0,0,0,0,0,0,0,0,0,0,0,0;0,0,1,0;217,1259,240,1833,318,2567,404,2837,435,3638,357,3930,311,3706,386,4569,366,4502,396,5006,330,3966,151,1396;702,959,1639,1766,2087,2101,2056,2766,2656,3299,2835,1181;0,0,0,0,0,0,0,0,0,0,0,0,0,0,0,0,0,0,0,0,0,0,0,0;302,371,657,680,829,897,735,1303,1380,1413,1523,575;17713,3894,1146,735,425,105,29;0,0,0,0,0,0,0,0,0,0,0,0,0,0;4068,3422,4594,2031,3868,3711,2353;0,0,0,0,0,0,0,0,0,0,0,0,0,0;0,0,0,0,0,0,0;0,0,0,0,0,0,0;1,1,1,1,1,0,0
1657538187465;842a466b-60c4-4153-a9b7-63ed026886f9;28;m;1;0;4;3;7;4;Sep 2014;1;Sep 2014;1657538282206;Year (slicer) - Year: 2010, 2011, 2012, 2013, 2014, 2016 selected;NewHiresByMonth(Full-Time/Part-Time).FPDesc<categorical>, Year.Year<categorical>;;0,0,0,0,0,0,0,0,0,0,0,0,0,0,0,0,0,0,0,0,0,0,0,0;0,0,1,0;217,1259,240,1833,318,2567,404,2837,435,3638,357,3930,311,3706,386,4569,366,4502,396,5006,330,3966,151,1396;1476,2073,2885,3241,4073,4287,4017,4955,4868,5402,4296,1547;0,0,0,0,0,0,0,0,0,0,0,0,0,0,0,0,0,0,0,0,0,0,0,0;702,959,1639,1766,2087,2101,2056,2766,2656,3299,2835,1181;30313,8236,1999,1516,790,213,53;0,0,0,0,0,0,0,0,0,0,0,0,0,0;7306,6228,7764,3434,7095,7103,4190;0,0,0,0,0,0,0,0,0,0,0,0,0,0;0,0,0,0,0,0,0;0,0,0,0,0,0,0;1,1,1,1,1,0,1
1657538188658;842a466b-60c4-4153-a9b7-63ed026886f9;28;m;1;0;4;3;7;4;Sep 2014;1;Sep 2014;1657538282206;Year (slicer) - Year: 2010, 2011, 2012, 2013, 2014, 2016, 2015 selected;NewHiresByMonth(Full-Time/Part-Time).FPDesc<categorical>, Year.Year<categorical>;;0,0,0,0,0,0,0,0,0,0,0,0,0,0,0,0,0,0,0,0,0,0,0,0;0,0,1,0;217,1259,240,1833,318,2567,404,2837,435,3638,357,3930,311,3706,386,4569,366,4502,396,5006,330,3966,151,1396;1476,2073,2885,3241,4073,4287,4017,4955,4868,5402,4296,1547;0,0,0,0,0,0,0,0,0,0,0,0,0,0,0,0,0,0,0,0,0,0,0,0;702,959,1639,1766,2087,2101,2056,2766,2656,3299,2835,1181;30313,8236,1999,1516,790,213,53;0,0,0,0,0,0,0,0,0,0,0,0,0,0;7306,6228,7764,3434,7095,7103,4190;0,0,0,0,0,0,0,0,0,0,0,0,0,0;0,0,0,0,0,0,0;0,0,0,0,0,0,0;1,1,1,1,1,1,1
1657538199089;842a466b-60c4-4153-a9b7-63ed026886f9;28;m;1;0;4;3;7;4;Sep 2014;1;Sep 2014;1657538282206;Year (slicer) - deselected;NewHiresByMonth(Full-Time/Part-Time).FPDesc<categorical>;;0,0,0,0,0,0,0,0,0,0,0,0,0,0,0,0,0,0,0,0,0,0,0,0;0,0,1,0;217,1259,240,1833,318,2567,404,2837,435,3638,357,3930,311,3706,386,4569,366,4502,396,5006,330,3966,151,1396;1476,2073,2885,3241,4073,4287,4017,4955,4868,5402,4296,1547;0,0,0,0,0,0,0,0,0,0,0,0,0,0,0,0,0,0,0,0,0,0,0,0;1476,2073,2885,3241,4073,4287,4017,4955,4868,5402,4296,1547;30313,8236,1999,1516,790,213,53;0,0,0,0,0,0,0,0,0,0,0,0,0,0;7306,6228,7764,3434,7095,7103,4190;0,0,0,0,0,0,0,0,0,0,0,0,0,0;0,0,0,0,0,0,0;0,0,0,0,0,0,0;0,0,0,0,0,0,0
1657538202525;842a466b-60c4-4153-a9b7-63ed026886f9;28;m;1;0;4;3;7;4;Sep 2014;1;Sep 2014;1657538282206;Year (slicer) - Year: 2010 selected;NewHiresByMonth(Full-Time/Part-Time).FPDesc<categorical>, Year.Year<categorical>;NewHiresByMonth(Full-Time/Part-Time).Month<categorical>, NewHiresByMonth(Full-Time/Part-Time).FPDesc<categorical>;0,1,0,1,0,1,0,1,0,1,0,1,0,1,0,1,0,1,0,1,0,1,0,1;0,1,1,1;0;1476,2073,2885,3241,4073,4287,4017,4955,4868,5402,4296,1547;0,0,0,0,0,0,0,0,0,0,0,0,0,0,0,0,0,0,0,0,0,0,0,0;1476,2073,2885,3241,4073,4287,4017,4955,4868,5402,4296,1547;30313,8236,1999,1516,790,213,53;0,0,0,0,0,0,0,0,0,0,0,0,0,0;7306,6228,7764,3434,7095,7103,4190;0,0,0,0,0,0,0,0,0,0,0,0,0,0;0,0,0,0,0,0,0;0,0,0,0,0,0,0;1,0,0,0,0,0,0
1657538205385;842a466b-60c4-4153-a9b7-63ed026886f9;28;m;1;0;4;3;7;4;Sep 2014;1;Sep 2014;1657538282206;Year (slicer) - Year: 2011 selected;NewHiresByMonth(Full-Time/Part-Time).FPDesc<categorical>, Year.Year<categorical>;NewHiresAndNewHiresSamePeriodLastYear(SPLY).Month<categorical>, NewHiresByEthnicity.Ethnicity<categorical>, NewHiresByRegion.Region<categorical>;0,0,0,0,0,0,0,0,0,0,0,0,0,0,0,0,0,0,0,0,0,0,0,0;0,0,1,0;31,46,40,63,67,145,84,176,97,201,81,251,73,185,97,298,102,281,75,300,98,310,36,121;0;0,1,0,1,0,1,0,1,0,1,0,1,0,1,0,1,0,1,0,1,0,1,0,1;0;0;0,1,0,1,0,1,0,1,0,1,0,1,0,1;0;0,1,0,1,0,1,0,1,0,1,0,1,0,1;0,0,0,0,0,0,0;0,0,0,0,0,0,0;0,1,0,0,0,0,0
1657538212597;842a466b-60c4-4153-a9b7-63ed026886f9;28;m;1;0;4;3;7;4;Sep 2014;1;Sep 2014;1657538282206;Year (slicer) - Year: 2012 selected;NewHiresByMonth(Full-Time/Part-Time).FPDesc<categorical>, Year.Year<categorical>;;0,0,0,0,0,0,0,0,0,0,0,0,0,0,0,0,0,0,0,0,0,0,0,0;0,0,1,0;62,163,58,210,93,352,93,327,87,444,87,478,58,419,106,802,98,899,107,931,96,1019,42,376;77,103,212,260,298,332,258,395,383,375,408,157;0,0,0,0,0,0,0,0,0,0,0,0,0,0,0,0,0,0,0,0,0,0,0,0;0;2634,316,133,86,70,15,4;0,0,0,0,0,0,0,0,0,0,0,0,0,0;603,479,556,281,500,496,343;0,0,0,0,0,0,0,0,0,0,0,0,0,0;0,0,0,0,0,0,0;0,0,0,0,0,0,0;0,0,1,0,0,0,0
1657538214246;842a466b-60c4-4153-a9b7-63ed026886f9;28;m;1;0;4;3;7;4;Sep 2014;1;Sep 2014;1657538282206;Year (slicer) - Year: 2011 selected;NewHiresByMonth(Full-Time/Part-Time).FPDesc<categorical>, Year.Year<categorical>;;0,0,0,0,0,0,0,0,0,0,0,0,0,0,0,0,0,0,0,0,0,0,0,0;0,0,1,0;31,46,40,63,67,145,84,176,97,201,81,251,73,185,97,298,102,281,75,300,98,310,36,121;77,103,212,260,298,332,258,395,383,375,408,157;0,0,0,0,0,0,0,0,0,0,0,0,0,0,0,0,0,0,0,0,0,0,0,0;0;2634,316,133,86,70,15,4;0,0,0,0,0,0,0,0,0,0,0,0,0,0;603,479,556,281,500,496,343;0,0,0,0,0,0,0,0,0,0,0,0,0,0;0,0,0,0,0,0,0;0,0,0,0,0,0,0;0,1,0,0,0,0,0
1657538214881;842a466b-60c4-4153-a9b7-63ed026886f9;28;m;1;0;4;3;7;4;Sep 2014;1;Sep 2014;1657538282206;Year (slicer) - Year: 2012 selected;NewHiresByMonth(Full-Time/Part-Time).FPDesc<categorical>, Year.Year<categorical>;;0,0,0,0,0,0,0,0,0,0,0,0,0,0,0,0,0,0,0,0,0,0,0,0;0,0,1,0;62,163,58,210,93,352,93,327,87,444,87,478,58,419,106,802,98,899,107,931,96,1019,42,376;225,268,445,420,531,565,477,908,997,1038,1115,418;0,0,0,0,0,0,0,0,0,0,0,0,0,0,0,0,0,0,0,0,0,0,0,0;77,103,212,260,298,332,258,395,383,375,408,157;5508,1162,350,219,135,27,6;0,0,0,0,0,0,0,0,0,0,0,0,0,0;1297,1092,1354,526,1203,1190,745;0,0,0,0,0,0,0,0,0,0,0,0,0,0;0,0,0,0,0,0,0;0,0,0,0,0,0,0;0,0,1,0,0,0,0
1657538229220;842a466b-60c4-4153-a9b7-63ed026886f9;28;m;1;0;4;3;7;4;Sep 2014;1;Sep 2014;1657538282206;Year (slicer) - Year: 2013 selected;NewHiresByMonth(Full-Time/Part-Time).FPDesc<categorical>, Year.Year<categorical>;;0,0,0,0,0,0,0,0,0,0,0,0,0,0,0,0,0,0,0,0,0,0,0,0;0,0,1,0;51,349,65,523,71,911,103,983,112,1146,89,1115,88,1233,92,1371,82,1194,139,1747,86,1226,56,550;400,588,982,1086,1258,1204,1321,1463,1276,1886,1312,606;0,0,0,0,0,0,0,0,0,0,0,0,0,0,0,0,0,0,0,0,0,0,0,0;225,268,445,420,531,565,477,908,997,1038,1115,418;9571,2416,663,430,220,63,19;0,0,0,0,0,0,0,0,0,0,0,0,0,0;2168,1851,2684,1224,2165,2025,1265;0,0,0,0,0,0,0,0,0,0,0,0,0,0;0,0,0,0,0,0,0;0,0,0,0,0,0,0;0,0,0,1,0,0,0
1657538240380;842a466b-60c4-4153-a9b7-63ed026886f9;28;m;1;0;4;3;7;4;Sep 2014;1;Sep 2014;1657538282206;Year (slicer) - Year: 2014 selected;NewHiresByMonth(Full-Time/Part-Time).FPDesc<categorical>, Year.Year<categorical>;;0,0,0,0,0,0,0,0,0,0,0,0,0,0,0,0,0,0,0,0,0,0,0,0;0,0,1,0;73,701,77,1037,87,1159,124,1351,139,1847,100,2086,92,1869,91,2098,84,2128,75,2028,50,1411,17,349;400,588,982,1086,1258,1204,1321,1463,1276,1886,1312,606;0,0,0,0,0,0,0,0,0,0,0,0,0,0,0,0,0,0,0,0,0,0,0,0;225,268,445,420,531,565,477,908,997,1038,1115,418;9571,2416,663,430,220,63,19;0,0,0,0,0,0,0,0,0,0,0,0,0,0;2168,1851,2684,1224,2165,2025,1265;0,0,0,0,0,0,0,0,0,0,0,0,0,0;0,0,0,0,0,0,0;0,0,0,0,0,0,0;0,0,0,0,1,0,0
1657538258031;842a466b-60c4-4153-a9b7-63ed026886f9;28;m;1;0;4;3;7;4;Sep 2014;1;Sep 2014;1657538282206;Year (slicer) - Year: 2015 selected;NewHiresByMonth(Full-Time/Part-Time).FPDesc<categorical>, Year.Year<categorical>;NewHiresByMonth(Full-Time/Part-Time).Month<categorical>, NewHiresByMonth(Full-Time/Part-Time).FPDesc<categorical>;0,1,0,1,0,1,0,1,0,1,0,1,0,1,0,1,0,1,0,1,0,1,0,1;0,1,1,1;0;774,1114,1246,1475,1986,2186,1961,2189,2212,2103,1461,366;0,0,0,0,0,0,0,0,0,0,0,0,0,0,0,0,0,0,0,0,0,0,0,0;400,588,982,1086,1258,1204,1321,1463,1276,1886,1312,606;12600,4342,853,781,365,108,24;0,0,0,0,0,0,0,0,0,0,0,0,0,0;3238,2806,3170,1403,3227,3392,1837;0,0,0,0,0,0,0,0,0,0,0,0,0,0;0,0,0,0,0,0,0;0,0,0,0,0,0,0;0,0,0,0,0,1,0
1657538261500;842a466b-60c4-4153-a9b7-63ed026886f9;28;m;1;0;4;3;7;4;Sep 2014;1;Sep 2014;1657538282206;Year (slicer) - Year: 2016 selected;NewHiresByMonth(Full-Time/Part-Time).FPDesc<categorical>, Year.Year<categorical>;NewHiresByMonth(Full-Time/Part-Time).Month<categorical>, NewHiresByMonth(Full-Time/Part-Time).FPDesc<categorical>, NewHiresByEthnicity.Ethnicity<categorical>, NewHiresByRegion.Region<categorical>;0,1,0,1,0,1,0,1,0,1,0,1,0,1,0,1,0,1,0,1,0,1,0,1;0,1,1,1;0;0;0,0,0,0,0,0,0,0,0,0,0,0,0,0,0,0,0,0,0,0,0,0,0,0;774,1114,1246,1475,1986,2186,1961,2189,2212,2103,1461,366;0;0,1,0,1,0,1,0,1,0,1,0,1,0,1;0;0,1,0,1,0,1,0,1,0,1,0,1,0,1;0,0,0,0,0,0,0;0,0,0,0,0,0,0;0,0,0,0,0,0,1
1657538262349;842a466b-60c4-4153-a9b7-63ed026886f9;28;m;1;0;4;3;7;4;Sep 2014;1;Sep 2014;1657538282206;Year (slicer) - Year: 2015 selected;NewHiresByMonth(Full-Time/Part-Time).FPDesc<categorical>, Year.Year<categorical>;NewHiresByMonth(Full-Time/Part-Time).Month<categorical>, NewHiresByMonth(Full-Time/Part-Time).FPDesc<categorical>, NewHiresByEthnicity.Ethnicity<categorical>, NewHiresByRegion.Region<categorical>;0,1,0,1,0,1,0,1,0,1,0,1,0,1,0,1,0,1,0,1,0,1,0,1;0,1,1,1;0;0;0,0,0,0,0,0,0,0,0,0,0,0,0,0,0,0,0,0,0,0,0,0,0,0;774,1114,1246,1475,1986,2186,1961,2189,2212,2103,1461,366;0;0,1,0,1,0,1,0,1,0,1,0,1,0,1;0;0,1,0,1,0,1,0,1,0,1,0,1,0,1;0,0,0,0,0,0,0;0,0,0,0,0,0,0;0,0,0,0,0,1,0
1657538270164;842a466b-60c4-4153-a9b7-63ed026886f9;28;m;1;0;4;3;7;4;Sep 2014;1;Sep 2014;1657538282206;Year (slicer) - Year: 2014 selected;NewHiresByMonth(Full-Time/Part-Time).FPDesc<categorical>, Year.Year<categorical>;;0,0,0,0,0,0,0,0,0,0,0,0,0,0,0,0,0,0,0,0,0,0,0,0;0,0,1,0;73,701,77,1037,87,1159,124,1351,139,1847,100,2086,92,1869,91,2098,84,2128,75,2028,50,1411,17,349;774,1114,1246,1475,1986,2186,1961,2189,2212,2103,1461,366;0,0,0,0,0,0,0,0,0,0,0,0,0,0,0,0,0,0,0,0,0,0,0,0;400,588,982,1086,1258,1204,1321,1463,1276,1886,1312,606;12600,4342,853,781,365,108,24;0,0,0,0,0,0,0,0,0,0,0,0,0,0;3238,2806,3170,1403,3227,3392,1837;0,0,0,0,0,0,0,0,0,0,0,0,0,0;0,0,0,0,0,0,0;0,0,0,0,0,0,0;0,0,0,0,1,0,0
1657538284369;842a466b-60c4-4153-a9b7-63ed026886f9;28;m;1;0;4;3;8;4;South;1;South;1657538354941;Root;Year.Year<categorical>;;0,0,0,0,0,0,0,0,0,0,0,0,0,0,0,0,0,0,0,0,0,0,0,0;0,0,0,0;51,349,65,523,71,911,103,983,112,1146,89,1115,88,1233,92,1371,82,1194,139,1747,86,1226,56,550;400,588,982,1086,1258,1204,1321,1463,1276,1886,1312,606;0,0,0,0,0,0,0,0,0,0,0,0,0,0,0,0,0,0,0,0,0,0,0,0;225,268,445,420,531,565,477,908,997,1038,1115,418;9571,2416,663,430,220,63,19;0,0,0,0,0,0,0,0,0,0,0,0,0,0;2168,1851,2684,1224,2165,2025,1265;0,0,0,0,0,0,0,0,0,0,0,0,0,0;0,0,0,0,0,0,0;0,0,0,0,0,0,0;0,0,0,1,0,0,0
1657538290260;842a466b-60c4-4153-a9b7-63ed026886f9;28;m;1;0;4;3;8;4;South;1;South;1657538354941;Year (slicer) - Year: 2012 selected;Year.Year<categorical>;;0,0,0,0,0,0,0,0,0,0,0,0,0,0,0,0,0,0,0,0,0,0,0,0;0,0,0,0;62,163,58,210,93,352,93,327,87,444,87,478,58,419,106,802,98,899,107,931,96,1019,42,376;400,588,982,1086,1258,1204,1321,1463,1276,1886,1312,606;0,0,0,0,0,0,0,0,0,0,0,0,0,0,0,0,0,0,0,0,0,0,0,0;225,268,445,420,531,565,477,908,997,1038,1115,418;9571,2416,663,430,220,63,19;0,0,0,0,0,0,0,0,0,0,0,0,0,0;2168,1851,2684,1224,2165,2025,1265;0,0,0,0,0,0,0,0,0,0,0,0,0,0;0,0,0,0,0,0,0;0,0,0,0,0,0,0;0,0,1,0,0,0,0
1657538298919;842a466b-60c4-4153-a9b7-63ed026886f9;28;m;1;0;4;3;8;4;South;1;South;1657538354941;Region (slicer) - Region: North selected;Region.Region<categorical>, Year.Year<categorical>;;0,0,0,0,0,0,0,0,0,0,0,0,0,0,0,0,0,0,0,0,0,0,0,0;0,0,0,0;6,34,2,31,23,79,19,77,10,93,16,103,5,63,17,161,14,161,10,148,14,145,8,58;225,268,445,420,531,565,477,908,997,1038,1115,418;0,0,0,0,0,0,0,0,0,0,0,0,0,0,0,0,0,0,0,0,0,0,0,0;77,103,212,260,298,332,258,395,383,375,408,157;5508,1162,350,219,135,27,6;0,0,0,0,0,0,0,0,0,0,0,0,0,0;1297,1092,1354,526,1203,1190,745;0,0,0,0,0,0,0,0,0,0,0,0,0,0;0,0,0,0,0,0,0;1,0,0,0,0,0,0;0,0,1,0,0,0,0
1657538315927;842a466b-60c4-4153-a9b7-63ed026886f9;28;m;1;0;4;3;8;4;South;1;South;1657538354941;Region (slicer) - deselected;Year.Year<categorical>;;0,0,0,0,0,0,0,0,0,0,0,0,0,0,0,0,0,0,0,0,0,0,0,0;0,0,0,0;62,163,58,210,93,352,93,327,87,444,87,478,58,419,106,802,98,899,107,931,96,1019,42,376;225,268,445,420,531,565,477,908,997,1038,1115,418;0,0,0,0,0,0,0,0,0,0,0,0,0,0,0,0,0,0,0,0,0,0,0,0;77,103,212,260,298,332,258,395,383,375,408,157;5508,1162,350,219,135,27,6;0,0,0,0,0,0,0,0,0,0,0,0,0,0;1297,1092,1354,526,1203,1190,745;0,0,0,0,0,0,0,0,0,0,0,0,0,0;0,0,0,0,0,0,0;0,0,0,0,0,0,0;0,0,1,0,0,0,0
1657538316681;842a466b-60c4-4153-a9b7-63ed026886f9;28;m;1;0;4;3;8;4;South;1;South;1657538354941;Region (slicer) - Region: Midwest selected;Region.Region<categorical>, Year.Year<categorical>;;0,0,0,0,0,0,0,0,0,0,0,0,0,0,0,0,0,0,0,0,0,0,0,0;0,0,0,0;4,35,6,49,7,62,5,51,12,74,8,71,5,65,10,133,9,139,9,162,9,106,4,57;225,268,445,420,531,565,477,908,997,1038,1115,418;0,0,0,0,0,0,0,0,0,0,0,0,0,0,0,0,0,0,0,0,0,0,0,0;77,103,212,260,298,332,258,395,383,375,408,157;5508,1162,350,219,135,27,6;0,0,0,0,0,0,0,0,0,0,0,0,0,0;1297,1092,1354,526,1203,1190,745;0,0,0,0,0,0,0,0,0,0,0,0,0,0;0,0,0,0,0,0,0;0,1,0,0,0,0,0;0,0,1,0,0,0,0
1657538318883;842a466b-60c4-4153-a9b7-63ed026886f9;28;m;1;0;4;3;8;4;South;1;South;1657538354941;Region (slicer) - Region: Northwest selected;Region.Region<categorical>, Year.Year<categorical>;NewHiresByRegion.Region<categorical>;0,0,0,0,0,0,0,0,0,0,0,0,0,0,0,0,0,0,0,0,0,0,0,0;0,0,0,0;11,20,11,23,18,47,27,52,10,76,20,90,14,55,25,113,14,127,32,202,24,266,9,68;39,55,69,56,86,79,70,143,148,171,115,61;0,0,0,0,0,0,0,0,0,0,0,0,0,0,0,0,0,0,0,0,0,0,0,0;9,14,27,35,41,35,33,61,68,72,64,20;1055,216,34,25,18,3,3;0,0,0,0,0,0,0,0,0,0,0,0,0,0;1354;0,1,0,1,0,0,0,1,0,1,0,1,0,1;0,0,0,0,0,0,0;0,0,1,0,0,0,0;0,0,1,0,0,0,0
1657538320528;842a466b-60c4-4153-a9b7-63ed026886f9;28;m;1;0;4;3;8;4;South;1;South;1657538354941;Region (slicer) - Region: East selected;Region.Region<categorical>, Year.Year<categorical>;NewHiresByEthnicity.Ethnicity<categorical>, NewHiresByRegion.Region<categorical>;0,0,0,0,0,0,0,0,0,0,0,0,0,0,0,0,0,0,0,0,0,0,0,0;0,0,0,0;15,17,20,10,15,4,15,12,22,17,21,28,10,29,21,26,23,30,26,51,17,49,8,40;32,30,19,27,39,49,39,47,53,77,66,48;0,0,0,0,0,0,0,0,0,0,0,0,0,0,0,0,0,0,0,0,0,0,0,0;11,11,16,17,16,30,22,28,35,35,42,18;374,83,31,23,15;0,0,0,0,0,0,0,0,0,0,0,1,0,1;526;0,1,0,1,0,1,0,0,0,1,0,1,0,1;0,0,0,0,0,0,0;0,0,0,1,0,0,0;0,0,1,0,0,0,0
1657538322401;842a466b-60c4-4153-a9b7-63ed026886f9;28;m;1;0;4;3;8;4;South;1;South;1657538354941;Region (slicer) - Region: Central selected;Region.Region<categorical>, Year.Year<categorical>;NewHiresByEthnicity.Ethnicity<categorical>, NewHiresByRegion.Region<categorical>;0,0,0,0,0,0,0,0,0,0,0,0,0,0,0,0,0,0,0,0,0,0,0,0;0,0,0,0;13,17,9,26,13,57,15,63,17,72,9,59,6,60,13,127,14,115,17,184,13,222,5,57;32,30,19,27,39,49,39,47,53,77,66,48;0,0,0,0,0,0,0,0,0,0,0,0,0,0,0,0,0,0,0,0,0,0,0,0;11,11,16,17,16,30,22,28,35,35,42,18;374,83,31,23,15;0,0,0,0,0,0,0,0,0,0,0,1,0,1;526;0,1,0,1,0,1,0,0,0,1,0,1,0,1;0,0,0,0,0,0,0;0,0,0,0,1,0,0;0,0,1,0,0,0,0
1657538323638;842a466b-60c4-4153-a9b7-63ed026886f9;28;m;1;0;4;3;8;4;South;1;South;1657538354941;Region (slicer) - Region: South selected;Region.Region<categorical>, Year.Year<categorical>;NewHiresByRegion.Region<categorical>;0,0,0,0,0,0,0,0,0,0,0,0,0,0,0,0,0,0,0,0,0,0,0,0;0,0,0,0;8,27,6,52,11,66,8,47,9,74,8,80,8,68,8,145,14,211,10,132,12,120,8,58;35,58,77,55,83,88,76,153,225,142,132,66;0,0,0,0,0,0,0,0,0,0,0,0,0,0,0,0,0,0,0,0,0,0,0,0;9,14,32,56,56,57,52,45,41,51,59,24;770,297,55,44,19,4,1;0,0,0,0,0,0,0,0,0,0,0,0,0,0;1190;0,1,0,1,0,1,0,1,0,1,0,0,0,1;0,0,0,0,0,0,0;0,0,0,0,0,1,0;0,0,1,0,0,0,0
1657538332087;842a466b-60c4-4153-a9b7-63ed026886f9;28;m;1;0;4;3;8;4;South;1;South;1657538354941;Region (slicer) - Region: West selected;Region.Region<categorical>, Year.Year<categorical>;NewHiresByRegion.Region<categorical>;0,0,0,0,0,0,0,0,0,0,0,0,0,0,0,0,0,0,0,0,0,0,0,0;0,0,0,0;5,13,4,19,6,37,4,25,7,38,5,47,10,79,12,97,10,116,3,52,7,111,38;35,58,77,55,83,88,76,153,225,142,132,66;0,0,0,0,0,0,0,0,0,0,0,0,0,0,0,0,0,0,0,0,0,0,0,0;9,14,32,56,56,57,52,45,41,51,59,24;770,297,55,44,19,4,1;0,0,0,0,0,0,0,0,0,0,0,0,0,0;1190;0,1,0,1,0,1,0,1,0,1,0,0,0,1;0,0,0,0,0,0,0;0,0,0,0,0,0,1;0,0,1,0,0,0,0
1657538345299;842a466b-60c4-4153-a9b7-63ed026886f9;28;m;1;0;4;3;8;4;South;1;South;1657538354941;Region (slicer) - Region: South selected;Region.Region<categorical>, Year.Year<categorical>;NewHiresByRegion.Region<categorical>;0,0,0,0,0,0,0,0,0,0,0,0,0,0,0,0,0,0,0,0,0,0,0,0;0,0,0,0;8,27,6,52,11,66,8,47,9,74,8,80,8,68,8,145,14,211,10,132,12,120,8,58;35,58,77,55,83,88,76,153,225,142,132,66;0,0,0,0,0,0,0,0,0,0,0,0,0,0,0,0,0,0,0,0,0,0,0,0;9,14,32,56,56,57,52,45,41,51,59,24;770,297,55,44,19,4,1;0,0,0,0,0,0,0,0,0,0,0,0,0,0;1190;0,1,0,1,0,1,0,1,0,1,0,0,0,1;0,0,0,0,0,0,0;0,0,0,0,0,1,0;0,0,1,0,0,0,0
